model,intervention,image_identifier,cosine_stability
resnet50,grayscale,632,0.8595777750015259
resnet50,grayscale,131,0.8676074743270874
resnet50,grayscale,7081,0.8080141544342041
resnet50,grayscale,1836,0.7608326077461243
resnet50,grayscale,6437,0.926206648349762
resnet50,grayscale,6609,0.7802611589431763
resnet50,grayscale,3467,0.7031735777854919
resnet50,grayscale,1401,0.8401118516921997
resnet50,grayscale,1839,0.9284840822219849
resnet50,grayscale,4168,0.8386340141296387
resnet50,grayscale,35,0.8080525398254395
resnet50,grayscale,4177,0.7920005321502686
resnet50,grayscale,7270,0.7190297842025757
resnet50,grayscale,2265,0.6790907382965088
resnet50,grayscale,3288,0.7775090336799622
resnet50,grayscale,5451,0.8253713846206665
resnet50,grayscale,4023,0.7267311811447144
resnet50,grayscale,261,0.7741904258728027
resnet50,grayscale,4570,0.8249012231826782
resnet50,grayscale,4966,0.754490852355957
resnet50,grayscale,7955,0.8118926286697388
resnet50,grayscale,6288,0.7932971715927124
resnet50,grayscale,7810,0.8954511284828186
resnet50,grayscale,1927,0.8982591032981873
resnet50,grayscale,1871,0.7761824727058411
resnet50,grayscale,6922,0.8243799805641174
resnet50,grayscale,3512,0.8025969862937927
resnet50,grayscale,4754,0.7392349243164062
resnet50,grayscale,714,0.7898772358894348
resnet50,grayscale,2191,0.7615638971328735
resnet50,grayscale,4615,0.8348956108093262
resnet50,grayscale,4662,0.9119145274162292
resnet50,grayscale,5915,0.6630083918571472
resnet50,grayscale,766,0.6066792011260986
resnet50,grayscale,5218,0.9108383655548096
resnet50,grayscale,2340,0.8824214935302734
resnet50,grayscale,1954,0.7975695133209229
resnet50,grayscale,7875,0.7118935585021973
resnet50,grayscale,3418,0.8326877951622009
resnet50,grayscale,5572,0.8143041729927063
resnet50,grayscale,5977,0.6105345487594604
resnet50,grayscale,5123,0.6934131979942322
resnet50,grayscale,5851,0.938812792301178
resnet50,grayscale,4094,0.777746319770813
resnet50,grayscale,4254,0.7623054385185242
resnet50,grayscale,2501,0.7577536702156067
resnet50,grayscale,6938,0.8116195201873779
resnet50,grayscale,171,0.8238813877105713
resnet50,grayscale,4215,0.5042277574539185
resnet50,grayscale,5705,0.8332515954971313
resnet50,grayscale,3458,0.8338898420333862
resnet50,grayscale,1220,0.6949770450592041
resnet50,grayscale,962,0.7392373085021973
resnet50,grayscale,2950,0.769176185131073
resnet50,grayscale,2623,0.6811529397964478
resnet50,grayscale,4539,0.9239416718482971
resnet50,grayscale,1553,0.896226704120636
resnet50,grayscale,4740,0.7135531306266785
resnet50,grayscale,6844,0.8371691107749939
resnet50,grayscale,2668,0.7144792079925537
resnet50,grayscale,3153,0.636139452457428
resnet50,grayscale,5135,0.8222129344940186
resnet50,grayscale,2291,0.7468481063842773
resnet50,grayscale,116,0.7023582458496094
resnet50,grayscale,7797,0.7315210700035095
resnet50,grayscale,4609,0.7734554409980774
resnet50,grayscale,81,0.9999998211860657
resnet50,grayscale,5580,0.7244901657104492
resnet50,grayscale,3024,0.7601737380027771
resnet50,grayscale,2766,0.8866872787475586
resnet50,grayscale,5000,0.8251398801803589
resnet50,grayscale,2610,0.8234531283378601
resnet50,grayscale,2024,0.695228099822998
resnet50,grayscale,6097,0.6114509105682373
resnet50,grayscale,964,0.8804688453674316
resnet50,grayscale,7634,0.956992506980896
resnet50,grayscale,6434,0.7788087129592896
resnet50,grayscale,5183,0.8352279663085938
resnet50,grayscale,6986,0.8233028650283813
resnet50,grayscale,645,0.8296287059783936
resnet50,grayscale,3347,0.8548793792724609
resnet50,grayscale,5677,0.8686240315437317
resnet50,grayscale,3412,0.7820132970809937
resnet50,grayscale,3937,0.8190198540687561
resnet50,grayscale,873,0.887115478515625
resnet50,grayscale,2167,0.7719684839248657
resnet50,grayscale,6490,0.7100118398666382
resnet50,grayscale,738,0.8097575902938843
resnet50,grayscale,6616,0.8601252436637878
resnet50,grayscale,4093,0.8713048696517944
resnet50,grayscale,5788,0.7092249989509583
resnet50,grayscale,7818,0.9085097312927246
resnet50,grayscale,304,0.6169660091400146
resnet50,grayscale,2082,0.6892611980438232
resnet50,grayscale,2746,0.6937475800514221
resnet50,grayscale,7944,0.578596293926239
resnet50,grayscale,6689,0.772822380065918
resnet50,grayscale,2414,0.7108467221260071
resnet50,grayscale,3779,0.871779203414917
resnet50,grayscale,2095,0.7707951068878174
resnet50,grayscale,7262,0.8013954162597656
resnet50,grayscale,5694,0.9131171703338623
resnet50,grayscale,7413,0.869986891746521
resnet50,grayscale,6805,0.7021651268005371
resnet50,grayscale,3446,0.6782330274581909
resnet50,grayscale,2807,0.6351126432418823
resnet50,grayscale,7940,0.7660597562789917
resnet50,grayscale,4172,0.6916536092758179
resnet50,grayscale,7744,0.7661112546920776
resnet50,grayscale,1586,0.8845913410186768
resnet50,grayscale,7999,0.7017924189567566
resnet50,grayscale,6349,0.7610800266265869
resnet50,grayscale,6594,0.868861198425293
resnet50,grayscale,2109,0.8333587050437927
resnet50,grayscale,3079,0.6865509152412415
resnet50,grayscale,2070,0.5795746445655823
resnet50,grayscale,319,0.82765132188797
resnet50,grayscale,2888,0.9121394157409668
resnet50,grayscale,6224,0.7760195732116699
resnet50,grayscale,3353,0.8304254412651062
resnet50,grayscale,6244,0.7889184355735779
resnet50,grayscale,4704,0.7962186932563782
resnet50,grayscale,2427,0.7326825857162476
resnet50,grayscale,7995,0.748873233795166
resnet50,grayscale,1124,0.6963188648223877
resnet50,grayscale,6733,0.5865521430969238
resnet50,grayscale,2062,0.9202498197555542
resnet50,grayscale,805,0.7998836636543274
resnet50,grayscale,2028,0.7378519177436829
resnet50,grayscale,2392,0.8391166925430298
resnet50,grayscale,3292,0.7977232933044434
resnet50,grayscale,1440,0.849479079246521
resnet50,grayscale,1115,0.8348947763442993
resnet50,grayscale,4242,0.8187759518623352
resnet50,grayscale,2230,0.760921835899353
resnet50,grayscale,3163,0.839260995388031
resnet50,grayscale,545,0.8216472864151001
resnet50,grayscale,3863,0.9152917861938477
resnet50,grayscale,4748,0.8961809873580933
resnet50,grayscale,2399,0.8281229138374329
resnet50,grayscale,4341,0.7237764000892639
resnet50,grayscale,3078,0.9704874753952026
resnet50,grayscale,3763,0.812385082244873
resnet50,grayscale,2958,0.7992172837257385
resnet50,grayscale,6381,0.9201474189758301
resnet50,grayscale,1640,0.8082367777824402
resnet50,grayscale,1783,0.7071302533149719
resnet50,grayscale,3914,0.8291268348693848
resnet50,grayscale,1534,0.9721095561981201
resnet50,grayscale,685,0.817030131816864
resnet50,grayscale,4617,0.8065211176872253
resnet50,grayscale,5508,0.9159258008003235
resnet50,grayscale,1022,0.8440062403678894
resnet50,grayscale,1230,0.7645235061645508
resnet50,grayscale,7475,0.7472354769706726
resnet50,grayscale,5756,0.9932699203491211
resnet50,grayscale,3122,0.6895317435264587
resnet50,grayscale,7202,0.5960911512374878
resnet50,grayscale,4723,0.8686800003051758
resnet50,grayscale,1552,0.8346495032310486
resnet50,grayscale,603,0.9108545780181885
resnet50,grayscale,2861,0.9999998807907104
resnet50,grayscale,6426,0.9634786248207092
resnet50,grayscale,7864,0.632490336894989
resnet50,grayscale,5729,0.7001546025276184
resnet50,grayscale,7474,0.6176112294197083
resnet50,grayscale,4298,0.8993394374847412
resnet50,grayscale,1175,0.9101625084877014
resnet50,grayscale,3454,0.9366504549980164
resnet50,grayscale,2754,0.7271822690963745
resnet50,grayscale,855,0.8238580226898193
resnet50,grayscale,2854,0.7381961345672607
resnet50,grayscale,5092,0.7193366885185242
resnet50,grayscale,5590,0.8202152252197266
resnet50,grayscale,4463,0.8071962594985962
resnet50,grayscale,5318,0.7937647104263306
resnet50,grayscale,3515,0.8642509579658508
resnet50,grayscale,4642,0.7994871735572815
resnet50,grayscale,852,0.8674380779266357
resnet50,grayscale,1247,0.7008894681930542
resnet50,grayscale,7084,0.9739824533462524
resnet50,grayscale,5301,0.8742668628692627
resnet50,grayscale,5082,0.660382866859436
resnet50,grayscale,5077,0.7374253869056702
resnet50,grayscale,1563,0.7802578210830688
resnet50,grayscale,29,1.0000001192092896
resnet50,grayscale,3867,0.6653872132301331
resnet50,grayscale,4620,0.6185457706451416
resnet50,grayscale,4065,0.8668373227119446
resnet50,grayscale,1095,0.8026889562606812
resnet50,grayscale,4229,0.8703420162200928
resnet50,grayscale,3562,0.5497063994407654
resnet50,grayscale,2342,0.6384021639823914
resnet50,grayscale,1667,0.9999998211860657
resnet50,grayscale,7033,0.7718833088874817
resnet50,grayscale,1771,0.8746646046638489
resnet50,grayscale,3157,0.7520411014556885
resnet50,grayscale,3851,0.7971481084823608
resnet50,grayscale,1287,0.7612979412078857
resnet50,grayscale,7320,0.7763139009475708
resnet50,grayscale,7600,0.7281409502029419
resnet50,grayscale,3852,0.7892353534698486
resnet50,grayscale,269,0.7414793372154236
resnet50,grayscale,1703,0.537302553653717
resnet50,grayscale,7776,0.7204022407531738
resnet50,grayscale,3891,0.6501449346542358
resnet50,grayscale,7009,0.87664794921875
resnet50,grayscale,4893,0.9031355381011963
resnet50,grayscale,2351,0.8993406295776367
resnet50,grayscale,3550,0.8466528654098511
resnet50,grayscale,5719,0.8803431987762451
resnet50,grayscale,1884,0.6777532696723938
resnet50,grayscale,2898,0.797129213809967
resnet50,grayscale,4640,0.7086312770843506
resnet50,grayscale,7610,0.864233672618866
resnet50,grayscale,1833,0.8575202822685242
resnet50,grayscale,6455,0.8285858631134033
resnet50,grayscale,3893,0.8618497848510742
resnet50,grayscale,4731,0.6933911442756653
resnet50,grayscale,929,0.740448534488678
resnet50,grayscale,3962,0.8053485155105591
resnet50,grayscale,3778,0.8375166654586792
resnet50,grayscale,1429,0.7672935724258423
resnet50,grayscale,49,0.8355433344841003
resnet50,grayscale,276,0.8315932750701904
resnet50,grayscale,6076,0.9173725247383118
resnet50,grayscale,1389,0.9087706804275513
resnet50,grayscale,3362,0.8249759674072266
resnet50,grayscale,317,0.8453702926635742
resnet50,grayscale,4675,0.7874543070793152
resnet50,grayscale,5924,0.821868360042572
resnet50,grayscale,198,0.6744966506958008
resnet50,grayscale,7779,0.6372309327125549
resnet50,grayscale,4054,0.6398406028747559
resnet50,grayscale,5556,0.8584275245666504
resnet50,grayscale,2687,0.795885443687439
resnet50,grayscale,1202,0.7180972695350647
resnet50,grayscale,97,0.7252901196479797
resnet50,grayscale,6033,0.7469202280044556
resnet50,grayscale,1711,0.6705740094184875
resnet50,grayscale,1430,0.793943464756012
resnet50,grayscale,739,0.8469210863113403
resnet50,grayscale,3491,0.8104900121688843
resnet50,grayscale,1568,0.648231029510498
resnet50,grayscale,1211,0.6472220420837402
resnet50,grayscale,4913,0.7873654365539551
resnet50,grayscale,2502,0.8631737232208252
resnet50,grayscale,2539,0.8753548860549927
resnet50,grayscale,979,0.8687264323234558
resnet50,grayscale,6354,0.842989444732666
resnet50,grayscale,4735,0.8950687050819397
resnet50,grayscale,5912,0.8543495535850525
resnet50,grayscale,3844,0.6602427363395691
resnet50,grayscale,1263,0.7612779140472412
resnet50,grayscale,3404,0.8874226808547974
resnet50,grayscale,3905,0.8978450298309326
resnet50,grayscale,1596,0.7355139255523682
resnet50,grayscale,3083,0.6177635192871094
resnet50,grayscale,2003,0.6069725751876831
resnet50,grayscale,5030,0.8456276655197144
resnet50,grayscale,95,0.8785083293914795
resnet50,grayscale,2757,0.8022639751434326
resnet50,grayscale,3413,0.8343057632446289
resnet50,grayscale,5488,0.8530338406562805
resnet50,grayscale,4827,0.7147634625434875
resnet50,grayscale,1877,0.4610408544540405
resnet50,grayscale,2157,0.7788265943527222
resnet50,grayscale,4821,0.676875114440918
resnet50,grayscale,4953,0.7143310308456421
resnet50,grayscale,5525,0.8588955998420715
resnet50,grayscale,5381,0.7768964171409607
resnet50,grayscale,672,0.8171067237854004
resnet50,grayscale,323,0.9521437883377075
resnet50,grayscale,5436,0.8087080717086792
resnet50,grayscale,5450,0.8548762202262878
resnet50,grayscale,6358,0.7385508418083191
resnet50,grayscale,372,0.7302355766296387
resnet50,grayscale,378,0.7538226842880249
resnet50,grayscale,7706,0.7223750948905945
resnet50,grayscale,2178,0.867744505405426
resnet50,grayscale,5237,0.7723479866981506
resnet50,grayscale,5478,0.7039709687232971
resnet50,grayscale,5452,0.8839028477668762
resnet50,grayscale,5623,0.6417762041091919
resnet50,grayscale,6772,0.7054914236068726
resnet50,grayscale,1111,0.7100334763526917
resnet50,grayscale,5528,0.9185693860054016
resnet50,grayscale,3777,0.6809790134429932
resnet50,grayscale,2458,0.8762543201446533
resnet50,grayscale,4921,0.8530493974685669
resnet50,grayscale,3015,0.8556429743766785
resnet50,grayscale,7476,0.7770321369171143
resnet50,grayscale,1520,0.880004346370697
resnet50,grayscale,6713,0.848540186882019
resnet50,grayscale,1852,0.8307002782821655
resnet50,grayscale,2268,0.8163491487503052
resnet50,grayscale,151,0.6790814399719238
resnet50,grayscale,890,0.7885953783988953
resnet50,grayscale,825,0.8674601316452026
resnet50,grayscale,2536,0.7087236642837524
resnet50,grayscale,470,0.8291224241256714
resnet50,grayscale,5256,0.5357043743133545
resnet50,grayscale,2011,0.8833237886428833
resnet50,grayscale,7150,0.8928989171981812
resnet50,grayscale,449,0.8368064165115356
resnet50,grayscale,2704,0.8481101989746094
resnet50,grayscale,3437,0.7214308381080627
resnet50,grayscale,3375,0.7742152214050293
resnet50,grayscale,4552,0.8079550862312317
resnet50,grayscale,920,0.8180814981460571
resnet50,grayscale,2242,0.7397159337997437
resnet50,grayscale,2745,0.8130267262458801
resnet50,grayscale,1032,0.5131970047950745
resnet50,grayscale,365,0.7245526909828186
resnet50,grayscale,4850,0.8428475856781006
resnet50,grayscale,4819,0.8041507601737976
resnet50,grayscale,7338,0.7780417203903198
resnet50,grayscale,7372,0.9650536775588989
resnet50,grayscale,1090,0.8335397243499756
resnet50,grayscale,5062,0.8531473875045776
resnet50,grayscale,981,0.8954156041145325
resnet50,grayscale,5857,0.9140543937683105
resnet50,grayscale,1986,0.6136490106582642
resnet50,grayscale,5560,0.3801778256893158
resnet50,grayscale,1814,0.8572419285774231
resnet50,grayscale,194,0.8611645102500916
resnet50,grayscale,1993,0.7164459824562073
resnet50,grayscale,5333,0.8589169383049011
resnet50,grayscale,4311,0.7450643181800842
resnet50,grayscale,7425,0.9710485935211182
resnet50,grayscale,3889,0.8721169233322144
resnet50,grayscale,4308,0.7587992548942566
resnet50,grayscale,1960,0.71109938621521
resnet50,grayscale,4399,0.8920857310295105
resnet50,grayscale,3191,0.7512617707252502
resnet50,grayscale,1626,0.8465396165847778
resnet50,grayscale,176,0.8102778196334839
resnet50,grayscale,7726,0.682761549949646
resnet50,grayscale,2334,0.6895067095756531
resnet50,grayscale,1648,0.885591447353363
resnet50,grayscale,6084,0.7982489466667175
resnet50,grayscale,3455,0.8466322422027588
resnet50,grayscale,1468,0.8249343037605286
resnet50,grayscale,1296,0.5488396883010864
resnet50,grayscale,5213,0.8198769092559814
resnet50,grayscale,7047,0.8387264609336853
resnet50,grayscale,5360,0.8071874976158142
resnet50,grayscale,5824,0.7263225317001343
resnet50,grayscale,7460,0.8646786212921143
resnet50,grayscale,4791,0.8962636590003967
resnet50,grayscale,6692,0.7989729642868042
resnet50,grayscale,6931,0.771122932434082
resnet50,grayscale,667,0.8791413307189941
resnet50,grayscale,7781,0.8393224477767944
resnet50,grayscale,7793,0.7307504415512085
resnet50,grayscale,1411,0.9237924218177795
resnet50,grayscale,1473,0.7904000282287598
resnet50,grayscale,7130,0.79020756483078
resnet50,grayscale,1956,0.6507992744445801
resnet50,grayscale,6716,0.7157657146453857
resnet50,grayscale,4106,0.8749415874481201
resnet50,grayscale,3494,0.8923571705818176
resnet50,grayscale,691,0.7691661715507507
resnet50,grayscale,5220,0.7564126253128052
resnet50,grayscale,4908,0.7977786660194397
resnet50,grayscale,7029,0.5526456236839294
resnet50,grayscale,4130,0.8531710505485535
resnet50,grayscale,7938,0.7346380949020386
resnet50,grayscale,5101,0.8441811203956604
resnet50,grayscale,1515,0.8581021428108215
resnet50,grayscale,3287,0.7972775101661682
resnet50,grayscale,716,0.8196865916252136
resnet50,grayscale,4236,0.7135470509529114
resnet50,grayscale,5408,0.7989898324012756
resnet50,grayscale,5496,0.8649318218231201
resnet50,grayscale,3365,0.8189642429351807
resnet50,grayscale,4323,0.8663359880447388
resnet50,grayscale,5467,0.7030529975891113
resnet50,grayscale,1644,0.7459481954574585
resnet50,grayscale,3948,0.8639436960220337
resnet50,grayscale,6726,0.7669199705123901
resnet50,grayscale,5395,0.8816459774971008
resnet50,grayscale,1579,0.7931109666824341
resnet50,grayscale,5918,0.8468879461288452
resnet50,grayscale,7041,0.8476314544677734
resnet50,grayscale,506,0.6905823945999146
resnet50,grayscale,4011,0.7128701210021973
resnet50,grayscale,5981,0.7662026882171631
resnet50,grayscale,409,0.849716067314148
resnet50,grayscale,6954,0.8336189985275269
resnet50,grayscale,7555,0.698112964630127
resnet50,grayscale,3965,0.9587606191635132
resnet50,grayscale,7266,0.6207205653190613
resnet50,grayscale,4785,0.8414663076400757
resnet50,grayscale,6028,0.9207543730735779
resnet50,grayscale,6503,0.812764048576355
resnet50,grayscale,6414,0.7550830841064453
resnet50,grayscale,5382,0.8264142274856567
resnet50,grayscale,6836,0.30151718854904175
resnet50,grayscale,6508,0.7228867411613464
resnet50,grayscale,3994,0.7951073050498962
resnet50,grayscale,3942,0.7823919653892517
resnet50,grayscale,3542,0.8509441614151001
resnet50,grayscale,6952,0.7524709701538086
resnet50,grayscale,4290,0.7289571166038513
resnet50,grayscale,7446,0.8598878979682922
resnet50,grayscale,6169,0.5634423494338989
resnet50,grayscale,1109,0.7929879426956177
resnet50,grayscale,3179,0.7258182168006897
resnet50,grayscale,7835,0.6686080694198608
resnet50,grayscale,7390,0.7730937600135803
resnet50,grayscale,568,0.8773008584976196
resnet50,grayscale,4629,0.5905103087425232
resnet50,grayscale,7138,0.6879841089248657
resnet50,grayscale,5284,0.6427918076515198
resnet50,grayscale,3,0.8560406565666199
resnet50,grayscale,2690,0.7865064144134521
resnet50,grayscale,5858,0.8216913342475891
resnet50,grayscale,1266,0.6650363802909851
resnet50,grayscale,3034,0.7958099246025085
resnet50,grayscale,2655,0.9223586320877075
resnet50,grayscale,6190,0.8039008975028992
resnet50,grayscale,4170,0.8399313688278198
resnet50,grayscale,7380,0.8707700967788696
resnet50,grayscale,7752,0.8073053359985352
resnet50,grayscale,3996,0.8461366295814514
resnet50,grayscale,1204,0.8810582160949707
resnet50,grayscale,1654,0.7515403628349304
resnet50,grayscale,4746,0.7794762849807739
resnet50,grayscale,4590,0.7226964235305786
resnet50,grayscale,562,0.8664480447769165
resnet50,grayscale,7108,0.7947630286216736
resnet50,grayscale,5999,0.7658382058143616
resnet50,grayscale,1403,0.8576812148094177
resnet50,grayscale,4403,0.8987693190574646
resnet50,grayscale,6332,0.9011818170547485
resnet50,grayscale,6264,0.9005366563796997
resnet50,grayscale,303,0.902950644493103
resnet50,grayscale,791,0.8945068120956421
resnet50,grayscale,3067,0.9190632104873657
resnet50,grayscale,484,0.6938153505325317
resnet50,grayscale,1370,0.7097865343093872
resnet50,grayscale,4069,0.5470337867736816
resnet50,grayscale,7373,0.8761236667633057
resnet50,grayscale,4330,0.641248345375061
resnet50,grayscale,5701,0.8922256827354431
resnet50,grayscale,7465,0.8126301765441895
resnet50,grayscale,1531,0.7044007182121277
resnet50,grayscale,4676,0.8779478073120117
resnet50,grayscale,4531,0.6813859939575195
resnet50,grayscale,706,0.8793710470199585
resnet50,grayscale,2844,0.7229308485984802
resnet50,grayscale,3755,0.7901701331138611
resnet50,grayscale,5848,0.6729294657707214
resnet50,grayscale,2114,0.8560264110565186
resnet50,grayscale,3876,0.8608944416046143
resnet50,grayscale,677,0.8507996201515198
resnet50,grayscale,2116,0.7258332967758179
resnet50,grayscale,4661,0.7459917068481445
resnet50,grayscale,2676,0.6709595918655396
resnet50,grayscale,3025,0.9999998211860657
resnet50,grayscale,4449,0.7628301978111267
resnet50,grayscale,977,0.6803914308547974
resnet50,grayscale,4990,0.7447620630264282
resnet50,grayscale,7309,0.8841571807861328
resnet50,grayscale,1048,0.6847487688064575
resnet50,grayscale,3276,0.8669026494026184
resnet50,grayscale,5512,0.8087942600250244
resnet50,grayscale,7692,0.6728674173355103
resnet50,grayscale,1436,0.6181702017784119
resnet50,grayscale,7544,0.7388095259666443
resnet50,grayscale,3383,0.7291421890258789
resnet50,grayscale,1977,0.8977873921394348
resnet50,grayscale,2750,0.7079981565475464
resnet50,grayscale,7996,0.6962211728096008
resnet50,grayscale,6989,0.9168813228607178
resnet50,grayscale,1431,0.8625453114509583
resnet50,grayscale,7416,0.7329199314117432
resnet50,grayscale,4547,0.7921373248100281
resnet50,grayscale,42,0.9686300754547119
resnet50,grayscale,5117,0.7930926084518433
resnet50,grayscale,4411,0.6814775466918945
resnet50,grayscale,5789,0.6775787472724915
resnet50,grayscale,483,0.6928924322128296
resnet50,grayscale,6650,0.6884218454360962
resnet50,grayscale,4881,0.574364185333252
resnet50,grayscale,391,0.8366621732711792
resnet50,grayscale,370,0.7970170974731445
resnet50,grayscale,419,0.9320852756500244
resnet50,grayscale,3318,0.852394700050354
resnet50,grayscale,4355,0.7763970494270325
resnet50,grayscale,5402,0.6006125807762146
resnet50,grayscale,5332,0.7882217764854431
resnet50,grayscale,239,0.8696154356002808
resnet50,grayscale,6271,0.8924363255500793
resnet50,grayscale,1129,0.797200083732605
resnet50,grayscale,2391,0.6962308287620544
resnet50,grayscale,191,0.8625925779342651
resnet50,grayscale,5447,0.8585541248321533
resnet50,grayscale,6528,0.7802226543426514
resnet50,patch_shuffle,632,0.7654443383216858
resnet50,patch_shuffle,131,0.741165041923523
resnet50,patch_shuffle,7081,0.6604236364364624
resnet50,patch_shuffle,1836,0.6560512781143188
resnet50,patch_shuffle,6437,0.6271446943283081
resnet50,patch_shuffle,6609,0.7210345268249512
resnet50,patch_shuffle,3467,0.7339478135108948
resnet50,patch_shuffle,1401,0.5783596634864807
resnet50,patch_shuffle,1839,0.717326819896698
resnet50,patch_shuffle,4168,0.6601037383079529
resnet50,patch_shuffle,35,0.7990488409996033
resnet50,patch_shuffle,4177,0.7356077432632446
resnet50,patch_shuffle,7270,0.8068380951881409
resnet50,patch_shuffle,2265,0.7548184394836426
resnet50,patch_shuffle,3288,0.6765392422676086
resnet50,patch_shuffle,5451,0.6824703812599182
resnet50,patch_shuffle,4023,0.732984721660614
resnet50,patch_shuffle,261,0.7096332311630249
resnet50,patch_shuffle,4570,0.7257049083709717
resnet50,patch_shuffle,4966,0.7498106956481934
resnet50,patch_shuffle,7955,0.6904863119125366
resnet50,patch_shuffle,6288,0.5906016826629639
resnet50,patch_shuffle,7810,0.7341480255126953
resnet50,patch_shuffle,1927,0.6442202925682068
resnet50,patch_shuffle,1871,0.7957274913787842
resnet50,patch_shuffle,6922,0.6765356063842773
resnet50,patch_shuffle,3512,0.7526468634605408
resnet50,patch_shuffle,4754,0.782381534576416
resnet50,patch_shuffle,714,0.7626566290855408
resnet50,patch_shuffle,2191,0.857657790184021
resnet50,patch_shuffle,4615,0.6127405762672424
resnet50,patch_shuffle,4662,0.836857259273529
resnet50,patch_shuffle,5915,0.7829358577728271
resnet50,patch_shuffle,766,0.6816900372505188
resnet50,patch_shuffle,5218,0.7516809105873108
resnet50,patch_shuffle,2340,0.6315935254096985
resnet50,patch_shuffle,1954,0.703169047832489
resnet50,patch_shuffle,7875,0.6083362698554993
resnet50,patch_shuffle,3418,0.7512120604515076
resnet50,patch_shuffle,5572,0.7511132955551147
resnet50,patch_shuffle,5977,0.7588444948196411
resnet50,patch_shuffle,5123,0.7802920937538147
resnet50,patch_shuffle,5851,0.5755143165588379
resnet50,patch_shuffle,4094,0.7301658391952515
resnet50,patch_shuffle,4254,0.8281060457229614
resnet50,patch_shuffle,2501,0.7488533854484558
resnet50,patch_shuffle,6938,0.6922394037246704
resnet50,patch_shuffle,171,0.676102876663208
resnet50,patch_shuffle,4215,0.795232892036438
resnet50,patch_shuffle,5705,0.7310237884521484
resnet50,patch_shuffle,3458,0.584000825881958
resnet50,patch_shuffle,1220,0.6856237649917603
resnet50,patch_shuffle,962,0.8319628834724426
resnet50,patch_shuffle,2950,0.7070282697677612
resnet50,patch_shuffle,2623,0.7665984630584717
resnet50,patch_shuffle,4539,0.702185869216919
resnet50,patch_shuffle,1553,0.661135733127594
resnet50,patch_shuffle,4740,0.8185319304466248
resnet50,patch_shuffle,6844,0.8298278450965881
resnet50,patch_shuffle,2668,0.6218044757843018
resnet50,patch_shuffle,3153,0.7339782118797302
resnet50,patch_shuffle,5135,0.7158939838409424
resnet50,patch_shuffle,2291,0.5667682886123657
resnet50,patch_shuffle,116,0.6710694432258606
resnet50,patch_shuffle,7797,0.652375340461731
resnet50,patch_shuffle,4609,0.6521895527839661
resnet50,patch_shuffle,81,0.6311751008033752
resnet50,patch_shuffle,5580,0.7751874327659607
resnet50,patch_shuffle,3024,0.7041608095169067
resnet50,patch_shuffle,2766,0.6658756732940674
resnet50,patch_shuffle,5000,0.8122091293334961
resnet50,patch_shuffle,2610,0.7079654335975647
resnet50,patch_shuffle,2024,0.7958402633666992
resnet50,patch_shuffle,6097,0.8444250226020813
resnet50,patch_shuffle,964,0.6646169424057007
resnet50,patch_shuffle,7634,0.6348663568496704
resnet50,patch_shuffle,6434,0.668425440788269
resnet50,patch_shuffle,5183,0.800362229347229
resnet50,patch_shuffle,6986,0.7920902371406555
resnet50,patch_shuffle,645,0.6740036010742188
resnet50,patch_shuffle,3347,0.6368434429168701
resnet50,patch_shuffle,5677,0.728288471698761
resnet50,patch_shuffle,3412,0.7959505319595337
resnet50,patch_shuffle,3937,0.7502288818359375
resnet50,patch_shuffle,873,0.6175169944763184
resnet50,patch_shuffle,2167,0.8609079122543335
resnet50,patch_shuffle,6490,0.7503587007522583
resnet50,patch_shuffle,738,0.7022401094436646
resnet50,patch_shuffle,6616,0.7503616809844971
resnet50,patch_shuffle,4093,0.6784158945083618
resnet50,patch_shuffle,5788,0.6978247165679932
resnet50,patch_shuffle,7818,0.5992794036865234
resnet50,patch_shuffle,304,0.6692261695861816
resnet50,patch_shuffle,2082,0.8444740772247314
resnet50,patch_shuffle,2746,0.5053039193153381
resnet50,patch_shuffle,7944,0.8108106851577759
resnet50,patch_shuffle,6689,0.6556815505027771
resnet50,patch_shuffle,2414,0.7709321975708008
resnet50,patch_shuffle,3779,0.7478718757629395
resnet50,patch_shuffle,2095,0.6792480945587158
resnet50,patch_shuffle,7262,0.7518336772918701
resnet50,patch_shuffle,5694,0.8055142760276794
resnet50,patch_shuffle,7413,0.5929926633834839
resnet50,patch_shuffle,6805,0.6293309330940247
resnet50,patch_shuffle,3446,0.801350474357605
resnet50,patch_shuffle,2807,0.7710313200950623
resnet50,patch_shuffle,7940,0.6607791781425476
resnet50,patch_shuffle,4172,0.6991223692893982
resnet50,patch_shuffle,7744,0.6206653714179993
resnet50,patch_shuffle,1586,0.7086054682731628
resnet50,patch_shuffle,7999,0.6303960680961609
resnet50,patch_shuffle,6349,0.745048463344574
resnet50,patch_shuffle,6594,0.766633152961731
resnet50,patch_shuffle,2109,0.7308476567268372
resnet50,patch_shuffle,3079,0.6765991449356079
resnet50,patch_shuffle,2070,0.8216205835342407
resnet50,patch_shuffle,319,0.7093172073364258
resnet50,patch_shuffle,2888,0.7043668031692505
resnet50,patch_shuffle,6224,0.8022341132164001
resnet50,patch_shuffle,3353,0.8751786947250366
resnet50,patch_shuffle,6244,0.6059720516204834
resnet50,patch_shuffle,4704,0.700183629989624
resnet50,patch_shuffle,2427,0.7167829275131226
resnet50,patch_shuffle,7995,0.7350329756736755
resnet50,patch_shuffle,1124,0.6436443328857422
resnet50,patch_shuffle,6733,0.702468752861023
resnet50,patch_shuffle,2062,0.6891458630561829
resnet50,patch_shuffle,805,0.6815766096115112
resnet50,patch_shuffle,2028,0.6233148574829102
resnet50,patch_shuffle,2392,0.7952467203140259
resnet50,patch_shuffle,3292,0.6709257960319519
resnet50,patch_shuffle,1440,0.7116596102714539
resnet50,patch_shuffle,1115,0.7322388887405396
resnet50,patch_shuffle,4242,0.7514006495475769
resnet50,patch_shuffle,2230,0.7466748952865601
resnet50,patch_shuffle,3163,0.8151445388793945
resnet50,patch_shuffle,545,0.8322762846946716
resnet50,patch_shuffle,3863,0.6789624094963074
resnet50,patch_shuffle,4748,0.7065595984458923
resnet50,patch_shuffle,2399,0.7206941246986389
resnet50,patch_shuffle,4341,0.796477735042572
resnet50,patch_shuffle,3078,0.7645121812820435
resnet50,patch_shuffle,3763,0.8127954006195068
resnet50,patch_shuffle,2958,0.783704936504364
resnet50,patch_shuffle,6381,0.7315258383750916
resnet50,patch_shuffle,1640,0.7103951573371887
resnet50,patch_shuffle,1783,0.854005753993988
resnet50,patch_shuffle,3914,0.6895999312400818
resnet50,patch_shuffle,1534,0.6095815896987915
resnet50,patch_shuffle,685,0.6413474678993225
resnet50,patch_shuffle,4617,0.7164258360862732
resnet50,patch_shuffle,5508,0.6104980111122131
resnet50,patch_shuffle,1022,0.7675689458847046
resnet50,patch_shuffle,1230,0.6389644145965576
resnet50,patch_shuffle,7475,0.6964423060417175
resnet50,patch_shuffle,5756,0.5795910954475403
resnet50,patch_shuffle,3122,0.7105568647384644
resnet50,patch_shuffle,7202,0.8325803875923157
resnet50,patch_shuffle,4723,0.7820047736167908
resnet50,patch_shuffle,1552,0.804941713809967
resnet50,patch_shuffle,603,0.6741275787353516
resnet50,patch_shuffle,2861,0.7003912329673767
resnet50,patch_shuffle,6426,0.7311252355575562
resnet50,patch_shuffle,7864,0.8006727695465088
resnet50,patch_shuffle,5729,0.7807297706604004
resnet50,patch_shuffle,7474,0.7151950001716614
resnet50,patch_shuffle,4298,0.6143566370010376
resnet50,patch_shuffle,1175,0.7051921486854553
resnet50,patch_shuffle,3454,0.6551843285560608
resnet50,patch_shuffle,2754,0.7478433847427368
resnet50,patch_shuffle,855,0.6560369729995728
resnet50,patch_shuffle,2854,0.6356194019317627
resnet50,patch_shuffle,5092,0.777228057384491
resnet50,patch_shuffle,5590,0.7677676677703857
resnet50,patch_shuffle,4463,0.5385341048240662
resnet50,patch_shuffle,5318,0.768480658531189
resnet50,patch_shuffle,3515,0.7393258810043335
resnet50,patch_shuffle,4642,0.6515092253684998
resnet50,patch_shuffle,852,0.6001860499382019
resnet50,patch_shuffle,1247,0.7502519488334656
resnet50,patch_shuffle,7084,0.7753470540046692
resnet50,patch_shuffle,5301,0.7353855967521667
resnet50,patch_shuffle,5082,0.6097385287284851
resnet50,patch_shuffle,5077,0.8170832991600037
resnet50,patch_shuffle,1563,0.6296470761299133
resnet50,patch_shuffle,29,0.6095483303070068
resnet50,patch_shuffle,3867,0.6049189567565918
resnet50,patch_shuffle,4620,0.6019574999809265
resnet50,patch_shuffle,4065,0.7637091875076294
resnet50,patch_shuffle,1095,0.7042986154556274
resnet50,patch_shuffle,4229,0.6386746168136597
resnet50,patch_shuffle,3562,0.5848065614700317
resnet50,patch_shuffle,2342,0.6790561676025391
resnet50,patch_shuffle,1667,0.6799486875534058
resnet50,patch_shuffle,7033,0.6982706189155579
resnet50,patch_shuffle,1771,0.663699746131897
resnet50,patch_shuffle,3157,0.7939024567604065
resnet50,patch_shuffle,3851,0.6963532567024231
resnet50,patch_shuffle,1287,0.6580268144607544
resnet50,patch_shuffle,7320,0.7883847951889038
resnet50,patch_shuffle,7600,0.8118962049484253
resnet50,patch_shuffle,3852,0.6889549493789673
resnet50,patch_shuffle,269,0.6589142084121704
resnet50,patch_shuffle,1703,0.6879159212112427
resnet50,patch_shuffle,7776,0.6111208200454712
resnet50,patch_shuffle,3891,0.6838960647583008
resnet50,patch_shuffle,7009,0.7203169465065002
resnet50,patch_shuffle,4893,0.5682188868522644
resnet50,patch_shuffle,2351,0.4626025855541229
resnet50,patch_shuffle,3550,0.7402942180633545
resnet50,patch_shuffle,5719,0.7860434651374817
resnet50,patch_shuffle,1884,0.5502559542655945
resnet50,patch_shuffle,2898,0.7499372363090515
resnet50,patch_shuffle,4640,0.7629717588424683
resnet50,patch_shuffle,7610,0.7352754473686218
resnet50,patch_shuffle,1833,0.8105759620666504
resnet50,patch_shuffle,6455,0.7633095979690552
resnet50,patch_shuffle,3893,0.7867909669876099
resnet50,patch_shuffle,4731,0.6857856512069702
resnet50,patch_shuffle,929,0.7592824697494507
resnet50,patch_shuffle,3962,0.6307480335235596
resnet50,patch_shuffle,3778,0.5937144756317139
resnet50,patch_shuffle,1429,0.7318164110183716
resnet50,patch_shuffle,49,0.6909617781639099
resnet50,patch_shuffle,276,0.6673919558525085
resnet50,patch_shuffle,6076,0.7086240649223328
resnet50,patch_shuffle,1389,0.7608705759048462
resnet50,patch_shuffle,3362,0.8281038403511047
resnet50,patch_shuffle,317,0.6364426016807556
resnet50,patch_shuffle,4675,0.6643378734588623
resnet50,patch_shuffle,5924,0.7862161993980408
resnet50,patch_shuffle,198,0.6887685060501099
resnet50,patch_shuffle,7779,0.735649585723877
resnet50,patch_shuffle,4054,0.8157438635826111
resnet50,patch_shuffle,5556,0.7503464221954346
resnet50,patch_shuffle,2687,0.67076575756073
resnet50,patch_shuffle,1202,0.7117500305175781
resnet50,patch_shuffle,97,0.8273190855979919
resnet50,patch_shuffle,6033,0.8274143934249878
resnet50,patch_shuffle,1711,0.675178587436676
resnet50,patch_shuffle,1430,0.7085604071617126
resnet50,patch_shuffle,739,0.7153522968292236
resnet50,patch_shuffle,3491,0.6774533987045288
resnet50,patch_shuffle,1568,0.8024709820747375
resnet50,patch_shuffle,1211,0.6982285976409912
resnet50,patch_shuffle,4913,0.8062717914581299
resnet50,patch_shuffle,2502,0.8162612915039062
resnet50,patch_shuffle,2539,0.8315248489379883
resnet50,patch_shuffle,979,0.7777631878852844
resnet50,patch_shuffle,6354,0.6925318837165833
resnet50,patch_shuffle,4735,0.6964127421379089
resnet50,patch_shuffle,5912,0.7775923609733582
resnet50,patch_shuffle,3844,0.7354493141174316
resnet50,patch_shuffle,1263,0.6774511933326721
resnet50,patch_shuffle,3404,0.5352722406387329
resnet50,patch_shuffle,3905,0.7970678806304932
resnet50,patch_shuffle,1596,0.8222230672836304
resnet50,patch_shuffle,3083,0.7951167225837708
resnet50,patch_shuffle,2003,0.8142637610435486
resnet50,patch_shuffle,5030,0.8096292018890381
resnet50,patch_shuffle,95,0.7140811681747437
resnet50,patch_shuffle,2757,0.6918913125991821
resnet50,patch_shuffle,3413,0.6355341672897339
resnet50,patch_shuffle,5488,0.570748507976532
resnet50,patch_shuffle,4827,0.7941385507583618
resnet50,patch_shuffle,1877,0.6805011630058289
resnet50,patch_shuffle,2157,0.7524951100349426
resnet50,patch_shuffle,4821,0.8711572289466858
resnet50,patch_shuffle,4953,0.7452883124351501
resnet50,patch_shuffle,5525,0.7484554648399353
resnet50,patch_shuffle,5381,0.7854503393173218
resnet50,patch_shuffle,672,0.6806477308273315
resnet50,patch_shuffle,323,0.6019213795661926
resnet50,patch_shuffle,5436,0.7351511120796204
resnet50,patch_shuffle,5450,0.6797452569007874
resnet50,patch_shuffle,6358,0.7200583219528198
resnet50,patch_shuffle,372,0.6094546318054199
resnet50,patch_shuffle,378,0.7194884419441223
resnet50,patch_shuffle,7706,0.7687833309173584
resnet50,patch_shuffle,2178,0.703900933265686
resnet50,patch_shuffle,5237,0.7055753469467163
resnet50,patch_shuffle,5478,0.8480697870254517
resnet50,patch_shuffle,5452,0.6363563537597656
resnet50,patch_shuffle,5623,0.6609282493591309
resnet50,patch_shuffle,6772,0.7784299254417419
resnet50,patch_shuffle,1111,0.6940816044807434
resnet50,patch_shuffle,5528,0.7017234563827515
resnet50,patch_shuffle,3777,0.726633608341217
resnet50,patch_shuffle,2458,0.6207488179206848
resnet50,patch_shuffle,4921,0.7240018248558044
resnet50,patch_shuffle,3015,0.8022428750991821
resnet50,patch_shuffle,7476,0.8197765946388245
resnet50,patch_shuffle,1520,0.6383737921714783
resnet50,patch_shuffle,6713,0.7554172873497009
resnet50,patch_shuffle,1852,0.7029653787612915
resnet50,patch_shuffle,2268,0.6529436111450195
resnet50,patch_shuffle,151,0.7424643635749817
resnet50,patch_shuffle,890,0.8296928405761719
resnet50,patch_shuffle,825,0.7110876441001892
resnet50,patch_shuffle,2536,0.7729395627975464
resnet50,patch_shuffle,470,0.7323201298713684
resnet50,patch_shuffle,5256,0.7554528713226318
resnet50,patch_shuffle,2011,0.6058468818664551
resnet50,patch_shuffle,7150,0.6573038697242737
resnet50,patch_shuffle,449,0.8333269357681274
resnet50,patch_shuffle,2704,0.7161226272583008
resnet50,patch_shuffle,3437,0.7830947041511536
resnet50,patch_shuffle,3375,0.7471787929534912
resnet50,patch_shuffle,4552,0.701863169670105
resnet50,patch_shuffle,920,0.6687394380569458
resnet50,patch_shuffle,2242,0.7630563974380493
resnet50,patch_shuffle,2745,0.7827603220939636
resnet50,patch_shuffle,1032,0.8418354988098145
resnet50,patch_shuffle,365,0.645477294921875
resnet50,patch_shuffle,4850,0.8109601736068726
resnet50,patch_shuffle,4819,0.730844259262085
resnet50,patch_shuffle,7338,0.581130862236023
resnet50,patch_shuffle,7372,0.6915913224220276
resnet50,patch_shuffle,1090,0.7842434644699097
resnet50,patch_shuffle,5062,0.6883767247200012
resnet50,patch_shuffle,981,0.6645960211753845
resnet50,patch_shuffle,5857,0.7274875640869141
resnet50,patch_shuffle,1986,0.7437164187431335
resnet50,patch_shuffle,5560,0.812061607837677
resnet50,patch_shuffle,1814,0.733482301235199
resnet50,patch_shuffle,194,0.7093088626861572
resnet50,patch_shuffle,1993,0.7462195754051208
resnet50,patch_shuffle,5333,0.6732134819030762
resnet50,patch_shuffle,4311,0.8268430829048157
resnet50,patch_shuffle,7425,0.7740265130996704
resnet50,patch_shuffle,3889,0.6735785603523254
resnet50,patch_shuffle,4308,0.7019804120063782
resnet50,patch_shuffle,1960,0.7658296227455139
resnet50,patch_shuffle,4399,0.6810700297355652
resnet50,patch_shuffle,3191,0.7854981422424316
resnet50,patch_shuffle,1626,0.7173640727996826
resnet50,patch_shuffle,176,0.6834424138069153
resnet50,patch_shuffle,7726,0.8161429762840271
resnet50,patch_shuffle,2334,0.710983157157898
resnet50,patch_shuffle,1648,0.8243340849876404
resnet50,patch_shuffle,6084,0.5164400339126587
resnet50,patch_shuffle,3455,0.6507494449615479
resnet50,patch_shuffle,1468,0.8051194548606873
resnet50,patch_shuffle,1296,0.7572842240333557
resnet50,patch_shuffle,5213,0.7909030318260193
resnet50,patch_shuffle,7047,0.3787018060684204
resnet50,patch_shuffle,5360,0.784034788608551
resnet50,patch_shuffle,5824,0.7060888409614563
resnet50,patch_shuffle,7460,0.8171355128288269
resnet50,patch_shuffle,4791,0.5846624970436096
resnet50,patch_shuffle,6692,0.6839257478713989
resnet50,patch_shuffle,6931,0.7833837270736694
resnet50,patch_shuffle,667,0.7202031016349792
resnet50,patch_shuffle,7781,0.7248430252075195
resnet50,patch_shuffle,7793,0.7081778645515442
resnet50,patch_shuffle,1411,0.6270462274551392
resnet50,patch_shuffle,1473,0.588502049446106
resnet50,patch_shuffle,7130,0.6966383457183838
resnet50,patch_shuffle,1956,0.7879453897476196
resnet50,patch_shuffle,6716,0.7066708207130432
resnet50,patch_shuffle,4106,0.8049262166023254
resnet50,patch_shuffle,3494,0.48184293508529663
resnet50,patch_shuffle,691,0.5742236971855164
resnet50,patch_shuffle,5220,0.7342403531074524
resnet50,patch_shuffle,4908,0.7785540223121643
resnet50,patch_shuffle,7029,0.7257667779922485
resnet50,patch_shuffle,4130,0.7367616891860962
resnet50,patch_shuffle,7938,0.5246939063072205
resnet50,patch_shuffle,5101,0.7047219276428223
resnet50,patch_shuffle,1515,0.6769736409187317
resnet50,patch_shuffle,3287,0.772535502910614
resnet50,patch_shuffle,716,0.7557030916213989
resnet50,patch_shuffle,4236,0.6320563554763794
resnet50,patch_shuffle,5408,0.7661485075950623
resnet50,patch_shuffle,5496,0.7256773114204407
resnet50,patch_shuffle,3365,0.7496878504753113
resnet50,patch_shuffle,4323,0.6656928658485413
resnet50,patch_shuffle,5467,0.7877318859100342
resnet50,patch_shuffle,1644,0.7653610110282898
resnet50,patch_shuffle,3948,0.7538050413131714
resnet50,patch_shuffle,6726,0.5770407319068909
resnet50,patch_shuffle,5395,0.7186470031738281
resnet50,patch_shuffle,1579,0.7685796618461609
resnet50,patch_shuffle,5918,0.6468982696533203
resnet50,patch_shuffle,7041,0.7550708055496216
resnet50,patch_shuffle,506,0.6226162314414978
resnet50,patch_shuffle,4011,0.7770606279373169
resnet50,patch_shuffle,5981,0.6021850109100342
resnet50,patch_shuffle,409,0.6452061533927917
resnet50,patch_shuffle,6954,0.7069862484931946
resnet50,patch_shuffle,7555,0.8490394353866577
resnet50,patch_shuffle,3965,0.7927084565162659
resnet50,patch_shuffle,7266,0.8476516604423523
resnet50,patch_shuffle,4785,0.6831928491592407
resnet50,patch_shuffle,6028,0.7028487920761108
resnet50,patch_shuffle,6503,0.6882987022399902
resnet50,patch_shuffle,6414,0.8003011345863342
resnet50,patch_shuffle,5382,0.6547406315803528
resnet50,patch_shuffle,6836,0.6598535776138306
resnet50,patch_shuffle,6508,0.8462405800819397
resnet50,patch_shuffle,3994,0.7487155795097351
resnet50,patch_shuffle,3942,0.7047131061553955
resnet50,patch_shuffle,3542,0.7553707361221313
resnet50,patch_shuffle,6952,0.7943146824836731
resnet50,patch_shuffle,4290,0.671289324760437
resnet50,patch_shuffle,7446,0.7434034943580627
resnet50,patch_shuffle,6169,0.7488107085227966
resnet50,patch_shuffle,1109,0.7102375030517578
resnet50,patch_shuffle,3179,0.7846004962921143
resnet50,patch_shuffle,7835,0.7517799139022827
resnet50,patch_shuffle,7390,0.6657449007034302
resnet50,patch_shuffle,568,0.6363442540168762
resnet50,patch_shuffle,4629,0.7795794010162354
resnet50,patch_shuffle,7138,0.7115218639373779
resnet50,patch_shuffle,5284,0.7726801633834839
resnet50,patch_shuffle,3,0.7372702360153198
resnet50,patch_shuffle,2690,0.6528216004371643
resnet50,patch_shuffle,5858,0.6654751896858215
resnet50,patch_shuffle,1266,0.7617425322532654
resnet50,patch_shuffle,3034,0.6896435618400574
resnet50,patch_shuffle,2655,0.7223394513130188
resnet50,patch_shuffle,6190,0.7471000552177429
resnet50,patch_shuffle,4170,0.7885304689407349
resnet50,patch_shuffle,7380,0.652448832988739
resnet50,patch_shuffle,7752,0.8124393224716187
resnet50,patch_shuffle,3996,0.7269390821456909
resnet50,patch_shuffle,1204,0.6366416215896606
resnet50,patch_shuffle,1654,0.6987528800964355
resnet50,patch_shuffle,4746,0.6833208203315735
resnet50,patch_shuffle,4590,0.7819305658340454
resnet50,patch_shuffle,562,0.7524135708808899
resnet50,patch_shuffle,7108,0.790799617767334
resnet50,patch_shuffle,5999,0.6923642754554749
resnet50,patch_shuffle,1403,0.7692925930023193
resnet50,patch_shuffle,4403,0.5642229318618774
resnet50,patch_shuffle,6332,0.7245416641235352
resnet50,patch_shuffle,6264,0.8171130418777466
resnet50,patch_shuffle,303,0.7051356434822083
resnet50,patch_shuffle,791,0.8450490832328796
resnet50,patch_shuffle,3067,0.7029708027839661
resnet50,patch_shuffle,484,0.761033833026886
resnet50,patch_shuffle,1370,0.7393997311592102
resnet50,patch_shuffle,4069,0.8791748285293579
resnet50,patch_shuffle,7373,0.5966255068778992
resnet50,patch_shuffle,4330,0.7237846255302429
resnet50,patch_shuffle,5701,0.6884527206420898
resnet50,patch_shuffle,7465,0.7065113186836243
resnet50,patch_shuffle,1531,0.7983438372612
resnet50,patch_shuffle,4676,0.7923603057861328
resnet50,patch_shuffle,4531,0.7302278876304626
resnet50,patch_shuffle,706,0.6641249656677246
resnet50,patch_shuffle,2844,0.8842684626579285
resnet50,patch_shuffle,3755,0.6882379055023193
resnet50,patch_shuffle,5848,0.6613498330116272
resnet50,patch_shuffle,2114,0.7263692617416382
resnet50,patch_shuffle,3876,0.8582468628883362
resnet50,patch_shuffle,677,0.7834989428520203
resnet50,patch_shuffle,2116,0.7086068987846375
resnet50,patch_shuffle,4661,0.716246485710144
resnet50,patch_shuffle,2676,0.6992684006690979
resnet50,patch_shuffle,3025,0.6941360235214233
resnet50,patch_shuffle,4449,0.8130074143409729
resnet50,patch_shuffle,977,0.7586532831192017
resnet50,patch_shuffle,4990,0.7538402080535889
resnet50,patch_shuffle,7309,0.6491155028343201
resnet50,patch_shuffle,1048,0.6659919619560242
resnet50,patch_shuffle,3276,0.6043708920478821
resnet50,patch_shuffle,5512,0.7191165685653687
resnet50,patch_shuffle,7692,0.6979213356971741
resnet50,patch_shuffle,1436,0.7315344214439392
resnet50,patch_shuffle,7544,0.7957562804222107
resnet50,patch_shuffle,3383,0.7035282850265503
resnet50,patch_shuffle,1977,0.7268639206886292
resnet50,patch_shuffle,2750,0.7953090071678162
resnet50,patch_shuffle,7996,0.6271718740463257
resnet50,patch_shuffle,6989,0.7758907675743103
resnet50,patch_shuffle,1431,0.5496216416358948
resnet50,patch_shuffle,7416,0.7474341988563538
resnet50,patch_shuffle,4547,0.6804496645927429
resnet50,patch_shuffle,42,0.6405622363090515
resnet50,patch_shuffle,5117,0.7777676582336426
resnet50,patch_shuffle,4411,0.7440260648727417
resnet50,patch_shuffle,5789,0.7627288103103638
resnet50,patch_shuffle,483,0.8111730813980103
resnet50,patch_shuffle,6650,0.7479991912841797
resnet50,patch_shuffle,4881,0.7831971645355225
resnet50,patch_shuffle,391,0.6290780305862427
resnet50,patch_shuffle,370,0.6573610901832581
resnet50,patch_shuffle,419,0.787902295589447
resnet50,patch_shuffle,3318,0.497483491897583
resnet50,patch_shuffle,4355,0.7752255201339722
resnet50,patch_shuffle,5402,0.8446052074432373
resnet50,patch_shuffle,5332,0.7179903388023376
resnet50,patch_shuffle,239,0.7366483211517334
resnet50,patch_shuffle,6271,0.7352518439292908
resnet50,patch_shuffle,1129,0.6911223530769348
resnet50,patch_shuffle,2391,0.7085336446762085
resnet50,patch_shuffle,191,0.7751306891441345
resnet50,patch_shuffle,5447,0.6706877946853638
resnet50,patch_shuffle,6528,0.6580944061279297
vit_b_16,grayscale,632,0.8161098957061768
vit_b_16,grayscale,131,0.7796193361282349
vit_b_16,grayscale,7081,0.8192241787910461
vit_b_16,grayscale,1836,0.7586649060249329
vit_b_16,grayscale,6437,0.9144225716590881
vit_b_16,grayscale,6609,0.7673850059509277
vit_b_16,grayscale,3467,0.47359156608581543
vit_b_16,grayscale,1401,0.7476558685302734
vit_b_16,grayscale,1839,0.9357340335845947
vit_b_16,grayscale,4168,0.542266845703125
vit_b_16,grayscale,35,0.5609728693962097
vit_b_16,grayscale,4177,0.7035239934921265
vit_b_16,grayscale,7270,0.7065035104751587
vit_b_16,grayscale,2265,0.678656816482544
vit_b_16,grayscale,3288,0.7426242232322693
vit_b_16,grayscale,5451,0.6788207292556763
vit_b_16,grayscale,4023,0.7190786004066467
vit_b_16,grayscale,261,0.8794318437576294
vit_b_16,grayscale,4570,0.7865868806838989
vit_b_16,grayscale,4966,0.7815725207328796
vit_b_16,grayscale,7955,0.7444065809249878
vit_b_16,grayscale,6288,0.7370253205299377
vit_b_16,grayscale,7810,0.8239928483963013
vit_b_16,grayscale,1927,0.8945609927177429
vit_b_16,grayscale,1871,0.8126616477966309
vit_b_16,grayscale,6922,0.7519654035568237
vit_b_16,grayscale,3512,0.6909079551696777
vit_b_16,grayscale,4754,0.6943055987358093
vit_b_16,grayscale,714,0.7512959241867065
vit_b_16,grayscale,2191,0.6201382279396057
vit_b_16,grayscale,4615,0.8262555003166199
vit_b_16,grayscale,4662,0.8345580697059631
vit_b_16,grayscale,5915,0.5376322269439697
vit_b_16,grayscale,766,0.672459065914154
vit_b_16,grayscale,5218,0.8521566390991211
vit_b_16,grayscale,2340,0.7673668265342712
vit_b_16,grayscale,1954,0.7482874989509583
vit_b_16,grayscale,7875,0.5788549184799194
vit_b_16,grayscale,3418,0.8189238905906677
vit_b_16,grayscale,5572,0.8040522933006287
vit_b_16,grayscale,5977,0.8412513136863708
vit_b_16,grayscale,5123,0.6886886358261108
vit_b_16,grayscale,5851,0.9295232892036438
vit_b_16,grayscale,4094,0.7822821140289307
vit_b_16,grayscale,4254,0.68359375
vit_b_16,grayscale,2501,0.7696338891983032
vit_b_16,grayscale,6938,0.8371400833129883
vit_b_16,grayscale,171,0.8559154868125916
vit_b_16,grayscale,4215,0.20013807713985443
vit_b_16,grayscale,5705,0.5923272967338562
vit_b_16,grayscale,3458,0.7674694061279297
vit_b_16,grayscale,1220,0.7207371592521667
vit_b_16,grayscale,962,0.6739081144332886
vit_b_16,grayscale,2950,0.8047927618026733
vit_b_16,grayscale,2623,0.3708532452583313
vit_b_16,grayscale,4539,0.906521737575531
vit_b_16,grayscale,1553,0.7945296764373779
vit_b_16,grayscale,4740,0.6784542798995972
vit_b_16,grayscale,6844,0.8252272009849548
vit_b_16,grayscale,2668,0.6887126564979553
vit_b_16,grayscale,3153,0.55290687084198
vit_b_16,grayscale,5135,0.7281879782676697
vit_b_16,grayscale,2291,0.6252909898757935
vit_b_16,grayscale,116,0.6473358869552612
vit_b_16,grayscale,7797,0.6391171216964722
vit_b_16,grayscale,4609,0.7126699090003967
vit_b_16,grayscale,81,0.9999998807907104
vit_b_16,grayscale,5580,0.6375108957290649
vit_b_16,grayscale,3024,0.849108099937439
vit_b_16,grayscale,2766,0.9013268351554871
vit_b_16,grayscale,5000,0.7857546806335449
vit_b_16,grayscale,2610,0.7267131209373474
vit_b_16,grayscale,2024,0.7699099779129028
vit_b_16,grayscale,6097,0.7130730748176575
vit_b_16,grayscale,964,0.733668863773346
vit_b_16,grayscale,7634,0.9069689512252808
vit_b_16,grayscale,6434,0.7575523257255554
vit_b_16,grayscale,5183,0.8029060363769531
vit_b_16,grayscale,6986,0.665695309638977
vit_b_16,grayscale,645,0.6106324195861816
vit_b_16,grayscale,3347,0.7904833555221558
vit_b_16,grayscale,5677,0.8035050630569458
vit_b_16,grayscale,3412,0.622373640537262
vit_b_16,grayscale,3937,0.7145741581916809
vit_b_16,grayscale,873,0.8049566745758057
vit_b_16,grayscale,2167,0.7095682621002197
vit_b_16,grayscale,6490,0.8741739988327026
vit_b_16,grayscale,738,0.6615676879882812
vit_b_16,grayscale,6616,0.8091259002685547
vit_b_16,grayscale,4093,0.7701539993286133
vit_b_16,grayscale,5788,0.8149042725563049
vit_b_16,grayscale,7818,0.9649654626846313
vit_b_16,grayscale,304,0.554282009601593
vit_b_16,grayscale,2082,0.6920534372329712
vit_b_16,grayscale,2746,0.7607107162475586
vit_b_16,grayscale,7944,0.49188920855522156
vit_b_16,grayscale,6689,0.6792042255401611
vit_b_16,grayscale,2414,0.6875983476638794
vit_b_16,grayscale,3779,0.7986623644828796
vit_b_16,grayscale,2095,0.7688353061676025
vit_b_16,grayscale,7262,0.6848180294036865
vit_b_16,grayscale,5694,0.9323827028274536
vit_b_16,grayscale,7413,0.8758898973464966
vit_b_16,grayscale,6805,0.7270134687423706
vit_b_16,grayscale,3446,0.6590646505355835
vit_b_16,grayscale,2807,0.5802284479141235
vit_b_16,grayscale,7940,0.7559360265731812
vit_b_16,grayscale,4172,0.767645001411438
vit_b_16,grayscale,7744,0.6924721598625183
vit_b_16,grayscale,1586,0.7988000512123108
vit_b_16,grayscale,7999,0.7073367834091187
vit_b_16,grayscale,6349,0.5994348526000977
vit_b_16,grayscale,6594,0.7713364362716675
vit_b_16,grayscale,2109,0.829882025718689
vit_b_16,grayscale,3079,0.4690772593021393
vit_b_16,grayscale,2070,0.4123988151550293
vit_b_16,grayscale,319,0.7213305234909058
vit_b_16,grayscale,2888,0.8911200165748596
vit_b_16,grayscale,6224,0.7629640102386475
vit_b_16,grayscale,3353,0.7874675989151001
vit_b_16,grayscale,6244,0.7475932836532593
vit_b_16,grayscale,4704,0.6578088402748108
vit_b_16,grayscale,2427,0.8239054679870605
vit_b_16,grayscale,7995,0.6090165972709656
vit_b_16,grayscale,1124,0.7148463726043701
vit_b_16,grayscale,6733,0.7692397236824036
vit_b_16,grayscale,2062,0.8938165903091431
vit_b_16,grayscale,805,0.7227923274040222
vit_b_16,grayscale,2028,0.6513983011245728
vit_b_16,grayscale,2392,0.7722910642623901
vit_b_16,grayscale,3292,0.519047737121582
vit_b_16,grayscale,1440,0.776733934879303
vit_b_16,grayscale,1115,0.6047579646110535
vit_b_16,grayscale,4242,0.8482081294059753
vit_b_16,grayscale,2230,0.6123985052108765
vit_b_16,grayscale,3163,0.7371624708175659
vit_b_16,grayscale,545,0.7878293991088867
vit_b_16,grayscale,3863,0.909342348575592
vit_b_16,grayscale,4748,0.8988403081893921
vit_b_16,grayscale,2399,0.7746545076370239
vit_b_16,grayscale,4341,0.6810099482536316
vit_b_16,grayscale,3078,0.989513635635376
vit_b_16,grayscale,3763,0.752194881439209
vit_b_16,grayscale,2958,0.6971331834793091
vit_b_16,grayscale,6381,0.8852248787879944
vit_b_16,grayscale,1640,0.7864481806755066
vit_b_16,grayscale,1783,0.7170138359069824
vit_b_16,grayscale,3914,0.7876325249671936
vit_b_16,grayscale,1534,0.9958815574645996
vit_b_16,grayscale,685,0.6995002627372742
vit_b_16,grayscale,4617,0.6320132613182068
vit_b_16,grayscale,5508,0.8535787463188171
vit_b_16,grayscale,1022,0.639488935470581
vit_b_16,grayscale,1230,0.5397220849990845
vit_b_16,grayscale,7475,0.6116477251052856
vit_b_16,grayscale,5756,0.9740937948226929
vit_b_16,grayscale,3122,0.7202794551849365
vit_b_16,grayscale,7202,0.5589990019798279
vit_b_16,grayscale,4723,0.770570695400238
vit_b_16,grayscale,1552,0.7331422567367554
vit_b_16,grayscale,603,0.8558782935142517
vit_b_16,grayscale,2861,1.0
vit_b_16,grayscale,6426,0.9561126828193665
vit_b_16,grayscale,7864,0.7313602566719055
vit_b_16,grayscale,5729,0.6872775554656982
vit_b_16,grayscale,7474,0.42786216735839844
vit_b_16,grayscale,4298,0.9141601324081421
vit_b_16,grayscale,1175,0.9248992204666138
vit_b_16,grayscale,3454,0.8851948976516724
vit_b_16,grayscale,2754,0.6166746616363525
vit_b_16,grayscale,855,0.8550231456756592
vit_b_16,grayscale,2854,0.552107036113739
vit_b_16,grayscale,5092,0.6989346742630005
vit_b_16,grayscale,5590,0.8255425691604614
vit_b_16,grayscale,4463,0.847294807434082
vit_b_16,grayscale,5318,0.6981526017189026
vit_b_16,grayscale,3515,0.7922952175140381
vit_b_16,grayscale,4642,0.7546684741973877
vit_b_16,grayscale,852,0.8904954791069031
vit_b_16,grayscale,1247,0.7694202661514282
vit_b_16,grayscale,7084,0.8811308741569519
vit_b_16,grayscale,5301,0.7202063798904419
vit_b_16,grayscale,5082,0.4882494807243347
vit_b_16,grayscale,5077,0.7423070669174194
vit_b_16,grayscale,1563,0.701682448387146
vit_b_16,grayscale,29,1.0000001192092896
vit_b_16,grayscale,3867,0.7051239013671875
vit_b_16,grayscale,4620,0.6258067488670349
vit_b_16,grayscale,4065,0.7871605157852173
vit_b_16,grayscale,1095,0.8114759922027588
vit_b_16,grayscale,4229,0.8442056179046631
vit_b_16,grayscale,3562,0.5597776174545288
vit_b_16,grayscale,2342,0.8061431646347046
vit_b_16,grayscale,1667,0.9999998807907104
vit_b_16,grayscale,7033,0.8062416911125183
vit_b_16,grayscale,1771,0.8615987300872803
vit_b_16,grayscale,3157,0.49017345905303955
vit_b_16,grayscale,3851,0.7004711627960205
vit_b_16,grayscale,1287,0.8661284446716309
vit_b_16,grayscale,7320,0.667052686214447
vit_b_16,grayscale,7600,0.7885910272598267
vit_b_16,grayscale,3852,0.8410897850990295
vit_b_16,grayscale,269,0.6242068409919739
vit_b_16,grayscale,1703,0.6093785166740417
vit_b_16,grayscale,7776,0.7398712635040283
vit_b_16,grayscale,3891,0.6673401594161987
vit_b_16,grayscale,7009,0.8040904998779297
vit_b_16,grayscale,4893,0.8335018754005432
vit_b_16,grayscale,2351,0.8692302703857422
vit_b_16,grayscale,3550,0.7714823484420776
vit_b_16,grayscale,5719,0.9420266151428223
vit_b_16,grayscale,1884,0.822382926940918
vit_b_16,grayscale,2898,0.875497579574585
vit_b_16,grayscale,4640,0.489966481924057
vit_b_16,grayscale,7610,0.7892822027206421
vit_b_16,grayscale,1833,0.8121528625488281
vit_b_16,grayscale,6455,0.7142581939697266
vit_b_16,grayscale,3893,0.7584426999092102
vit_b_16,grayscale,4731,0.5579478740692139
vit_b_16,grayscale,929,0.7532013654708862
vit_b_16,grayscale,3962,0.7545302510261536
vit_b_16,grayscale,3778,0.8141846656799316
vit_b_16,grayscale,1429,0.7308887243270874
vit_b_16,grayscale,49,0.7826200723648071
vit_b_16,grayscale,276,0.7315911054611206
vit_b_16,grayscale,6076,0.8817129135131836
vit_b_16,grayscale,1389,0.8524881601333618
vit_b_16,grayscale,3362,0.7554874420166016
vit_b_16,grayscale,317,0.8079156875610352
vit_b_16,grayscale,4675,0.8816064596176147
vit_b_16,grayscale,5924,0.8458470702171326
vit_b_16,grayscale,198,0.6482820510864258
vit_b_16,grayscale,7779,0.6641806364059448
vit_b_16,grayscale,4054,0.6065380573272705
vit_b_16,grayscale,5556,0.7879388928413391
vit_b_16,grayscale,2687,0.8323500752449036
vit_b_16,grayscale,1202,0.7854017019271851
vit_b_16,grayscale,97,0.784853458404541
vit_b_16,grayscale,6033,0.6638609170913696
vit_b_16,grayscale,1711,0.5707145929336548
vit_b_16,grayscale,1430,0.7389703392982483
vit_b_16,grayscale,739,0.6835041046142578
vit_b_16,grayscale,3491,0.6378093957901001
vit_b_16,grayscale,1568,0.5648506283760071
vit_b_16,grayscale,1211,0.7323317527770996
vit_b_16,grayscale,4913,0.7656815052032471
vit_b_16,grayscale,2502,0.8106942772865295
vit_b_16,grayscale,2539,0.8069414496421814
vit_b_16,grayscale,979,0.7149296998977661
vit_b_16,grayscale,6354,0.5855804681777954
vit_b_16,grayscale,4735,0.799628496170044
vit_b_16,grayscale,5912,0.7670788168907166
vit_b_16,grayscale,3844,0.6550717949867249
vit_b_16,grayscale,1263,0.7594342827796936
vit_b_16,grayscale,3404,0.8609857559204102
vit_b_16,grayscale,3905,0.8495976328849792
vit_b_16,grayscale,1596,0.6206539273262024
vit_b_16,grayscale,3083,0.5393149256706238
vit_b_16,grayscale,2003,0.6703398823738098
vit_b_16,grayscale,5030,0.814903199672699
vit_b_16,grayscale,95,0.8274110555648804
vit_b_16,grayscale,2757,0.6789913177490234
vit_b_16,grayscale,3413,0.868898868560791
vit_b_16,grayscale,5488,0.7923926711082458
vit_b_16,grayscale,4827,0.6242796182632446
vit_b_16,grayscale,1877,0.37702256441116333
vit_b_16,grayscale,2157,0.398013710975647
vit_b_16,grayscale,4821,0.6781457662582397
vit_b_16,grayscale,4953,0.7183944582939148
vit_b_16,grayscale,5525,0.821238100528717
vit_b_16,grayscale,5381,0.7114142179489136
vit_b_16,grayscale,672,0.8203108906745911
vit_b_16,grayscale,323,0.8684628009796143
vit_b_16,grayscale,5436,0.8147568106651306
vit_b_16,grayscale,5450,0.9145174622535706
vit_b_16,grayscale,6358,0.5881513357162476
vit_b_16,grayscale,372,0.7475060820579529
vit_b_16,grayscale,378,0.8711224794387817
vit_b_16,grayscale,7706,0.7026185989379883
vit_b_16,grayscale,2178,0.6737318634986877
vit_b_16,grayscale,5237,0.7599049806594849
vit_b_16,grayscale,5478,0.6457409262657166
vit_b_16,grayscale,5452,0.8858668804168701
vit_b_16,grayscale,5623,0.6199178099632263
vit_b_16,grayscale,6772,0.6315159201622009
vit_b_16,grayscale,1111,0.640625536441803
vit_b_16,grayscale,5528,0.8770195245742798
vit_b_16,grayscale,3777,0.4699704349040985
vit_b_16,grayscale,2458,0.7466140985488892
vit_b_16,grayscale,4921,0.8619428873062134
vit_b_16,grayscale,3015,0.7501196265220642
vit_b_16,grayscale,7476,0.74847012758255
vit_b_16,grayscale,1520,0.7570778131484985
vit_b_16,grayscale,6713,0.8638293147087097
vit_b_16,grayscale,1852,0.793748140335083
vit_b_16,grayscale,2268,0.8422638773918152
vit_b_16,grayscale,151,0.6244458556175232
vit_b_16,grayscale,890,0.8053667545318604
vit_b_16,grayscale,825,0.8741975426673889
vit_b_16,grayscale,2536,0.6952110528945923
vit_b_16,grayscale,470,0.8501987457275391
vit_b_16,grayscale,5256,0.35868310928344727
vit_b_16,grayscale,2011,0.8610019683837891
vit_b_16,grayscale,7150,0.8815920352935791
vit_b_16,grayscale,449,0.7067793607711792
vit_b_16,grayscale,2704,0.8554129600524902
vit_b_16,grayscale,3437,0.7611116170883179
vit_b_16,grayscale,3375,0.7149781584739685
vit_b_16,grayscale,4552,0.5799437165260315
vit_b_16,grayscale,920,0.8154634237289429
vit_b_16,grayscale,2242,0.729768693447113
vit_b_16,grayscale,2745,0.7940462827682495
vit_b_16,grayscale,1032,0.6799517869949341
vit_b_16,grayscale,365,0.7225083708763123
vit_b_16,grayscale,4850,0.7661519050598145
vit_b_16,grayscale,4819,0.7321376800537109
vit_b_16,grayscale,7338,0.6767212748527527
vit_b_16,grayscale,7372,0.925423264503479
vit_b_16,grayscale,1090,0.7761474251747131
vit_b_16,grayscale,5062,0.6980854272842407
vit_b_16,grayscale,981,0.8349374532699585
vit_b_16,grayscale,5857,0.8547312021255493
vit_b_16,grayscale,1986,0.7974871397018433
vit_b_16,grayscale,5560,0.16784492135047913
vit_b_16,grayscale,1814,0.7328383922576904
vit_b_16,grayscale,194,0.8037338852882385
vit_b_16,grayscale,1993,0.6878297924995422
vit_b_16,grayscale,5333,0.7977477312088013
vit_b_16,grayscale,4311,0.8102035522460938
vit_b_16,grayscale,7425,0.8931458592414856
vit_b_16,grayscale,3889,0.8303658366203308
vit_b_16,grayscale,4308,0.6162635087966919
vit_b_16,grayscale,1960,0.518941342830658
vit_b_16,grayscale,4399,0.8016343116760254
vit_b_16,grayscale,3191,0.7269240021705627
vit_b_16,grayscale,1626,0.6863381266593933
vit_b_16,grayscale,176,0.7158793210983276
vit_b_16,grayscale,7726,0.6417886018753052
vit_b_16,grayscale,2334,0.714388370513916
vit_b_16,grayscale,1648,0.9182356595993042
vit_b_16,grayscale,6084,0.9152581691741943
vit_b_16,grayscale,3455,0.8737669587135315
vit_b_16,grayscale,1468,0.7331072688102722
vit_b_16,grayscale,1296,0.5338318943977356
vit_b_16,grayscale,5213,0.780057430267334
vit_b_16,grayscale,7047,0.8909013271331787
vit_b_16,grayscale,5360,0.7209743857383728
vit_b_16,grayscale,5824,0.638240396976471
vit_b_16,grayscale,7460,0.8294243216514587
vit_b_16,grayscale,4791,0.9011080861091614
vit_b_16,grayscale,6692,0.8220968842506409
vit_b_16,grayscale,6931,0.5175402164459229
vit_b_16,grayscale,667,0.7321034073829651
vit_b_16,grayscale,7781,0.8481860756874084
vit_b_16,grayscale,7793,0.6859391927719116
vit_b_16,grayscale,1411,0.8846532106399536
vit_b_16,grayscale,1473,0.8433677554130554
vit_b_16,grayscale,7130,0.8841036558151245
vit_b_16,grayscale,1956,0.6322649717330933
vit_b_16,grayscale,6716,0.7353171706199646
vit_b_16,grayscale,4106,0.7184165120124817
vit_b_16,grayscale,3494,0.7337489724159241
vit_b_16,grayscale,691,0.6726875305175781
vit_b_16,grayscale,5220,0.44338542222976685
vit_b_16,grayscale,4908,0.7430562376976013
vit_b_16,grayscale,7029,0.541047990322113
vit_b_16,grayscale,4130,0.7550714015960693
vit_b_16,grayscale,7938,0.7407971620559692
vit_b_16,grayscale,5101,0.7432900667190552
vit_b_16,grayscale,1515,0.8257260322570801
vit_b_16,grayscale,3287,0.7566320300102234
vit_b_16,grayscale,716,0.8911786079406738
vit_b_16,grayscale,4236,0.6119416952133179
vit_b_16,grayscale,5408,0.677897036075592
vit_b_16,grayscale,5496,0.6910495758056641
vit_b_16,grayscale,3365,0.7956836223602295
vit_b_16,grayscale,4323,0.7038834691047668
vit_b_16,grayscale,5467,0.7001763582229614
vit_b_16,grayscale,1644,0.7124568223953247
vit_b_16,grayscale,3948,0.7123919129371643
vit_b_16,grayscale,6726,0.78423672914505
vit_b_16,grayscale,5395,0.7085243463516235
vit_b_16,grayscale,1579,0.7030718326568604
vit_b_16,grayscale,5918,0.788332462310791
vit_b_16,grayscale,7041,0.8040263652801514
vit_b_16,grayscale,506,0.6953215003013611
vit_b_16,grayscale,4011,0.7294816970825195
vit_b_16,grayscale,5981,0.6675581932067871
vit_b_16,grayscale,409,0.8391097187995911
vit_b_16,grayscale,6954,0.7083526849746704
vit_b_16,grayscale,7555,0.7022591829299927
vit_b_16,grayscale,3965,0.9443780779838562
vit_b_16,grayscale,7266,0.6420626640319824
vit_b_16,grayscale,4785,0.9078356027603149
vit_b_16,grayscale,6028,0.8644188642501831
vit_b_16,grayscale,6503,0.7837786078453064
vit_b_16,grayscale,6414,0.7198589444160461
vit_b_16,grayscale,5382,0.7717294692993164
vit_b_16,grayscale,6836,0.2184627503156662
vit_b_16,grayscale,6508,0.7954864501953125
vit_b_16,grayscale,3994,0.7410986423492432
vit_b_16,grayscale,3942,0.7411394119262695
vit_b_16,grayscale,3542,0.8346849679946899
vit_b_16,grayscale,6952,0.6376821994781494
vit_b_16,grayscale,4290,0.4641325771808624
vit_b_16,grayscale,7446,0.8883746266365051
vit_b_16,grayscale,6169,0.21794633567333221
vit_b_16,grayscale,1109,0.7748714685440063
vit_b_16,grayscale,3179,0.6908049583435059
vit_b_16,grayscale,7835,0.7476162910461426
vit_b_16,grayscale,7390,0.8612419962882996
vit_b_16,grayscale,568,0.9034678339958191
vit_b_16,grayscale,4629,0.48993226885795593
vit_b_16,grayscale,7138,0.5329901576042175
vit_b_16,grayscale,5284,0.38437870144844055
vit_b_16,grayscale,3,0.7530048489570618
vit_b_16,grayscale,2690,0.5821170210838318
vit_b_16,grayscale,5858,0.5221397876739502
vit_b_16,grayscale,1266,0.709927499294281
vit_b_16,grayscale,3034,0.7289493083953857
vit_b_16,grayscale,2655,0.7873610854148865
vit_b_16,grayscale,6190,0.7214409708976746
vit_b_16,grayscale,4170,0.8073723912239075
vit_b_16,grayscale,7380,0.8369765877723694
vit_b_16,grayscale,7752,0.8382385969161987
vit_b_16,grayscale,3996,0.7746283411979675
vit_b_16,grayscale,1204,0.7607458233833313
vit_b_16,grayscale,1654,0.7997963428497314
vit_b_16,grayscale,4746,0.6448819637298584
vit_b_16,grayscale,4590,0.7703571915626526
vit_b_16,grayscale,562,0.8838408589363098
vit_b_16,grayscale,7108,0.7544302940368652
vit_b_16,grayscale,5999,0.8099833130836487
vit_b_16,grayscale,1403,0.7602057456970215
vit_b_16,grayscale,4403,0.8092281818389893
vit_b_16,grayscale,6332,0.8166744709014893
vit_b_16,grayscale,6264,0.8544379472732544
vit_b_16,grayscale,303,0.9139444828033447
vit_b_16,grayscale,791,0.8894373774528503
vit_b_16,grayscale,3067,0.8182281255722046
vit_b_16,grayscale,484,0.7089309692382812
vit_b_16,grayscale,1370,0.7300048470497131
vit_b_16,grayscale,4069,0.601754367351532
vit_b_16,grayscale,7373,0.6899256110191345
vit_b_16,grayscale,4330,0.47143223881721497
vit_b_16,grayscale,5701,0.8302157521247864
vit_b_16,grayscale,7465,0.8228276371955872
vit_b_16,grayscale,1531,0.5629588961601257
vit_b_16,grayscale,4676,0.8491453528404236
vit_b_16,grayscale,4531,0.5417951345443726
vit_b_16,grayscale,706,0.7742128968238831
vit_b_16,grayscale,2844,0.8618758916854858
vit_b_16,grayscale,3755,0.752021074295044
vit_b_16,grayscale,5848,0.753883421421051
vit_b_16,grayscale,2114,0.8606261014938354
vit_b_16,grayscale,3876,0.8193939924240112
vit_b_16,grayscale,677,0.8838836550712585
vit_b_16,grayscale,2116,0.630633533000946
vit_b_16,grayscale,4661,0.8713489770889282
vit_b_16,grayscale,2676,0.6894055008888245
vit_b_16,grayscale,3025,1.0000001192092896
vit_b_16,grayscale,4449,0.6868588328361511
vit_b_16,grayscale,977,0.5826820135116577
vit_b_16,grayscale,4990,0.6000824570655823
vit_b_16,grayscale,7309,0.824241042137146
vit_b_16,grayscale,1048,0.8459407091140747
vit_b_16,grayscale,3276,0.739068329334259
vit_b_16,grayscale,5512,0.685704231262207
vit_b_16,grayscale,7692,0.7207998633384705
vit_b_16,grayscale,1436,0.621833860874176
vit_b_16,grayscale,7544,0.6864197850227356
vit_b_16,grayscale,3383,0.8694683313369751
vit_b_16,grayscale,1977,0.9132957458496094
vit_b_16,grayscale,2750,0.6179553866386414
vit_b_16,grayscale,7996,0.4927438795566559
vit_b_16,grayscale,6989,0.8799186944961548
vit_b_16,grayscale,1431,0.7939246296882629
vit_b_16,grayscale,7416,0.524276852607727
vit_b_16,grayscale,4547,0.7704081535339355
vit_b_16,grayscale,42,0.9859959483146667
vit_b_16,grayscale,5117,0.7249023914337158
vit_b_16,grayscale,4411,0.6099412441253662
vit_b_16,grayscale,5789,0.7058387994766235
vit_b_16,grayscale,483,0.7437710762023926
vit_b_16,grayscale,6650,0.5301252603530884
vit_b_16,grayscale,4881,0.49539923667907715
vit_b_16,grayscale,391,0.8138256669044495
vit_b_16,grayscale,370,0.7925347089767456
vit_b_16,grayscale,419,0.8295730948448181
vit_b_16,grayscale,3318,0.8668976426124573
vit_b_16,grayscale,4355,0.5859900712966919
vit_b_16,grayscale,5402,0.6977584958076477
vit_b_16,grayscale,5332,0.6798339486122131
vit_b_16,grayscale,239,0.777717113494873
vit_b_16,grayscale,6271,0.8774228692054749
vit_b_16,grayscale,1129,0.7105624675750732
vit_b_16,grayscale,2391,0.5743966698646545
vit_b_16,grayscale,191,0.8413657546043396
vit_b_16,grayscale,5447,0.7651085257530212
vit_b_16,grayscale,6528,0.6955431699752808
vit_b_16,patch_shuffle,632,0.7968368530273438
vit_b_16,patch_shuffle,131,0.5213800668716431
vit_b_16,patch_shuffle,7081,0.8190457820892334
vit_b_16,patch_shuffle,1836,0.7287687659263611
vit_b_16,patch_shuffle,6437,0.6592058539390564
vit_b_16,patch_shuffle,6609,0.6975260376930237
vit_b_16,patch_shuffle,3467,0.5772088766098022
vit_b_16,patch_shuffle,1401,0.7393738627433777
vit_b_16,patch_shuffle,1839,0.49876612424850464
vit_b_16,patch_shuffle,4168,0.6377699375152588
vit_b_16,patch_shuffle,35,0.5585054159164429
vit_b_16,patch_shuffle,4177,0.5871611833572388
vit_b_16,patch_shuffle,7270,0.8248470425605774
vit_b_16,patch_shuffle,2265,0.6826633214950562
vit_b_16,patch_shuffle,3288,0.8587631583213806
vit_b_16,patch_shuffle,5451,0.6140482425689697
vit_b_16,patch_shuffle,4023,0.7838755249977112
vit_b_16,patch_shuffle,261,0.9203095436096191
vit_b_16,patch_shuffle,4570,0.583873450756073
vit_b_16,patch_shuffle,4966,0.6536737084388733
vit_b_16,patch_shuffle,7955,0.46839088201522827
vit_b_16,patch_shuffle,6288,0.6198797821998596
vit_b_16,patch_shuffle,7810,0.7407901287078857
vit_b_16,patch_shuffle,1927,0.7522991895675659
vit_b_16,patch_shuffle,1871,0.6358122825622559
vit_b_16,patch_shuffle,6922,0.5387175679206848
vit_b_16,patch_shuffle,3512,0.598246693611145
vit_b_16,patch_shuffle,4754,0.6926993727684021
vit_b_16,patch_shuffle,714,0.4407140016555786
vit_b_16,patch_shuffle,2191,0.7262911200523376
vit_b_16,patch_shuffle,4615,0.7795684337615967
vit_b_16,patch_shuffle,4662,0.762778103351593
vit_b_16,patch_shuffle,5915,0.78957200050354
vit_b_16,patch_shuffle,766,0.590384840965271
vit_b_16,patch_shuffle,5218,0.7499462366104126
vit_b_16,patch_shuffle,2340,0.6172309517860413
vit_b_16,patch_shuffle,1954,0.7824416756629944
vit_b_16,patch_shuffle,7875,0.5748066306114197
vit_b_16,patch_shuffle,3418,0.7064297795295715
vit_b_16,patch_shuffle,5572,0.6395735144615173
vit_b_16,patch_shuffle,5977,0.8879127502441406
vit_b_16,patch_shuffle,5123,0.5988006591796875
vit_b_16,patch_shuffle,5851,0.8349276781082153
vit_b_16,patch_shuffle,4094,0.5072345733642578
vit_b_16,patch_shuffle,4254,0.7831371426582336
vit_b_16,patch_shuffle,2501,0.8065940141677856
vit_b_16,patch_shuffle,6938,0.7369499206542969
vit_b_16,patch_shuffle,171,0.6207829713821411
vit_b_16,patch_shuffle,4215,0.6620966792106628
vit_b_16,patch_shuffle,5705,0.7004579305648804
vit_b_16,patch_shuffle,3458,0.7227844595909119
vit_b_16,patch_shuffle,1220,0.8604644536972046
vit_b_16,patch_shuffle,962,0.6916720867156982
vit_b_16,patch_shuffle,2950,0.7079117894172668
vit_b_16,patch_shuffle,2623,0.6830552220344543
vit_b_16,patch_shuffle,4539,0.8179469704627991
vit_b_16,patch_shuffle,1553,0.5916600227355957
vit_b_16,patch_shuffle,4740,0.6627204418182373
vit_b_16,patch_shuffle,6844,0.8181664943695068
vit_b_16,patch_shuffle,2668,0.8579429388046265
vit_b_16,patch_shuffle,3153,0.6627458333969116
vit_b_16,patch_shuffle,5135,0.6856528520584106
vit_b_16,patch_shuffle,2291,0.5454765558242798
vit_b_16,patch_shuffle,116,0.56891930103302
vit_b_16,patch_shuffle,7797,0.73354572057724
vit_b_16,patch_shuffle,4609,0.4170973002910614
vit_b_16,patch_shuffle,81,0.5073460936546326
vit_b_16,patch_shuffle,5580,0.61443692445755
vit_b_16,patch_shuffle,3024,0.4049302041530609
vit_b_16,patch_shuffle,2766,0.4486671984195709
vit_b_16,patch_shuffle,5000,0.7638673782348633
vit_b_16,patch_shuffle,2610,0.48875558376312256
vit_b_16,patch_shuffle,2024,0.6718465089797974
vit_b_16,patch_shuffle,6097,0.5724460482597351
vit_b_16,patch_shuffle,964,0.581182062625885
vit_b_16,patch_shuffle,7634,0.703233003616333
vit_b_16,patch_shuffle,6434,0.697329580783844
vit_b_16,patch_shuffle,5183,0.8277133703231812
vit_b_16,patch_shuffle,6986,0.710390567779541
vit_b_16,patch_shuffle,645,0.6598856449127197
vit_b_16,patch_shuffle,3347,0.7205774784088135
vit_b_16,patch_shuffle,5677,0.5648301839828491
vit_b_16,patch_shuffle,3412,0.7343004941940308
vit_b_16,patch_shuffle,3937,0.6476826071739197
vit_b_16,patch_shuffle,873,0.4260667860507965
vit_b_16,patch_shuffle,2167,0.6284420490264893
vit_b_16,patch_shuffle,6490,0.7283370494842529
vit_b_16,patch_shuffle,738,0.5803863406181335
vit_b_16,patch_shuffle,6616,0.5982837080955505
vit_b_16,patch_shuffle,4093,0.4785195291042328
vit_b_16,patch_shuffle,5788,0.5439329147338867
vit_b_16,patch_shuffle,7818,0.6433699131011963
vit_b_16,patch_shuffle,304,0.6855144500732422
vit_b_16,patch_shuffle,2082,0.6170529127120972
vit_b_16,patch_shuffle,2746,0.6728711128234863
vit_b_16,patch_shuffle,7944,0.8271601796150208
vit_b_16,patch_shuffle,6689,0.6637133359909058
vit_b_16,patch_shuffle,2414,0.6245260834693909
vit_b_16,patch_shuffle,3779,0.6291866302490234
vit_b_16,patch_shuffle,2095,0.587149441242218
vit_b_16,patch_shuffle,7262,0.8659089207649231
vit_b_16,patch_shuffle,5694,0.7264419794082642
vit_b_16,patch_shuffle,7413,0.5603006482124329
vit_b_16,patch_shuffle,6805,0.7242990732192993
vit_b_16,patch_shuffle,3446,0.5893257260322571
vit_b_16,patch_shuffle,2807,0.6913920640945435
vit_b_16,patch_shuffle,7940,0.46749061346054077
vit_b_16,patch_shuffle,4172,0.7899026870727539
vit_b_16,patch_shuffle,7744,0.5158650279045105
vit_b_16,patch_shuffle,1586,0.45543813705444336
vit_b_16,patch_shuffle,7999,0.6541934013366699
vit_b_16,patch_shuffle,6349,0.4743097424507141
vit_b_16,patch_shuffle,6594,0.8137269616127014
vit_b_16,patch_shuffle,2109,0.6451286673545837
vit_b_16,patch_shuffle,3079,0.6806212067604065
vit_b_16,patch_shuffle,2070,0.6019411683082581
vit_b_16,patch_shuffle,319,0.652996301651001
vit_b_16,patch_shuffle,2888,0.6796804070472717
vit_b_16,patch_shuffle,6224,0.703595757484436
vit_b_16,patch_shuffle,3353,0.6365715861320496
vit_b_16,patch_shuffle,6244,0.5446345210075378
vit_b_16,patch_shuffle,4704,0.6671389937400818
vit_b_16,patch_shuffle,2427,0.7373164296150208
vit_b_16,patch_shuffle,7995,0.6352949738502502
vit_b_16,patch_shuffle,1124,0.5512843132019043
vit_b_16,patch_shuffle,6733,0.7225292921066284
vit_b_16,patch_shuffle,2062,0.7470000982284546
vit_b_16,patch_shuffle,805,0.6606963276863098
vit_b_16,patch_shuffle,2028,0.520984947681427
vit_b_16,patch_shuffle,2392,0.7883372902870178
vit_b_16,patch_shuffle,3292,0.6724941730499268
vit_b_16,patch_shuffle,1440,0.8088333010673523
vit_b_16,patch_shuffle,1115,0.7524805068969727
vit_b_16,patch_shuffle,4242,0.6685807704925537
vit_b_16,patch_shuffle,2230,0.6188881397247314
vit_b_16,patch_shuffle,3163,0.7040770053863525
vit_b_16,patch_shuffle,545,0.6758757829666138
vit_b_16,patch_shuffle,3863,0.786170244216919
vit_b_16,patch_shuffle,4748,0.8346813321113586
vit_b_16,patch_shuffle,2399,0.6651285290718079
vit_b_16,patch_shuffle,4341,0.7649035453796387
vit_b_16,patch_shuffle,3078,0.6195089221000671
vit_b_16,patch_shuffle,3763,0.7327693104743958
vit_b_16,patch_shuffle,2958,0.6979286074638367
vit_b_16,patch_shuffle,6381,0.7595251202583313
vit_b_16,patch_shuffle,1640,0.2744491398334503
vit_b_16,patch_shuffle,1783,0.7180735468864441
vit_b_16,patch_shuffle,3914,0.6899149417877197
vit_b_16,patch_shuffle,1534,0.4340828061103821
vit_b_16,patch_shuffle,685,0.6371245384216309
vit_b_16,patch_shuffle,4617,0.6050830483436584
vit_b_16,patch_shuffle,5508,0.6486448049545288
vit_b_16,patch_shuffle,1022,0.6775007247924805
vit_b_16,patch_shuffle,1230,0.7137085795402527
vit_b_16,patch_shuffle,7475,0.5672860741615295
vit_b_16,patch_shuffle,5756,0.39135295152664185
vit_b_16,patch_shuffle,3122,0.5897396206855774
vit_b_16,patch_shuffle,7202,0.6995300650596619
vit_b_16,patch_shuffle,4723,0.5725530982017517
vit_b_16,patch_shuffle,1552,0.8329318165779114
vit_b_16,patch_shuffle,603,0.4996035695075989
vit_b_16,patch_shuffle,2861,0.6808527708053589
vit_b_16,patch_shuffle,6426,0.6321430802345276
vit_b_16,patch_shuffle,7864,0.7504935264587402
vit_b_16,patch_shuffle,5729,0.5409848690032959
vit_b_16,patch_shuffle,7474,0.6502929925918579
vit_b_16,patch_shuffle,4298,0.8364776372909546
vit_b_16,patch_shuffle,1175,0.673909604549408
vit_b_16,patch_shuffle,3454,0.5340107679367065
vit_b_16,patch_shuffle,2754,0.6107433438301086
vit_b_16,patch_shuffle,855,0.4565608501434326
vit_b_16,patch_shuffle,2854,0.6947650909423828
vit_b_16,patch_shuffle,5092,0.6824424862861633
vit_b_16,patch_shuffle,5590,0.7173113822937012
vit_b_16,patch_shuffle,4463,0.5137535929679871
vit_b_16,patch_shuffle,5318,0.6244109272956848
vit_b_16,patch_shuffle,3515,0.7111833095550537
vit_b_16,patch_shuffle,4642,0.49874618649482727
vit_b_16,patch_shuffle,852,0.30370670557022095
vit_b_16,patch_shuffle,1247,0.7046149969100952
vit_b_16,patch_shuffle,7084,0.5918222069740295
vit_b_16,patch_shuffle,5301,0.38101932406425476
vit_b_16,patch_shuffle,5082,0.6988101601600647
vit_b_16,patch_shuffle,5077,0.770325243473053
vit_b_16,patch_shuffle,1563,0.6597789525985718
vit_b_16,patch_shuffle,29,0.5669615864753723
vit_b_16,patch_shuffle,3867,0.4053391218185425
vit_b_16,patch_shuffle,4620,0.6141884326934814
vit_b_16,patch_shuffle,4065,0.5748803615570068
vit_b_16,patch_shuffle,1095,0.7922031879425049
vit_b_16,patch_shuffle,4229,0.6451045274734497
vit_b_16,patch_shuffle,3562,0.7335455417633057
vit_b_16,patch_shuffle,2342,0.7835085391998291
vit_b_16,patch_shuffle,1667,0.3416883647441864
vit_b_16,patch_shuffle,7033,0.7438410520553589
vit_b_16,patch_shuffle,1771,0.6470959782600403
vit_b_16,patch_shuffle,3157,0.5802985429763794
vit_b_16,patch_shuffle,3851,0.49104803800582886
vit_b_16,patch_shuffle,1287,0.6720077991485596
vit_b_16,patch_shuffle,7320,0.662887692451477
vit_b_16,patch_shuffle,7600,0.8137946128845215
vit_b_16,patch_shuffle,3852,0.6208465695381165
vit_b_16,patch_shuffle,269,0.7749360203742981
vit_b_16,patch_shuffle,1703,0.6566941738128662
vit_b_16,patch_shuffle,7776,0.7163422107696533
vit_b_16,patch_shuffle,3891,0.693513035774231
vit_b_16,patch_shuffle,7009,0.5209794044494629
vit_b_16,patch_shuffle,4893,0.7257245779037476
vit_b_16,patch_shuffle,2351,0.46012091636657715
vit_b_16,patch_shuffle,3550,0.7714787721633911
vit_b_16,patch_shuffle,5719,0.8874387145042419
vit_b_16,patch_shuffle,1884,0.5997347235679626
vit_b_16,patch_shuffle,2898,0.7088951468467712
vit_b_16,patch_shuffle,4640,0.6628777384757996
vit_b_16,patch_shuffle,7610,0.6412081122398376
vit_b_16,patch_shuffle,1833,0.7535475492477417
vit_b_16,patch_shuffle,6455,0.7210584878921509
vit_b_16,patch_shuffle,3893,0.5958024859428406
vit_b_16,patch_shuffle,4731,0.5873720049858093
vit_b_16,patch_shuffle,929,0.7065927386283875
vit_b_16,patch_shuffle,3962,0.684079647064209
vit_b_16,patch_shuffle,3778,0.7332060933113098
vit_b_16,patch_shuffle,1429,0.6783495545387268
vit_b_16,patch_shuffle,49,0.32451412081718445
vit_b_16,patch_shuffle,276,0.720771849155426
vit_b_16,patch_shuffle,6076,0.6516843438148499
vit_b_16,patch_shuffle,1389,0.6610305905342102
vit_b_16,patch_shuffle,3362,0.8171727657318115
vit_b_16,patch_shuffle,317,0.4677107036113739
vit_b_16,patch_shuffle,4675,0.6051394939422607
vit_b_16,patch_shuffle,5924,0.672085702419281
vit_b_16,patch_shuffle,198,0.4788459539413452
vit_b_16,patch_shuffle,7779,0.5623283982276917
vit_b_16,patch_shuffle,4054,0.7512978315353394
vit_b_16,patch_shuffle,5556,0.6942272782325745
vit_b_16,patch_shuffle,2687,0.570347011089325
vit_b_16,patch_shuffle,1202,0.6556507349014282
vit_b_16,patch_shuffle,97,0.6726713180541992
vit_b_16,patch_shuffle,6033,0.5126065015792847
vit_b_16,patch_shuffle,1711,0.8401879072189331
vit_b_16,patch_shuffle,1430,0.5386546850204468
vit_b_16,patch_shuffle,739,0.5527063012123108
vit_b_16,patch_shuffle,3491,0.5284503698348999
vit_b_16,patch_shuffle,1568,0.5647029876708984
vit_b_16,patch_shuffle,1211,0.5836682915687561
vit_b_16,patch_shuffle,4913,0.576704740524292
vit_b_16,patch_shuffle,2502,0.8506265878677368
vit_b_16,patch_shuffle,2539,0.7594975829124451
vit_b_16,patch_shuffle,979,0.5933189988136292
vit_b_16,patch_shuffle,6354,0.5658484101295471
vit_b_16,patch_shuffle,4735,0.6968366503715515
vit_b_16,patch_shuffle,5912,0.7228686809539795
vit_b_16,patch_shuffle,3844,0.6882064938545227
vit_b_16,patch_shuffle,1263,0.6429654359817505
vit_b_16,patch_shuffle,3404,0.759920597076416
vit_b_16,patch_shuffle,3905,0.640531599521637
vit_b_16,patch_shuffle,1596,0.8411736488342285
vit_b_16,patch_shuffle,3083,0.5838708281517029
vit_b_16,patch_shuffle,2003,0.7397320866584778
vit_b_16,patch_shuffle,5030,0.835422158241272
vit_b_16,patch_shuffle,95,0.6696954369544983
vit_b_16,patch_shuffle,2757,0.6885012984275818
vit_b_16,patch_shuffle,3413,0.6548386216163635
vit_b_16,patch_shuffle,5488,0.21456053853034973
vit_b_16,patch_shuffle,4827,0.6426120400428772
vit_b_16,patch_shuffle,1877,0.6185928583145142
vit_b_16,patch_shuffle,2157,0.7075610160827637
vit_b_16,patch_shuffle,4821,0.6889136433601379
vit_b_16,patch_shuffle,4953,0.4956628680229187
vit_b_16,patch_shuffle,5525,0.7886173129081726
vit_b_16,patch_shuffle,5381,0.6525456309318542
vit_b_16,patch_shuffle,672,0.6260820627212524
vit_b_16,patch_shuffle,323,0.7132503986358643
vit_b_16,patch_shuffle,5436,0.86873459815979
vit_b_16,patch_shuffle,5450,0.6341904401779175
vit_b_16,patch_shuffle,6358,0.6952133774757385
vit_b_16,patch_shuffle,372,0.5812292098999023
vit_b_16,patch_shuffle,378,0.616271436214447
vit_b_16,patch_shuffle,7706,0.44457370042800903
vit_b_16,patch_shuffle,2178,0.5399277806282043
vit_b_16,patch_shuffle,5237,0.5968830585479736
vit_b_16,patch_shuffle,5478,0.643216609954834
vit_b_16,patch_shuffle,5452,0.4205932915210724
vit_b_16,patch_shuffle,5623,0.6185005307197571
vit_b_16,patch_shuffle,6772,0.7084725499153137
vit_b_16,patch_shuffle,1111,0.7004679441452026
vit_b_16,patch_shuffle,5528,0.7032451629638672
vit_b_16,patch_shuffle,3777,0.5491851568222046
vit_b_16,patch_shuffle,2458,0.6845751404762268
vit_b_16,patch_shuffle,4921,0.6246806383132935
vit_b_16,patch_shuffle,3015,0.6065880060195923
vit_b_16,patch_shuffle,7476,0.7800455093383789
vit_b_16,patch_shuffle,1520,0.5982282161712646
vit_b_16,patch_shuffle,6713,0.536706268787384
vit_b_16,patch_shuffle,1852,0.5736862421035767
vit_b_16,patch_shuffle,2268,0.7168020606040955
vit_b_16,patch_shuffle,151,0.6906301975250244
vit_b_16,patch_shuffle,890,0.7981774210929871
vit_b_16,patch_shuffle,825,0.7872467637062073
vit_b_16,patch_shuffle,2536,0.7194195985794067
vit_b_16,patch_shuffle,470,0.7599530220031738
vit_b_16,patch_shuffle,5256,0.6170440912246704
vit_b_16,patch_shuffle,2011,0.6549537181854248
vit_b_16,patch_shuffle,7150,0.5091092586517334
vit_b_16,patch_shuffle,449,0.3961198031902313
vit_b_16,patch_shuffle,2704,0.5932109951972961
vit_b_16,patch_shuffle,3437,0.6875017285346985
vit_b_16,patch_shuffle,3375,0.6177557706832886
vit_b_16,patch_shuffle,4552,0.6474844813346863
vit_b_16,patch_shuffle,920,0.6912663578987122
vit_b_16,patch_shuffle,2242,0.7156948447227478
vit_b_16,patch_shuffle,2745,0.7067117691040039
vit_b_16,patch_shuffle,1032,0.7225977778434753
vit_b_16,patch_shuffle,365,0.687635064125061
vit_b_16,patch_shuffle,4850,0.5983938574790955
vit_b_16,patch_shuffle,4819,0.7509511113166809
vit_b_16,patch_shuffle,7338,0.5871343016624451
vit_b_16,patch_shuffle,7372,0.7385438680648804
vit_b_16,patch_shuffle,1090,0.671691358089447
vit_b_16,patch_shuffle,5062,0.6562408208847046
vit_b_16,patch_shuffle,981,0.5753889679908752
vit_b_16,patch_shuffle,5857,0.6709073781967163
vit_b_16,patch_shuffle,1986,0.8675647377967834
vit_b_16,patch_shuffle,5560,0.8293598890304565
vit_b_16,patch_shuffle,1814,0.36685991287231445
vit_b_16,patch_shuffle,194,0.6427760124206543
vit_b_16,patch_shuffle,1993,0.6526687145233154
vit_b_16,patch_shuffle,5333,0.6759486198425293
vit_b_16,patch_shuffle,4311,0.7968060970306396
vit_b_16,patch_shuffle,7425,0.6648399829864502
vit_b_16,patch_shuffle,3889,0.6046209335327148
vit_b_16,patch_shuffle,4308,0.5771145820617676
vit_b_16,patch_shuffle,1960,0.6356995105743408
vit_b_16,patch_shuffle,4399,0.43124839663505554
vit_b_16,patch_shuffle,3191,0.6129398345947266
vit_b_16,patch_shuffle,1626,0.7226107120513916
vit_b_16,patch_shuffle,176,0.7125990390777588
vit_b_16,patch_shuffle,7726,0.7238788604736328
vit_b_16,patch_shuffle,2334,0.6721826791763306
vit_b_16,patch_shuffle,1648,0.6541143655776978
vit_b_16,patch_shuffle,6084,0.8287104964256287
vit_b_16,patch_shuffle,3455,0.6667640805244446
vit_b_16,patch_shuffle,1468,0.7529386281967163
vit_b_16,patch_shuffle,1296,0.5395877957344055
vit_b_16,patch_shuffle,5213,0.6909534931182861
vit_b_16,patch_shuffle,7047,0.48528626561164856
vit_b_16,patch_shuffle,5360,0.5993291735649109
vit_b_16,patch_shuffle,5824,0.6676591038703918
vit_b_16,patch_shuffle,7460,0.6759018301963806
vit_b_16,patch_shuffle,4791,0.6409645676612854
vit_b_16,patch_shuffle,6692,0.6021632552146912
vit_b_16,patch_shuffle,6931,0.7323827743530273
vit_b_16,patch_shuffle,667,0.6191431283950806
vit_b_16,patch_shuffle,7781,0.6740135550498962
vit_b_16,patch_shuffle,7793,0.6244468092918396
vit_b_16,patch_shuffle,1411,0.5208647847175598
vit_b_16,patch_shuffle,1473,0.7393397688865662
vit_b_16,patch_shuffle,7130,0.671148955821991
vit_b_16,patch_shuffle,1956,0.5561494827270508
vit_b_16,patch_shuffle,6716,0.610640823841095
vit_b_16,patch_shuffle,4106,0.7296139001846313
vit_b_16,patch_shuffle,3494,0.530262291431427
vit_b_16,patch_shuffle,691,0.6367010474205017
vit_b_16,patch_shuffle,5220,0.5572724342346191
vit_b_16,patch_shuffle,4908,0.7542251348495483
vit_b_16,patch_shuffle,7029,0.7573907375335693
vit_b_16,patch_shuffle,4130,0.673314094543457
vit_b_16,patch_shuffle,7938,0.48717889189720154
vit_b_16,patch_shuffle,5101,0.7560158371925354
vit_b_16,patch_shuffle,1515,0.6818335056304932
vit_b_16,patch_shuffle,3287,0.721818208694458
vit_b_16,patch_shuffle,716,0.6631625890731812
vit_b_16,patch_shuffle,4236,0.8089505434036255
vit_b_16,patch_shuffle,5408,0.5535333752632141
vit_b_16,patch_shuffle,5496,0.7256686091423035
vit_b_16,patch_shuffle,3365,0.5701878070831299
vit_b_16,patch_shuffle,4323,0.3492248058319092
vit_b_16,patch_shuffle,5467,0.6855414509773254
vit_b_16,patch_shuffle,1644,0.4749360680580139
vit_b_16,patch_shuffle,3948,0.6787353754043579
vit_b_16,patch_shuffle,6726,0.6778539419174194
vit_b_16,patch_shuffle,5395,0.5051460862159729
vit_b_16,patch_shuffle,1579,0.7292358875274658
vit_b_16,patch_shuffle,5918,0.7266462445259094
vit_b_16,patch_shuffle,7041,0.8002356886863708
vit_b_16,patch_shuffle,506,0.5287454724311829
vit_b_16,patch_shuffle,4011,0.626599133014679
vit_b_16,patch_shuffle,5981,0.4576622545719147
vit_b_16,patch_shuffle,409,0.6181371212005615
vit_b_16,patch_shuffle,6954,0.6539407968521118
vit_b_16,patch_shuffle,7555,0.640569806098938
vit_b_16,patch_shuffle,3965,0.8177621960639954
vit_b_16,patch_shuffle,7266,0.596788763999939
vit_b_16,patch_shuffle,4785,0.6034538745880127
vit_b_16,patch_shuffle,6028,0.5058568120002747
vit_b_16,patch_shuffle,6503,0.6592776775360107
vit_b_16,patch_shuffle,6414,0.43334800004959106
vit_b_16,patch_shuffle,5382,0.6947400569915771
vit_b_16,patch_shuffle,6836,0.721939742565155
vit_b_16,patch_shuffle,6508,0.5862315893173218
vit_b_16,patch_shuffle,3994,0.6698964834213257
vit_b_16,patch_shuffle,3942,0.6557698249816895
vit_b_16,patch_shuffle,3542,0.7282692790031433
vit_b_16,patch_shuffle,6952,0.6180415749549866
vit_b_16,patch_shuffle,4290,0.7000900506973267
vit_b_16,patch_shuffle,7446,0.6691144108772278
vit_b_16,patch_shuffle,6169,0.5887618064880371
vit_b_16,patch_shuffle,1109,0.5664665102958679
vit_b_16,patch_shuffle,3179,0.6572619676589966
vit_b_16,patch_shuffle,7835,0.6769771575927734
vit_b_16,patch_shuffle,7390,0.7759155631065369
vit_b_16,patch_shuffle,568,0.5869302749633789
vit_b_16,patch_shuffle,4629,0.6304614543914795
vit_b_16,patch_shuffle,7138,0.7352321743965149
vit_b_16,patch_shuffle,5284,0.7700307965278625
vit_b_16,patch_shuffle,3,0.8327239751815796
vit_b_16,patch_shuffle,2690,0.6502161026000977
vit_b_16,patch_shuffle,5858,0.583938479423523
vit_b_16,patch_shuffle,1266,0.7645798921585083
vit_b_16,patch_shuffle,3034,0.7028826475143433
vit_b_16,patch_shuffle,2655,0.5205066204071045
vit_b_16,patch_shuffle,6190,0.7581729292869568
vit_b_16,patch_shuffle,4170,0.708654522895813
vit_b_16,patch_shuffle,7380,0.6364602446556091
vit_b_16,patch_shuffle,7752,0.6531165838241577
vit_b_16,patch_shuffle,3996,0.5061611533164978
vit_b_16,patch_shuffle,1204,0.4890855550765991
vit_b_16,patch_shuffle,1654,0.6577113270759583
vit_b_16,patch_shuffle,4746,0.6229292750358582
vit_b_16,patch_shuffle,4590,0.7679970860481262
vit_b_16,patch_shuffle,562,0.7108728289604187
vit_b_16,patch_shuffle,7108,0.5232442021369934
vit_b_16,patch_shuffle,5999,0.585756242275238
vit_b_16,patch_shuffle,1403,0.4769463539123535
vit_b_16,patch_shuffle,4403,0.6581599712371826
vit_b_16,patch_shuffle,6332,0.5788002610206604
vit_b_16,patch_shuffle,6264,0.6034278869628906
vit_b_16,patch_shuffle,303,0.6967376470565796
vit_b_16,patch_shuffle,791,0.8665876984596252
vit_b_16,patch_shuffle,3067,0.6532142758369446
vit_b_16,patch_shuffle,484,0.6138449907302856
vit_b_16,patch_shuffle,1370,0.7850837707519531
vit_b_16,patch_shuffle,4069,0.6831938028335571
vit_b_16,patch_shuffle,7373,0.5476240515708923
vit_b_16,patch_shuffle,4330,0.7681767344474792
vit_b_16,patch_shuffle,5701,0.7800999879837036
vit_b_16,patch_shuffle,7465,0.5194666385650635
vit_b_16,patch_shuffle,1531,0.6716435551643372
vit_b_16,patch_shuffle,4676,0.547590434551239
vit_b_16,patch_shuffle,4531,0.5524778366088867
vit_b_16,patch_shuffle,706,0.4325520396232605
vit_b_16,patch_shuffle,2844,0.8197025656700134
vit_b_16,patch_shuffle,3755,0.6202366948127747
vit_b_16,patch_shuffle,5848,0.8244125247001648
vit_b_16,patch_shuffle,2114,0.7664851546287537
vit_b_16,patch_shuffle,3876,0.7858734726905823
vit_b_16,patch_shuffle,677,0.6377925276756287
vit_b_16,patch_shuffle,2116,0.6314986348152161
vit_b_16,patch_shuffle,4661,0.798477053642273
vit_b_16,patch_shuffle,2676,0.6835704445838928
vit_b_16,patch_shuffle,3025,0.7553038597106934
vit_b_16,patch_shuffle,4449,0.7007072567939758
vit_b_16,patch_shuffle,977,0.7822420597076416
vit_b_16,patch_shuffle,4990,0.7467168569564819
vit_b_16,patch_shuffle,7309,0.6853625774383545
vit_b_16,patch_shuffle,1048,0.7277113199234009
vit_b_16,patch_shuffle,3276,0.7750389575958252
vit_b_16,patch_shuffle,5512,0.6615115404129028
vit_b_16,patch_shuffle,7692,0.5588226318359375
vit_b_16,patch_shuffle,1436,0.7313653826713562
vit_b_16,patch_shuffle,7544,0.7055222392082214
vit_b_16,patch_shuffle,3383,0.8888391852378845
vit_b_16,patch_shuffle,1977,0.8985398411750793
vit_b_16,patch_shuffle,2750,0.6960256099700928
vit_b_16,patch_shuffle,7996,0.5831520557403564
vit_b_16,patch_shuffle,6989,0.7841098308563232
vit_b_16,patch_shuffle,1431,0.709586501121521
vit_b_16,patch_shuffle,7416,0.6188351511955261
vit_b_16,patch_shuffle,4547,0.825602650642395
vit_b_16,patch_shuffle,42,0.577972948551178
vit_b_16,patch_shuffle,5117,0.7526642084121704
vit_b_16,patch_shuffle,4411,0.6783018708229065
vit_b_16,patch_shuffle,5789,0.6378652453422546
vit_b_16,patch_shuffle,483,0.5891822576522827
vit_b_16,patch_shuffle,6650,0.5594855546951294
vit_b_16,patch_shuffle,4881,0.678044319152832
vit_b_16,patch_shuffle,391,0.593244194984436
vit_b_16,patch_shuffle,370,0.7916674613952637
vit_b_16,patch_shuffle,419,0.5480332970619202
vit_b_16,patch_shuffle,3318,0.27464941143989563
vit_b_16,patch_shuffle,4355,0.6243830919265747
vit_b_16,patch_shuffle,5402,0.6467480063438416
vit_b_16,patch_shuffle,5332,0.589957058429718
vit_b_16,patch_shuffle,239,0.634959876537323
vit_b_16,patch_shuffle,6271,0.7992845177650452
vit_b_16,patch_shuffle,1129,0.6399635076522827
vit_b_16,patch_shuffle,2391,0.6535820960998535
vit_b_16,patch_shuffle,191,0.6652859449386597
vit_b_16,patch_shuffle,5447,0.6314458250999451
vit_b_16,patch_shuffle,6528,0.5961511731147766
clip_vit_b_32,grayscale,632,0.9111994504928589
clip_vit_b_32,grayscale,131,0.8323926329612732
clip_vit_b_32,grayscale,7081,0.8894777894020081
clip_vit_b_32,grayscale,1836,0.9124647974967957
clip_vit_b_32,grayscale,6437,0.9242600202560425
clip_vit_b_32,grayscale,6609,0.9152611494064331
clip_vit_b_32,grayscale,3467,0.9019722938537598
clip_vit_b_32,grayscale,1401,0.9088864922523499
clip_vit_b_32,grayscale,1839,0.9410697817802429
clip_vit_b_32,grayscale,4168,0.9082211256027222
clip_vit_b_32,grayscale,35,0.8117175698280334
clip_vit_b_32,grayscale,4177,0.9229609966278076
clip_vit_b_32,grayscale,7270,0.8922329545021057
clip_vit_b_32,grayscale,2265,0.9049162268638611
clip_vit_b_32,grayscale,3288,0.9009667634963989
clip_vit_b_32,grayscale,5451,0.8153128623962402
clip_vit_b_32,grayscale,4023,0.9132944941520691
clip_vit_b_32,grayscale,261,0.9077088832855225
clip_vit_b_32,grayscale,4570,0.8890936374664307
clip_vit_b_32,grayscale,4966,0.8486502766609192
clip_vit_b_32,grayscale,7955,0.8799455165863037
clip_vit_b_32,grayscale,6288,0.9107199311256409
clip_vit_b_32,grayscale,7810,0.8519086241722107
clip_vit_b_32,grayscale,1927,0.8887786865234375
clip_vit_b_32,grayscale,1871,0.8562762141227722
clip_vit_b_32,grayscale,6922,0.8954464197158813
clip_vit_b_32,grayscale,3512,0.8872377276420593
clip_vit_b_32,grayscale,4754,0.926674485206604
clip_vit_b_32,grayscale,714,0.7988104820251465
clip_vit_b_32,grayscale,2191,0.8893945217132568
clip_vit_b_32,grayscale,4615,0.8876357674598694
clip_vit_b_32,grayscale,4662,0.948620080947876
clip_vit_b_32,grayscale,5915,0.7720319032669067
clip_vit_b_32,grayscale,766,0.8897124528884888
clip_vit_b_32,grayscale,5218,0.9036401510238647
clip_vit_b_32,grayscale,2340,0.8874192833900452
clip_vit_b_32,grayscale,1954,0.8570814728736877
clip_vit_b_32,grayscale,7875,0.8864235281944275
clip_vit_b_32,grayscale,3418,0.9487572908401489
clip_vit_b_32,grayscale,5572,0.8567550778388977
clip_vit_b_32,grayscale,5977,0.8949931859970093
clip_vit_b_32,grayscale,5123,0.8424456119537354
clip_vit_b_32,grayscale,5851,0.957446277141571
clip_vit_b_32,grayscale,4094,0.8868937492370605
clip_vit_b_32,grayscale,4254,0.9085553884506226
clip_vit_b_32,grayscale,2501,0.9205002188682556
clip_vit_b_32,grayscale,6938,0.9135355949401855
clip_vit_b_32,grayscale,171,0.9147236943244934
clip_vit_b_32,grayscale,4215,0.8436944484710693
clip_vit_b_32,grayscale,5705,0.9195420145988464
clip_vit_b_32,grayscale,3458,0.9454273581504822
clip_vit_b_32,grayscale,1220,0.9252288341522217
clip_vit_b_32,grayscale,962,0.8646784424781799
clip_vit_b_32,grayscale,2950,0.9330229759216309
clip_vit_b_32,grayscale,2623,0.8982445597648621
clip_vit_b_32,grayscale,4539,0.9737960696220398
clip_vit_b_32,grayscale,1553,0.8019627332687378
clip_vit_b_32,grayscale,4740,0.9162483215332031
clip_vit_b_32,grayscale,6844,0.8796201944351196
clip_vit_b_32,grayscale,2668,0.9027949571609497
clip_vit_b_32,grayscale,3153,0.8895493149757385
clip_vit_b_32,grayscale,5135,0.9165748357772827
clip_vit_b_32,grayscale,2291,0.7915441393852234
clip_vit_b_32,grayscale,116,0.9175056219100952
clip_vit_b_32,grayscale,7797,0.8670786619186401
clip_vit_b_32,grayscale,4609,0.8330775499343872
clip_vit_b_32,grayscale,81,1.0
clip_vit_b_32,grayscale,5580,0.8816940188407898
clip_vit_b_32,grayscale,3024,0.9322927594184875
clip_vit_b_32,grayscale,2766,0.9096701741218567
clip_vit_b_32,grayscale,5000,0.954334557056427
clip_vit_b_32,grayscale,2610,0.8793812394142151
clip_vit_b_32,grayscale,2024,0.8815604448318481
clip_vit_b_32,grayscale,6097,0.9252731800079346
clip_vit_b_32,grayscale,964,0.9115306735038757
clip_vit_b_32,grayscale,7634,0.9549188613891602
clip_vit_b_32,grayscale,6434,0.9089069366455078
clip_vit_b_32,grayscale,5183,0.8895962238311768
clip_vit_b_32,grayscale,6986,0.9010776281356812
clip_vit_b_32,grayscale,645,0.9012750387191772
clip_vit_b_32,grayscale,3347,0.9242100715637207
clip_vit_b_32,grayscale,5677,0.911892294883728
clip_vit_b_32,grayscale,3412,0.8744202852249146
clip_vit_b_32,grayscale,3937,0.8618947863578796
clip_vit_b_32,grayscale,873,0.9564185738563538
clip_vit_b_32,grayscale,2167,0.88258957862854
clip_vit_b_32,grayscale,6490,0.8919224739074707
clip_vit_b_32,grayscale,738,0.9180358052253723
clip_vit_b_32,grayscale,6616,0.924069881439209
clip_vit_b_32,grayscale,4093,0.9028454422950745
clip_vit_b_32,grayscale,5788,0.8827858567237854
clip_vit_b_32,grayscale,7818,0.9575673937797546
clip_vit_b_32,grayscale,304,0.8558425307273865
clip_vit_b_32,grayscale,2082,0.887019157409668
clip_vit_b_32,grayscale,2746,0.8955467343330383
clip_vit_b_32,grayscale,7944,0.8515745997428894
clip_vit_b_32,grayscale,6689,0.9044554829597473
clip_vit_b_32,grayscale,2414,0.855329155921936
clip_vit_b_32,grayscale,3779,0.942414402961731
clip_vit_b_32,grayscale,2095,0.948928952217102
clip_vit_b_32,grayscale,7262,0.9106553196907043
clip_vit_b_32,grayscale,5694,0.9035661220550537
clip_vit_b_32,grayscale,7413,0.9532197117805481
clip_vit_b_32,grayscale,6805,0.9085362553596497
clip_vit_b_32,grayscale,3446,0.8908418416976929
clip_vit_b_32,grayscale,2807,0.8835658431053162
clip_vit_b_32,grayscale,7940,0.8893795013427734
clip_vit_b_32,grayscale,4172,0.9068071842193604
clip_vit_b_32,grayscale,7744,0.9591484069824219
clip_vit_b_32,grayscale,1586,0.9068741202354431
clip_vit_b_32,grayscale,7999,0.9076573848724365
clip_vit_b_32,grayscale,6349,0.8141337037086487
clip_vit_b_32,grayscale,6594,0.9286199808120728
clip_vit_b_32,grayscale,2109,0.9252054691314697
clip_vit_b_32,grayscale,3079,0.8633596897125244
clip_vit_b_32,grayscale,2070,0.8258206248283386
clip_vit_b_32,grayscale,319,0.9215943217277527
clip_vit_b_32,grayscale,2888,0.8829011917114258
clip_vit_b_32,grayscale,6224,0.8693532347679138
clip_vit_b_32,grayscale,3353,0.8971640467643738
clip_vit_b_32,grayscale,6244,0.879399836063385
clip_vit_b_32,grayscale,4704,0.9036619067192078
clip_vit_b_32,grayscale,2427,0.9122608304023743
clip_vit_b_32,grayscale,7995,0.8316464424133301
clip_vit_b_32,grayscale,1124,0.9192498922348022
clip_vit_b_32,grayscale,6733,0.8859753608703613
clip_vit_b_32,grayscale,2062,0.8974343538284302
clip_vit_b_32,grayscale,805,0.8379515409469604
clip_vit_b_32,grayscale,2028,0.8889697194099426
clip_vit_b_32,grayscale,2392,0.9191379547119141
clip_vit_b_32,grayscale,3292,0.749178946018219
clip_vit_b_32,grayscale,1440,0.9412055015563965
clip_vit_b_32,grayscale,1115,0.8544440269470215
clip_vit_b_32,grayscale,4242,0.8695997595787048
clip_vit_b_32,grayscale,2230,0.8121061325073242
clip_vit_b_32,grayscale,3163,0.924454391002655
clip_vit_b_32,grayscale,545,0.7977115511894226
clip_vit_b_32,grayscale,3863,0.9250460267066956
clip_vit_b_32,grayscale,4748,0.944263756275177
clip_vit_b_32,grayscale,2399,0.9271101951599121
clip_vit_b_32,grayscale,4341,0.8835280537605286
clip_vit_b_32,grayscale,3078,0.9671072959899902
clip_vit_b_32,grayscale,3763,0.9306964874267578
clip_vit_b_32,grayscale,2958,0.9322344064712524
clip_vit_b_32,grayscale,6381,0.8514674305915833
clip_vit_b_32,grayscale,1640,0.9365723133087158
clip_vit_b_32,grayscale,1783,0.8892025351524353
clip_vit_b_32,grayscale,3914,0.9388992786407471
clip_vit_b_32,grayscale,1534,0.9882498383522034
clip_vit_b_32,grayscale,685,0.9390239715576172
clip_vit_b_32,grayscale,4617,0.9067364931106567
clip_vit_b_32,grayscale,5508,0.9155327081680298
clip_vit_b_32,grayscale,1022,0.8076140880584717
clip_vit_b_32,grayscale,1230,0.8408920168876648
clip_vit_b_32,grayscale,7475,0.9121108651161194
clip_vit_b_32,grayscale,5756,0.9771517515182495
clip_vit_b_32,grayscale,3122,0.8618499636650085
clip_vit_b_32,grayscale,7202,0.8794049024581909
clip_vit_b_32,grayscale,4723,0.8857280015945435
clip_vit_b_32,grayscale,1552,0.8956616520881653
clip_vit_b_32,grayscale,603,0.9215733408927917
clip_vit_b_32,grayscale,2861,1.0000001192092896
clip_vit_b_32,grayscale,6426,0.9659267663955688
clip_vit_b_32,grayscale,7864,0.8824224472045898
clip_vit_b_32,grayscale,5729,0.8743281364440918
clip_vit_b_32,grayscale,7474,0.9000999927520752
clip_vit_b_32,grayscale,4298,0.9158004522323608
clip_vit_b_32,grayscale,1175,0.9597541093826294
clip_vit_b_32,grayscale,3454,0.9346470236778259
clip_vit_b_32,grayscale,2754,0.8818923830986023
clip_vit_b_32,grayscale,855,0.9100579023361206
clip_vit_b_32,grayscale,2854,0.8989465832710266
clip_vit_b_32,grayscale,5092,0.888458251953125
clip_vit_b_32,grayscale,5590,0.8963826298713684
clip_vit_b_32,grayscale,4463,0.9398003816604614
clip_vit_b_32,grayscale,5318,0.9360981583595276
clip_vit_b_32,grayscale,3515,0.9357928037643433
clip_vit_b_32,grayscale,4642,0.9121202230453491
clip_vit_b_32,grayscale,852,0.9374098181724548
clip_vit_b_32,grayscale,1247,0.9214941263198853
clip_vit_b_32,grayscale,7084,0.9470463991165161
clip_vit_b_32,grayscale,5301,0.8445490598678589
clip_vit_b_32,grayscale,5082,0.8591203689575195
clip_vit_b_32,grayscale,5077,0.9013556241989136
clip_vit_b_32,grayscale,1563,0.9055506587028503
clip_vit_b_32,grayscale,29,0.9999998211860657
clip_vit_b_32,grayscale,3867,0.9267643690109253
clip_vit_b_32,grayscale,4620,0.866544246673584
clip_vit_b_32,grayscale,4065,0.9013220071792603
clip_vit_b_32,grayscale,1095,0.9199051856994629
clip_vit_b_32,grayscale,4229,0.9062865972518921
clip_vit_b_32,grayscale,3562,0.9205586910247803
clip_vit_b_32,grayscale,2342,0.8521698713302612
clip_vit_b_32,grayscale,1667,0.9999999403953552
clip_vit_b_32,grayscale,7033,0.8841729760169983
clip_vit_b_32,grayscale,1771,0.9135414958000183
clip_vit_b_32,grayscale,3157,0.8136578798294067
clip_vit_b_32,grayscale,3851,0.9550517797470093
clip_vit_b_32,grayscale,1287,0.8932790756225586
clip_vit_b_32,grayscale,7320,0.8971050977706909
clip_vit_b_32,grayscale,7600,0.8530036211013794
clip_vit_b_32,grayscale,3852,0.8789310455322266
clip_vit_b_32,grayscale,269,0.8685302734375
clip_vit_b_32,grayscale,1703,0.8887737989425659
clip_vit_b_32,grayscale,7776,0.7903363704681396
clip_vit_b_32,grayscale,3891,0.8704046010971069
clip_vit_b_32,grayscale,7009,0.875789225101471
clip_vit_b_32,grayscale,4893,0.9396726489067078
clip_vit_b_32,grayscale,2351,0.9226517081260681
clip_vit_b_32,grayscale,3550,0.9290364980697632
clip_vit_b_32,grayscale,5719,0.922206699848175
clip_vit_b_32,grayscale,1884,0.9264047741889954
clip_vit_b_32,grayscale,2898,0.920861005783081
clip_vit_b_32,grayscale,4640,0.8353800773620605
clip_vit_b_32,grayscale,7610,0.913658618927002
clip_vit_b_32,grayscale,1833,0.9208073019981384
clip_vit_b_32,grayscale,6455,0.8850572109222412
clip_vit_b_32,grayscale,3893,0.8252850770950317
clip_vit_b_32,grayscale,4731,0.9335733652114868
clip_vit_b_32,grayscale,929,0.9409681558609009
clip_vit_b_32,grayscale,3962,0.9347120523452759
clip_vit_b_32,grayscale,3778,0.9698301553726196
clip_vit_b_32,grayscale,1429,0.8925882577896118
clip_vit_b_32,grayscale,49,0.8763984441757202
clip_vit_b_32,grayscale,276,0.8884789347648621
clip_vit_b_32,grayscale,6076,0.8976895809173584
clip_vit_b_32,grayscale,1389,0.9407158493995667
clip_vit_b_32,grayscale,3362,0.8735649585723877
clip_vit_b_32,grayscale,317,0.8877537250518799
clip_vit_b_32,grayscale,4675,0.9263333082199097
clip_vit_b_32,grayscale,5924,0.9241688251495361
clip_vit_b_32,grayscale,198,0.9077519774436951
clip_vit_b_32,grayscale,7779,0.827538251876831
clip_vit_b_32,grayscale,4054,0.8169153928756714
clip_vit_b_32,grayscale,5556,0.9362977743148804
clip_vit_b_32,grayscale,2687,0.8368155360221863
clip_vit_b_32,grayscale,1202,0.8822883367538452
clip_vit_b_32,grayscale,97,0.8463420271873474
clip_vit_b_32,grayscale,6033,0.8432727456092834
clip_vit_b_32,grayscale,1711,0.9290788769721985
clip_vit_b_32,grayscale,1430,0.846905529499054
clip_vit_b_32,grayscale,739,0.8812414407730103
clip_vit_b_32,grayscale,3491,0.8297553062438965
clip_vit_b_32,grayscale,1568,0.873217761516571
clip_vit_b_32,grayscale,1211,0.8938789367675781
clip_vit_b_32,grayscale,4913,0.9098489880561829
clip_vit_b_32,grayscale,2502,0.9272294044494629
clip_vit_b_32,grayscale,2539,0.8509219884872437
clip_vit_b_32,grayscale,979,0.922532856464386
clip_vit_b_32,grayscale,6354,0.8816986083984375
clip_vit_b_32,grayscale,4735,0.887912392616272
clip_vit_b_32,grayscale,5912,0.8713900446891785
clip_vit_b_32,grayscale,3844,0.8716855049133301
clip_vit_b_32,grayscale,1263,0.9038956165313721
clip_vit_b_32,grayscale,3404,0.9535700678825378
clip_vit_b_32,grayscale,3905,0.9328813552856445
clip_vit_b_32,grayscale,1596,0.9222162365913391
clip_vit_b_32,grayscale,3083,0.8753823637962341
clip_vit_b_32,grayscale,2003,0.8981989026069641
clip_vit_b_32,grayscale,5030,0.8781927227973938
clip_vit_b_32,grayscale,95,0.9103555679321289
clip_vit_b_32,grayscale,2757,0.905612051486969
clip_vit_b_32,grayscale,3413,0.9042850732803345
clip_vit_b_32,grayscale,5488,0.9020364284515381
clip_vit_b_32,grayscale,4827,0.9144719243049622
clip_vit_b_32,grayscale,1877,0.7678315043449402
clip_vit_b_32,grayscale,2157,0.8756420612335205
clip_vit_b_32,grayscale,4821,0.8758586645126343
clip_vit_b_32,grayscale,4953,0.9145652651786804
clip_vit_b_32,grayscale,5525,0.9247934222221375
clip_vit_b_32,grayscale,5381,0.8851737380027771
clip_vit_b_32,grayscale,672,0.9255938529968262
clip_vit_b_32,grayscale,323,0.941242516040802
clip_vit_b_32,grayscale,5436,0.9091416001319885
clip_vit_b_32,grayscale,5450,0.9480189681053162
clip_vit_b_32,grayscale,6358,0.9236265420913696
clip_vit_b_32,grayscale,372,0.8911205530166626
clip_vit_b_32,grayscale,378,0.9539157152175903
clip_vit_b_32,grayscale,7706,0.8879430294036865
clip_vit_b_32,grayscale,2178,0.9196866750717163
clip_vit_b_32,grayscale,5237,0.8852338194847107
clip_vit_b_32,grayscale,5478,0.8861397504806519
clip_vit_b_32,grayscale,5452,0.925572395324707
clip_vit_b_32,grayscale,5623,0.9194000959396362
clip_vit_b_32,grayscale,6772,0.8655264973640442
clip_vit_b_32,grayscale,1111,0.8909862041473389
clip_vit_b_32,grayscale,5528,0.9332736730575562
clip_vit_b_32,grayscale,3777,0.9095068573951721
clip_vit_b_32,grayscale,2458,0.9296448826789856
clip_vit_b_32,grayscale,4921,0.905083954334259
clip_vit_b_32,grayscale,3015,0.910983681678772
clip_vit_b_32,grayscale,7476,0.8638537526130676
clip_vit_b_32,grayscale,1520,0.9310621619224548
clip_vit_b_32,grayscale,6713,0.9169157147407532
clip_vit_b_32,grayscale,1852,0.9002583622932434
clip_vit_b_32,grayscale,2268,0.8967415690422058
clip_vit_b_32,grayscale,151,0.8784656524658203
clip_vit_b_32,grayscale,890,0.9303900599479675
clip_vit_b_32,grayscale,825,0.9269612431526184
clip_vit_b_32,grayscale,2536,0.9133283495903015
clip_vit_b_32,grayscale,470,0.919554591178894
clip_vit_b_32,grayscale,5256,0.8451422452926636
clip_vit_b_32,grayscale,2011,0.8987514972686768
clip_vit_b_32,grayscale,7150,0.9002165794372559
clip_vit_b_32,grayscale,449,0.9145662188529968
clip_vit_b_32,grayscale,2704,0.9451351761817932
clip_vit_b_32,grayscale,3437,0.9112836718559265
clip_vit_b_32,grayscale,3375,0.9151559472084045
clip_vit_b_32,grayscale,4552,0.9174832105636597
clip_vit_b_32,grayscale,920,0.9309167265892029
clip_vit_b_32,grayscale,2242,0.9060443639755249
clip_vit_b_32,grayscale,2745,0.9286530613899231
clip_vit_b_32,grayscale,1032,0.7921093106269836
clip_vit_b_32,grayscale,365,0.9059758186340332
clip_vit_b_32,grayscale,4850,0.9500400424003601
clip_vit_b_32,grayscale,4819,0.929257869720459
clip_vit_b_32,grayscale,7338,0.8944848775863647
clip_vit_b_32,grayscale,7372,0.9167270064353943
clip_vit_b_32,grayscale,1090,0.9370774030685425
clip_vit_b_32,grayscale,5062,0.9350759983062744
clip_vit_b_32,grayscale,981,0.9333934783935547
clip_vit_b_32,grayscale,5857,0.8848854303359985
clip_vit_b_32,grayscale,1986,0.8837460875511169
clip_vit_b_32,grayscale,5560,0.8588385581970215
clip_vit_b_32,grayscale,1814,0.8866528868675232
clip_vit_b_32,grayscale,194,0.9154320359230042
clip_vit_b_32,grayscale,1993,0.8455108404159546
clip_vit_b_32,grayscale,5333,0.9120505452156067
clip_vit_b_32,grayscale,4311,0.8824129104614258
clip_vit_b_32,grayscale,7425,0.9456421136856079
clip_vit_b_32,grayscale,3889,0.9288370609283447
clip_vit_b_32,grayscale,4308,0.8755517601966858
clip_vit_b_32,grayscale,1960,0.8945817351341248
clip_vit_b_32,grayscale,4399,0.9152956604957581
clip_vit_b_32,grayscale,3191,0.8859971761703491
clip_vit_b_32,grayscale,1626,0.8952504992485046
clip_vit_b_32,grayscale,176,0.9251442551612854
clip_vit_b_32,grayscale,7726,0.8988549709320068
clip_vit_b_32,grayscale,2334,0.9265685677528381
clip_vit_b_32,grayscale,1648,0.9564897418022156
clip_vit_b_32,grayscale,6084,0.9176785945892334
clip_vit_b_32,grayscale,3455,0.9423454999923706
clip_vit_b_32,grayscale,1468,0.8998777866363525
clip_vit_b_32,grayscale,1296,0.7979650497436523
clip_vit_b_32,grayscale,5213,0.8962348103523254
clip_vit_b_32,grayscale,7047,0.8761464357376099
clip_vit_b_32,grayscale,5360,0.9039422273635864
clip_vit_b_32,grayscale,5824,0.83981853723526
clip_vit_b_32,grayscale,7460,0.851020336151123
clip_vit_b_32,grayscale,4791,0.9124441146850586
clip_vit_b_32,grayscale,6692,0.8739315867424011
clip_vit_b_32,grayscale,6931,0.8573822379112244
clip_vit_b_32,grayscale,667,0.8553605675697327
clip_vit_b_32,grayscale,7781,0.9501771330833435
clip_vit_b_32,grayscale,7793,0.8874861001968384
clip_vit_b_32,grayscale,1411,0.9137043952941895
clip_vit_b_32,grayscale,1473,0.9014055728912354
clip_vit_b_32,grayscale,7130,0.913051962852478
clip_vit_b_32,grayscale,1956,0.9195379614830017
clip_vit_b_32,grayscale,6716,0.9089645147323608
clip_vit_b_32,grayscale,4106,0.8826656341552734
clip_vit_b_32,grayscale,3494,0.9313504695892334
clip_vit_b_32,grayscale,691,0.8776077032089233
clip_vit_b_32,grayscale,5220,0.8533098101615906
clip_vit_b_32,grayscale,4908,0.8391970992088318
clip_vit_b_32,grayscale,7029,0.8826262950897217
clip_vit_b_32,grayscale,4130,0.9574245810508728
clip_vit_b_32,grayscale,7938,0.8096623420715332
clip_vit_b_32,grayscale,5101,0.9431813359260559
clip_vit_b_32,grayscale,1515,0.9012496471405029
clip_vit_b_32,grayscale,3287,0.9125474691390991
clip_vit_b_32,grayscale,716,0.9243163466453552
clip_vit_b_32,grayscale,4236,0.8062108755111694
clip_vit_b_32,grayscale,5408,0.9138994812965393
clip_vit_b_32,grayscale,5496,0.9469141364097595
clip_vit_b_32,grayscale,3365,0.9274080395698547
clip_vit_b_32,grayscale,4323,0.941061794757843
clip_vit_b_32,grayscale,5467,0.9112682938575745
clip_vit_b_32,grayscale,1644,0.8916532397270203
clip_vit_b_32,grayscale,3948,0.8620894551277161
clip_vit_b_32,grayscale,6726,0.9127238392829895
clip_vit_b_32,grayscale,5395,0.9196493625640869
clip_vit_b_32,grayscale,1579,0.9005635976791382
clip_vit_b_32,grayscale,5918,0.9265269637107849
clip_vit_b_32,grayscale,7041,0.8459271192550659
clip_vit_b_32,grayscale,506,0.8987185955047607
clip_vit_b_32,grayscale,4011,0.9233797192573547
clip_vit_b_32,grayscale,5981,0.9124646186828613
clip_vit_b_32,grayscale,409,0.9161431193351746
clip_vit_b_32,grayscale,6954,0.9409650564193726
clip_vit_b_32,grayscale,7555,0.8543972373008728
clip_vit_b_32,grayscale,3965,0.8960421681404114
clip_vit_b_32,grayscale,7266,0.828821063041687
clip_vit_b_32,grayscale,4785,0.8938145041465759
clip_vit_b_32,grayscale,6028,0.9439674019813538
clip_vit_b_32,grayscale,6503,0.8832660913467407
clip_vit_b_32,grayscale,6414,0.8864380717277527
clip_vit_b_32,grayscale,5382,0.8446972966194153
clip_vit_b_32,grayscale,6836,0.7961654663085938
clip_vit_b_32,grayscale,6508,0.8993708491325378
clip_vit_b_32,grayscale,3994,0.9072756767272949
clip_vit_b_32,grayscale,3942,0.9124996066093445
clip_vit_b_32,grayscale,3542,0.9195291996002197
clip_vit_b_32,grayscale,6952,0.9165804982185364
clip_vit_b_32,grayscale,4290,0.8722051978111267
clip_vit_b_32,grayscale,7446,0.8827152848243713
clip_vit_b_32,grayscale,6169,0.8441739082336426
clip_vit_b_32,grayscale,1109,0.8854662775993347
clip_vit_b_32,grayscale,3179,0.8977255821228027
clip_vit_b_32,grayscale,7835,0.8862167000770569
clip_vit_b_32,grayscale,7390,0.878368616104126
clip_vit_b_32,grayscale,568,0.9634563326835632
clip_vit_b_32,grayscale,4629,0.8925855755805969
clip_vit_b_32,grayscale,7138,0.829861044883728
clip_vit_b_32,grayscale,5284,0.8341295719146729
clip_vit_b_32,grayscale,3,0.8930174112319946
clip_vit_b_32,grayscale,2690,0.9120065569877625
clip_vit_b_32,grayscale,5858,0.866094172000885
clip_vit_b_32,grayscale,1266,0.8936578631401062
clip_vit_b_32,grayscale,3034,0.9051927328109741
clip_vit_b_32,grayscale,2655,0.8920047879219055
clip_vit_b_32,grayscale,6190,0.9272903203964233
clip_vit_b_32,grayscale,4170,0.8970766663551331
clip_vit_b_32,grayscale,7380,0.9299787282943726
clip_vit_b_32,grayscale,7752,0.9249444007873535
clip_vit_b_32,grayscale,3996,0.9306290149688721
clip_vit_b_32,grayscale,1204,0.910423755645752
clip_vit_b_32,grayscale,1654,0.8027663826942444
clip_vit_b_32,grayscale,4746,0.9385820627212524
clip_vit_b_32,grayscale,4590,0.9307594895362854
clip_vit_b_32,grayscale,562,0.9182241559028625
clip_vit_b_32,grayscale,7108,0.9116913080215454
clip_vit_b_32,grayscale,5999,0.9103173017501831
clip_vit_b_32,grayscale,1403,0.9159182906150818
clip_vit_b_32,grayscale,4403,0.9123309254646301
clip_vit_b_32,grayscale,6332,0.8948656916618347
clip_vit_b_32,grayscale,6264,0.8809020519256592
clip_vit_b_32,grayscale,303,0.950333297252655
clip_vit_b_32,grayscale,791,0.9568724036216736
clip_vit_b_32,grayscale,3067,0.9340451955795288
clip_vit_b_32,grayscale,484,0.873627245426178
clip_vit_b_32,grayscale,1370,0.881359875202179
clip_vit_b_32,grayscale,4069,0.8542276620864868
clip_vit_b_32,grayscale,7373,0.8558189272880554
clip_vit_b_32,grayscale,4330,0.9014254212379456
clip_vit_b_32,grayscale,5701,0.9357761740684509
clip_vit_b_32,grayscale,7465,0.878938615322113
clip_vit_b_32,grayscale,1531,0.9083565473556519
clip_vit_b_32,grayscale,4676,0.8921714425086975
clip_vit_b_32,grayscale,4531,0.921139121055603
clip_vit_b_32,grayscale,706,0.9453185200691223
clip_vit_b_32,grayscale,2844,0.9444776773452759
clip_vit_b_32,grayscale,3755,0.9083238244056702
clip_vit_b_32,grayscale,5848,0.9262341260910034
clip_vit_b_32,grayscale,2114,0.9259485006332397
clip_vit_b_32,grayscale,3876,0.8778772950172424
clip_vit_b_32,grayscale,677,0.9676172137260437
clip_vit_b_32,grayscale,2116,0.9231058359146118
clip_vit_b_32,grayscale,4661,0.9130257964134216
clip_vit_b_32,grayscale,2676,0.8270413875579834
clip_vit_b_32,grayscale,3025,1.0000001192092896
clip_vit_b_32,grayscale,4449,0.870492696762085
clip_vit_b_32,grayscale,977,0.9269297122955322
clip_vit_b_32,grayscale,4990,0.8555214405059814
clip_vit_b_32,grayscale,7309,0.8995322585105896
clip_vit_b_32,grayscale,1048,0.8920778632164001
clip_vit_b_32,grayscale,3276,0.9116445779800415
clip_vit_b_32,grayscale,5512,0.8486745357513428
clip_vit_b_32,grayscale,7692,0.8725083470344543
clip_vit_b_32,grayscale,1436,0.8891470432281494
clip_vit_b_32,grayscale,7544,0.8308974504470825
clip_vit_b_32,grayscale,3383,0.8959351181983948
clip_vit_b_32,grayscale,1977,0.9499263763427734
clip_vit_b_32,grayscale,2750,0.8447977900505066
clip_vit_b_32,grayscale,7996,0.8933686017990112
clip_vit_b_32,grayscale,6989,0.8886306881904602
clip_vit_b_32,grayscale,1431,0.9671171307563782
clip_vit_b_32,grayscale,7416,0.9064275026321411
clip_vit_b_32,grayscale,4547,0.9258476495742798
clip_vit_b_32,grayscale,42,0.9575054049491882
clip_vit_b_32,grayscale,5117,0.8915067911148071
clip_vit_b_32,grayscale,4411,0.8737364411354065
clip_vit_b_32,grayscale,5789,0.9076196551322937
clip_vit_b_32,grayscale,483,0.8669869899749756
clip_vit_b_32,grayscale,6650,0.8774049282073975
clip_vit_b_32,grayscale,4881,0.6787928342819214
clip_vit_b_32,grayscale,391,0.9201964139938354
clip_vit_b_32,grayscale,370,0.873682975769043
clip_vit_b_32,grayscale,419,0.8525866866111755
clip_vit_b_32,grayscale,3318,0.8427488803863525
clip_vit_b_32,grayscale,4355,0.9243023991584778
clip_vit_b_32,grayscale,5402,0.9015524387359619
clip_vit_b_32,grayscale,5332,0.9192491173744202
clip_vit_b_32,grayscale,239,0.9096876382827759
clip_vit_b_32,grayscale,6271,0.9174379706382751
clip_vit_b_32,grayscale,1129,0.8579429388046265
clip_vit_b_32,grayscale,2391,0.8888095617294312
clip_vit_b_32,grayscale,191,0.9138229489326477
clip_vit_b_32,grayscale,5447,0.9171985983848572
clip_vit_b_32,grayscale,6528,0.9421758055686951
clip_vit_b_32,patch_shuffle,632,0.7683654427528381
clip_vit_b_32,patch_shuffle,131,0.7249019742012024
clip_vit_b_32,patch_shuffle,7081,0.7361428737640381
clip_vit_b_32,patch_shuffle,1836,0.7431460022926331
clip_vit_b_32,patch_shuffle,6437,0.757636547088623
clip_vit_b_32,patch_shuffle,6609,0.7848812937736511
clip_vit_b_32,patch_shuffle,3467,0.7263694405555725
clip_vit_b_32,patch_shuffle,1401,0.7406395673751831
clip_vit_b_32,patch_shuffle,1839,0.6306734085083008
clip_vit_b_32,patch_shuffle,4168,0.7778539061546326
clip_vit_b_32,patch_shuffle,35,0.5985244512557983
clip_vit_b_32,patch_shuffle,4177,0.6901653409004211
clip_vit_b_32,patch_shuffle,7270,0.7450133562088013
clip_vit_b_32,patch_shuffle,2265,0.7649006843566895
clip_vit_b_32,patch_shuffle,3288,0.7246939539909363
clip_vit_b_32,patch_shuffle,5451,0.7501427531242371
clip_vit_b_32,patch_shuffle,4023,0.7818172574043274
clip_vit_b_32,patch_shuffle,261,0.6737124919891357
clip_vit_b_32,patch_shuffle,4570,0.6963897943496704
clip_vit_b_32,patch_shuffle,4966,0.6976814270019531
clip_vit_b_32,patch_shuffle,7955,0.7472305297851562
clip_vit_b_32,patch_shuffle,6288,0.6316583752632141
clip_vit_b_32,patch_shuffle,7810,0.7517262697219849
clip_vit_b_32,patch_shuffle,1927,0.7730154991149902
clip_vit_b_32,patch_shuffle,1871,0.8033648133277893
clip_vit_b_32,patch_shuffle,6922,0.6034806370735168
clip_vit_b_32,patch_shuffle,3512,0.8074336051940918
clip_vit_b_32,patch_shuffle,4754,0.8314385414123535
clip_vit_b_32,patch_shuffle,714,0.6929813623428345
clip_vit_b_32,patch_shuffle,2191,0.708018958568573
clip_vit_b_32,patch_shuffle,4615,0.7711907625198364
clip_vit_b_32,patch_shuffle,4662,0.6618939638137817
clip_vit_b_32,patch_shuffle,5915,0.6862653493881226
clip_vit_b_32,patch_shuffle,766,0.7285040616989136
clip_vit_b_32,patch_shuffle,5218,0.7905823588371277
clip_vit_b_32,patch_shuffle,2340,0.7484068870544434
clip_vit_b_32,patch_shuffle,1954,0.6920817494392395
clip_vit_b_32,patch_shuffle,7875,0.6729653477668762
clip_vit_b_32,patch_shuffle,3418,0.7434418201446533
clip_vit_b_32,patch_shuffle,5572,0.7296018600463867
clip_vit_b_32,patch_shuffle,5977,0.7395596504211426
clip_vit_b_32,patch_shuffle,5123,0.7772077322006226
clip_vit_b_32,patch_shuffle,5851,0.7870520353317261
clip_vit_b_32,patch_shuffle,4094,0.6850190162658691
clip_vit_b_32,patch_shuffle,4254,0.7625344395637512
clip_vit_b_32,patch_shuffle,2501,0.7794781923294067
clip_vit_b_32,patch_shuffle,6938,0.7859609723091125
clip_vit_b_32,patch_shuffle,171,0.7327640056610107
clip_vit_b_32,patch_shuffle,4215,0.7255936861038208
clip_vit_b_32,patch_shuffle,5705,0.7892122268676758
clip_vit_b_32,patch_shuffle,3458,0.7698042988777161
clip_vit_b_32,patch_shuffle,1220,0.6990308165550232
clip_vit_b_32,patch_shuffle,962,0.6327441334724426
clip_vit_b_32,patch_shuffle,2950,0.7593837976455688
clip_vit_b_32,patch_shuffle,2623,0.6824431419372559
clip_vit_b_32,patch_shuffle,4539,0.7656734585762024
clip_vit_b_32,patch_shuffle,1553,0.6984526515007019
clip_vit_b_32,patch_shuffle,4740,0.7465803623199463
clip_vit_b_32,patch_shuffle,6844,0.8520591259002686
clip_vit_b_32,patch_shuffle,2668,0.8036607503890991
clip_vit_b_32,patch_shuffle,3153,0.7084733843803406
clip_vit_b_32,patch_shuffle,5135,0.7911514639854431
clip_vit_b_32,patch_shuffle,2291,0.5277792811393738
clip_vit_b_32,patch_shuffle,116,0.7163136005401611
clip_vit_b_32,patch_shuffle,7797,0.781946063041687
clip_vit_b_32,patch_shuffle,4609,0.6968182921409607
clip_vit_b_32,patch_shuffle,81,0.6684601306915283
clip_vit_b_32,patch_shuffle,5580,0.6873321533203125
clip_vit_b_32,patch_shuffle,3024,0.6556432247161865
clip_vit_b_32,patch_shuffle,2766,0.5370393991470337
clip_vit_b_32,patch_shuffle,5000,0.7547946572303772
clip_vit_b_32,patch_shuffle,2610,0.7722846269607544
clip_vit_b_32,patch_shuffle,2024,0.6258416771888733
clip_vit_b_32,patch_shuffle,6097,0.8211691379547119
clip_vit_b_32,patch_shuffle,964,0.5705114603042603
clip_vit_b_32,patch_shuffle,7634,0.7894425392150879
clip_vit_b_32,patch_shuffle,6434,0.7395359873771667
clip_vit_b_32,patch_shuffle,5183,0.7133356332778931
clip_vit_b_32,patch_shuffle,6986,0.7125743627548218
clip_vit_b_32,patch_shuffle,645,0.7853382229804993
clip_vit_b_32,patch_shuffle,3347,0.6961498260498047
clip_vit_b_32,patch_shuffle,5677,0.5703137516975403
clip_vit_b_32,patch_shuffle,3412,0.7660816311836243
clip_vit_b_32,patch_shuffle,3937,0.7336878776550293
clip_vit_b_32,patch_shuffle,873,0.6590982675552368
clip_vit_b_32,patch_shuffle,2167,0.7609483003616333
clip_vit_b_32,patch_shuffle,6490,0.7372973561286926
clip_vit_b_32,patch_shuffle,738,0.7072499990463257
clip_vit_b_32,patch_shuffle,6616,0.7561293244361877
clip_vit_b_32,patch_shuffle,4093,0.6370431780815125
clip_vit_b_32,patch_shuffle,5788,0.745995044708252
clip_vit_b_32,patch_shuffle,7818,0.6626472473144531
clip_vit_b_32,patch_shuffle,304,0.8181341886520386
clip_vit_b_32,patch_shuffle,2082,0.7598971128463745
clip_vit_b_32,patch_shuffle,2746,0.7696173191070557
clip_vit_b_32,patch_shuffle,7944,0.7595376968383789
clip_vit_b_32,patch_shuffle,6689,0.7437621355056763
clip_vit_b_32,patch_shuffle,2414,0.801872730255127
clip_vit_b_32,patch_shuffle,3779,0.7155047655105591
clip_vit_b_32,patch_shuffle,2095,0.7653602361679077
clip_vit_b_32,patch_shuffle,7262,0.7318302989006042
clip_vit_b_32,patch_shuffle,5694,0.7335363030433655
clip_vit_b_32,patch_shuffle,7413,0.7561578154563904
clip_vit_b_32,patch_shuffle,6805,0.7575373649597168
clip_vit_b_32,patch_shuffle,3446,0.659289538860321
clip_vit_b_32,patch_shuffle,2807,0.7631460428237915
clip_vit_b_32,patch_shuffle,7940,0.731015682220459
clip_vit_b_32,patch_shuffle,4172,0.7416589856147766
clip_vit_b_32,patch_shuffle,7744,0.6639459729194641
clip_vit_b_32,patch_shuffle,1586,0.6349262595176697
clip_vit_b_32,patch_shuffle,7999,0.8290852308273315
clip_vit_b_32,patch_shuffle,6349,0.7719350457191467
clip_vit_b_32,patch_shuffle,6594,0.7177770137786865
clip_vit_b_32,patch_shuffle,2109,0.7745749950408936
clip_vit_b_32,patch_shuffle,3079,0.6395743489265442
clip_vit_b_32,patch_shuffle,2070,0.7516358494758606
clip_vit_b_32,patch_shuffle,319,0.665854811668396
clip_vit_b_32,patch_shuffle,2888,0.7773420810699463
clip_vit_b_32,patch_shuffle,6224,0.7155989408493042
clip_vit_b_32,patch_shuffle,3353,0.805098831653595
clip_vit_b_32,patch_shuffle,6244,0.6221149563789368
clip_vit_b_32,patch_shuffle,4704,0.7225087285041809
clip_vit_b_32,patch_shuffle,2427,0.7269631624221802
clip_vit_b_32,patch_shuffle,7995,0.6860803365707397
clip_vit_b_32,patch_shuffle,1124,0.6845260262489319
clip_vit_b_32,patch_shuffle,6733,0.8453882336616516
clip_vit_b_32,patch_shuffle,2062,0.8457128405570984
clip_vit_b_32,patch_shuffle,805,0.7738298773765564
clip_vit_b_32,patch_shuffle,2028,0.5982597470283508
clip_vit_b_32,patch_shuffle,2392,0.6936387419700623
clip_vit_b_32,patch_shuffle,3292,0.5561833381652832
clip_vit_b_32,patch_shuffle,1440,0.734950602054596
clip_vit_b_32,patch_shuffle,1115,0.6882351636886597
clip_vit_b_32,patch_shuffle,4242,0.7190655469894409
clip_vit_b_32,patch_shuffle,2230,0.6384260654449463
clip_vit_b_32,patch_shuffle,3163,0.646772563457489
clip_vit_b_32,patch_shuffle,545,0.715019941329956
clip_vit_b_32,patch_shuffle,3863,0.751787543296814
clip_vit_b_32,patch_shuffle,4748,0.7772316336631775
clip_vit_b_32,patch_shuffle,2399,0.7485175132751465
clip_vit_b_32,patch_shuffle,4341,0.8626854419708252
clip_vit_b_32,patch_shuffle,3078,0.7705625891685486
clip_vit_b_32,patch_shuffle,3763,0.7623289823532104
clip_vit_b_32,patch_shuffle,2958,0.8034588098526001
clip_vit_b_32,patch_shuffle,6381,0.7764759659767151
clip_vit_b_32,patch_shuffle,1640,0.682402491569519
clip_vit_b_32,patch_shuffle,1783,0.6626119613647461
clip_vit_b_32,patch_shuffle,3914,0.7182251811027527
clip_vit_b_32,patch_shuffle,1534,0.6846482753753662
clip_vit_b_32,patch_shuffle,685,0.770854115486145
clip_vit_b_32,patch_shuffle,4617,0.6255234479904175
clip_vit_b_32,patch_shuffle,5508,0.7722662091255188
clip_vit_b_32,patch_shuffle,1022,0.7785698771476746
clip_vit_b_32,patch_shuffle,1230,0.7058767676353455
clip_vit_b_32,patch_shuffle,7475,0.7888678312301636
clip_vit_b_32,patch_shuffle,5756,0.6334872245788574
clip_vit_b_32,patch_shuffle,3122,0.775479793548584
clip_vit_b_32,patch_shuffle,7202,0.7318793535232544
clip_vit_b_32,patch_shuffle,4723,0.7657325863838196
clip_vit_b_32,patch_shuffle,1552,0.7553699612617493
clip_vit_b_32,patch_shuffle,603,0.5689329504966736
clip_vit_b_32,patch_shuffle,2861,0.8475611805915833
clip_vit_b_32,patch_shuffle,6426,0.5979419350624084
clip_vit_b_32,patch_shuffle,7864,0.7645511627197266
clip_vit_b_32,patch_shuffle,5729,0.7625880837440491
clip_vit_b_32,patch_shuffle,7474,0.8260802626609802
clip_vit_b_32,patch_shuffle,4298,0.7676088213920593
clip_vit_b_32,patch_shuffle,1175,0.7031104564666748
clip_vit_b_32,patch_shuffle,3454,0.6449590921401978
clip_vit_b_32,patch_shuffle,2754,0.7217458486557007
clip_vit_b_32,patch_shuffle,855,0.726422131061554
clip_vit_b_32,patch_shuffle,2854,0.7772351503372192
clip_vit_b_32,patch_shuffle,5092,0.8018113970756531
clip_vit_b_32,patch_shuffle,5590,0.6848561763763428
clip_vit_b_32,patch_shuffle,4463,0.8074219822883606
clip_vit_b_32,patch_shuffle,5318,0.7073188424110413
clip_vit_b_32,patch_shuffle,3515,0.6934320330619812
clip_vit_b_32,patch_shuffle,4642,0.7421569228172302
clip_vit_b_32,patch_shuffle,852,0.6647706031799316
clip_vit_b_32,patch_shuffle,1247,0.8286483883857727
clip_vit_b_32,patch_shuffle,7084,0.6801515221595764
clip_vit_b_32,patch_shuffle,5301,0.6704233288764954
clip_vit_b_32,patch_shuffle,5082,0.8173856735229492
clip_vit_b_32,patch_shuffle,5077,0.8378276228904724
clip_vit_b_32,patch_shuffle,1563,0.7505000829696655
clip_vit_b_32,patch_shuffle,29,0.6711720824241638
clip_vit_b_32,patch_shuffle,3867,0.7294154167175293
clip_vit_b_32,patch_shuffle,4620,0.7233047485351562
clip_vit_b_32,patch_shuffle,4065,0.597498893737793
clip_vit_b_32,patch_shuffle,1095,0.7584325671195984
clip_vit_b_32,patch_shuffle,4229,0.6534114480018616
clip_vit_b_32,patch_shuffle,3562,0.7897605299949646
clip_vit_b_32,patch_shuffle,2342,0.5896180868148804
clip_vit_b_32,patch_shuffle,1667,0.7309868931770325
clip_vit_b_32,patch_shuffle,7033,0.733610987663269
clip_vit_b_32,patch_shuffle,1771,0.6965671181678772
clip_vit_b_32,patch_shuffle,3157,0.6515026688575745
clip_vit_b_32,patch_shuffle,3851,0.7589039206504822
clip_vit_b_32,patch_shuffle,1287,0.7519234418869019
clip_vit_b_32,patch_shuffle,7320,0.6251282095909119
clip_vit_b_32,patch_shuffle,7600,0.8066033124923706
clip_vit_b_32,patch_shuffle,3852,0.6574773192405701
clip_vit_b_32,patch_shuffle,269,0.7059399485588074
clip_vit_b_32,patch_shuffle,1703,0.7903499007225037
clip_vit_b_32,patch_shuffle,7776,0.5750458836555481
clip_vit_b_32,patch_shuffle,3891,0.7843183279037476
clip_vit_b_32,patch_shuffle,7009,0.7938108444213867
clip_vit_b_32,patch_shuffle,4893,0.7574784755706787
clip_vit_b_32,patch_shuffle,2351,0.6394685506820679
clip_vit_b_32,patch_shuffle,3550,0.813419759273529
clip_vit_b_32,patch_shuffle,5719,0.7318016886711121
clip_vit_b_32,patch_shuffle,1884,0.7474730610847473
clip_vit_b_32,patch_shuffle,2898,0.6555336713790894
clip_vit_b_32,patch_shuffle,4640,0.7411500215530396
clip_vit_b_32,patch_shuffle,7610,0.7192413806915283
clip_vit_b_32,patch_shuffle,1833,0.8087964653968811
clip_vit_b_32,patch_shuffle,6455,0.6820744872093201
clip_vit_b_32,patch_shuffle,3893,0.7611607909202576
clip_vit_b_32,patch_shuffle,4731,0.7929098606109619
clip_vit_b_32,patch_shuffle,929,0.6917449831962585
clip_vit_b_32,patch_shuffle,3962,0.7333256602287292
clip_vit_b_32,patch_shuffle,3778,0.7975555658340454
clip_vit_b_32,patch_shuffle,1429,0.8100470900535583
clip_vit_b_32,patch_shuffle,49,0.5756158828735352
clip_vit_b_32,patch_shuffle,276,0.7334831953048706
clip_vit_b_32,patch_shuffle,6076,0.7457250952720642
clip_vit_b_32,patch_shuffle,1389,0.7367700934410095
clip_vit_b_32,patch_shuffle,3362,0.7766443490982056
clip_vit_b_32,patch_shuffle,317,0.6108232140541077
clip_vit_b_32,patch_shuffle,4675,0.7723217010498047
clip_vit_b_32,patch_shuffle,5924,0.7483057975769043
clip_vit_b_32,patch_shuffle,198,0.7128850221633911
clip_vit_b_32,patch_shuffle,7779,0.6752780675888062
clip_vit_b_32,patch_shuffle,4054,0.7266558408737183
clip_vit_b_32,patch_shuffle,5556,0.7702943682670593
clip_vit_b_32,patch_shuffle,2687,0.6935053467750549
clip_vit_b_32,patch_shuffle,1202,0.778049886226654
clip_vit_b_32,patch_shuffle,97,0.7746292352676392
clip_vit_b_32,patch_shuffle,6033,0.7792086601257324
clip_vit_b_32,patch_shuffle,1711,0.7155916094779968
clip_vit_b_32,patch_shuffle,1430,0.8040317296981812
clip_vit_b_32,patch_shuffle,739,0.7838388681411743
clip_vit_b_32,patch_shuffle,3491,0.71809321641922
clip_vit_b_32,patch_shuffle,1568,0.6698068976402283
clip_vit_b_32,patch_shuffle,1211,0.7738807797431946
clip_vit_b_32,patch_shuffle,4913,0.7315007448196411
clip_vit_b_32,patch_shuffle,2502,0.7344713807106018
clip_vit_b_32,patch_shuffle,2539,0.5999290347099304
clip_vit_b_32,patch_shuffle,979,0.7247757911682129
clip_vit_b_32,patch_shuffle,6354,0.5331650376319885
clip_vit_b_32,patch_shuffle,4735,0.583439290523529
clip_vit_b_32,patch_shuffle,5912,0.752166211605072
clip_vit_b_32,patch_shuffle,3844,0.7669932246208191
clip_vit_b_32,patch_shuffle,1263,0.7216694355010986
clip_vit_b_32,patch_shuffle,3404,0.6268882155418396
clip_vit_b_32,patch_shuffle,3905,0.7474844455718994
clip_vit_b_32,patch_shuffle,1596,0.7816579341888428
clip_vit_b_32,patch_shuffle,3083,0.7341426014900208
clip_vit_b_32,patch_shuffle,2003,0.8155534863471985
clip_vit_b_32,patch_shuffle,5030,0.7537991404533386
clip_vit_b_32,patch_shuffle,95,0.735435962677002
clip_vit_b_32,patch_shuffle,2757,0.7838994264602661
clip_vit_b_32,patch_shuffle,3413,0.64110267162323
clip_vit_b_32,patch_shuffle,5488,0.7312145233154297
clip_vit_b_32,patch_shuffle,4827,0.7625762820243835
clip_vit_b_32,patch_shuffle,1877,0.7392724752426147
clip_vit_b_32,patch_shuffle,2157,0.7411787509918213
clip_vit_b_32,patch_shuffle,4821,0.7903892397880554
clip_vit_b_32,patch_shuffle,4953,0.7372087836265564
clip_vit_b_32,patch_shuffle,5525,0.777733564376831
clip_vit_b_32,patch_shuffle,5381,0.7492062449455261
clip_vit_b_32,patch_shuffle,672,0.7339490056037903
clip_vit_b_32,patch_shuffle,323,0.6725406646728516
clip_vit_b_32,patch_shuffle,5436,0.8311701416969299
clip_vit_b_32,patch_shuffle,5450,0.6284578442573547
clip_vit_b_32,patch_shuffle,6358,0.7770355343818665
clip_vit_b_32,patch_shuffle,372,0.6757878065109253
clip_vit_b_32,patch_shuffle,378,0.667616605758667
clip_vit_b_32,patch_shuffle,7706,0.6384100914001465
clip_vit_b_32,patch_shuffle,2178,0.709004282951355
clip_vit_b_32,patch_shuffle,5237,0.6967635750770569
clip_vit_b_32,patch_shuffle,5478,0.7398413419723511
clip_vit_b_32,patch_shuffle,5452,0.6424081921577454
clip_vit_b_32,patch_shuffle,5623,0.7655054330825806
clip_vit_b_32,patch_shuffle,6772,0.7628553509712219
clip_vit_b_32,patch_shuffle,1111,0.8178035020828247
clip_vit_b_32,patch_shuffle,5528,0.8261497020721436
clip_vit_b_32,patch_shuffle,3777,0.7480765581130981
clip_vit_b_32,patch_shuffle,2458,0.7303254008293152
clip_vit_b_32,patch_shuffle,4921,0.7934374213218689
clip_vit_b_32,patch_shuffle,3015,0.7389304637908936
clip_vit_b_32,patch_shuffle,7476,0.794035792350769
clip_vit_b_32,patch_shuffle,1520,0.7138229012489319
clip_vit_b_32,patch_shuffle,6713,0.6628488302230835
clip_vit_b_32,patch_shuffle,1852,0.6995651721954346
clip_vit_b_32,patch_shuffle,2268,0.6563118100166321
clip_vit_b_32,patch_shuffle,151,0.7289762496948242
clip_vit_b_32,patch_shuffle,890,0.810567319393158
clip_vit_b_32,patch_shuffle,825,0.748640239238739
clip_vit_b_32,patch_shuffle,2536,0.7985633015632629
clip_vit_b_32,patch_shuffle,470,0.7193393111228943
clip_vit_b_32,patch_shuffle,5256,0.8292626738548279
clip_vit_b_32,patch_shuffle,2011,0.7487794756889343
clip_vit_b_32,patch_shuffle,7150,0.6973717212677002
clip_vit_b_32,patch_shuffle,449,0.7511645555496216
clip_vit_b_32,patch_shuffle,2704,0.8093423843383789
clip_vit_b_32,patch_shuffle,3437,0.6896429061889648
clip_vit_b_32,patch_shuffle,3375,0.7174501419067383
clip_vit_b_32,patch_shuffle,4552,0.7023718953132629
clip_vit_b_32,patch_shuffle,920,0.8019101023674011
clip_vit_b_32,patch_shuffle,2242,0.7714696526527405
clip_vit_b_32,patch_shuffle,2745,0.7040813565254211
clip_vit_b_32,patch_shuffle,1032,0.8154954314231873
clip_vit_b_32,patch_shuffle,365,0.7801836729049683
clip_vit_b_32,patch_shuffle,4850,0.7046048045158386
clip_vit_b_32,patch_shuffle,4819,0.7287840843200684
clip_vit_b_32,patch_shuffle,7338,0.6753531694412231
clip_vit_b_32,patch_shuffle,7372,0.7670876383781433
clip_vit_b_32,patch_shuffle,1090,0.7084414958953857
clip_vit_b_32,patch_shuffle,5062,0.7656911015510559
clip_vit_b_32,patch_shuffle,981,0.7013060450553894
clip_vit_b_32,patch_shuffle,5857,0.6324278712272644
clip_vit_b_32,patch_shuffle,1986,0.84274822473526
clip_vit_b_32,patch_shuffle,5560,0.8096844553947449
clip_vit_b_32,patch_shuffle,1814,0.7428976893424988
clip_vit_b_32,patch_shuffle,194,0.7962369918823242
clip_vit_b_32,patch_shuffle,1993,0.7715134620666504
clip_vit_b_32,patch_shuffle,5333,0.6342386603355408
clip_vit_b_32,patch_shuffle,4311,0.7317491173744202
clip_vit_b_32,patch_shuffle,7425,0.6792896389961243
clip_vit_b_32,patch_shuffle,3889,0.6368234157562256
clip_vit_b_32,patch_shuffle,4308,0.7668418884277344
clip_vit_b_32,patch_shuffle,1960,0.7746959924697876
clip_vit_b_32,patch_shuffle,4399,0.6456732749938965
clip_vit_b_32,patch_shuffle,3191,0.6818215250968933
clip_vit_b_32,patch_shuffle,1626,0.6919322609901428
clip_vit_b_32,patch_shuffle,176,0.6922550797462463
clip_vit_b_32,patch_shuffle,7726,0.7542966604232788
clip_vit_b_32,patch_shuffle,2334,0.6508995294570923
clip_vit_b_32,patch_shuffle,1648,0.7526088953018188
clip_vit_b_32,patch_shuffle,6084,0.7442150115966797
clip_vit_b_32,patch_shuffle,3455,0.6841369271278381
clip_vit_b_32,patch_shuffle,1468,0.7743312120437622
clip_vit_b_32,patch_shuffle,1296,0.7025002837181091
clip_vit_b_32,patch_shuffle,5213,0.7263142466545105
clip_vit_b_32,patch_shuffle,7047,0.668505072593689
clip_vit_b_32,patch_shuffle,5360,0.711858868598938
clip_vit_b_32,patch_shuffle,5824,0.7673339247703552
clip_vit_b_32,patch_shuffle,7460,0.7497206926345825
clip_vit_b_32,patch_shuffle,4791,0.7169029712677002
clip_vit_b_32,patch_shuffle,6692,0.6996122598648071
clip_vit_b_32,patch_shuffle,6931,0.8001198768615723
clip_vit_b_32,patch_shuffle,667,0.770810604095459
clip_vit_b_32,patch_shuffle,7781,0.8321264982223511
clip_vit_b_32,patch_shuffle,7793,0.632235050201416
clip_vit_b_32,patch_shuffle,1411,0.677711009979248
clip_vit_b_32,patch_shuffle,1473,0.7973095774650574
clip_vit_b_32,patch_shuffle,7130,0.6761940121650696
clip_vit_b_32,patch_shuffle,1956,0.7910433411598206
clip_vit_b_32,patch_shuffle,6716,0.7005805969238281
clip_vit_b_32,patch_shuffle,4106,0.6929305195808411
clip_vit_b_32,patch_shuffle,3494,0.8174989223480225
clip_vit_b_32,patch_shuffle,691,0.6864393949508667
clip_vit_b_32,patch_shuffle,5220,0.7627779245376587
clip_vit_b_32,patch_shuffle,4908,0.7883161306381226
clip_vit_b_32,patch_shuffle,7029,0.7274566888809204
clip_vit_b_32,patch_shuffle,4130,0.6449839472770691
clip_vit_b_32,patch_shuffle,7938,0.7542727589607239
clip_vit_b_32,patch_shuffle,5101,0.7229005098342896
clip_vit_b_32,patch_shuffle,1515,0.6752456426620483
clip_vit_b_32,patch_shuffle,3287,0.7791895866394043
clip_vit_b_32,patch_shuffle,716,0.7755033373832703
clip_vit_b_32,patch_shuffle,4236,0.8109995126724243
clip_vit_b_32,patch_shuffle,5408,0.7164404392242432
clip_vit_b_32,patch_shuffle,5496,0.7615690231323242
clip_vit_b_32,patch_shuffle,3365,0.7440955638885498
clip_vit_b_32,patch_shuffle,4323,0.7026512622833252
clip_vit_b_32,patch_shuffle,5467,0.8044990301132202
clip_vit_b_32,patch_shuffle,1644,0.6702907681465149
clip_vit_b_32,patch_shuffle,3948,0.6243893504142761
clip_vit_b_32,patch_shuffle,6726,0.6831560134887695
clip_vit_b_32,patch_shuffle,5395,0.6852663159370422
clip_vit_b_32,patch_shuffle,1579,0.8363867402076721
clip_vit_b_32,patch_shuffle,5918,0.7306628227233887
clip_vit_b_32,patch_shuffle,7041,0.7650669813156128
clip_vit_b_32,patch_shuffle,506,0.6902868151664734
clip_vit_b_32,patch_shuffle,4011,0.7188660502433777
clip_vit_b_32,patch_shuffle,5981,0.7503176927566528
clip_vit_b_32,patch_shuffle,409,0.5970503091812134
clip_vit_b_32,patch_shuffle,6954,0.8396415114402771
clip_vit_b_32,patch_shuffle,7555,0.7042287588119507
clip_vit_b_32,patch_shuffle,3965,0.6654054522514343
clip_vit_b_32,patch_shuffle,7266,0.7761815190315247
clip_vit_b_32,patch_shuffle,4785,0.6871774196624756
clip_vit_b_32,patch_shuffle,6028,0.6348744630813599
clip_vit_b_32,patch_shuffle,6503,0.6969733238220215
clip_vit_b_32,patch_shuffle,6414,0.7460429072380066
clip_vit_b_32,patch_shuffle,5382,0.7645520567893982
clip_vit_b_32,patch_shuffle,6836,0.80782151222229
clip_vit_b_32,patch_shuffle,6508,0.7727875113487244
clip_vit_b_32,patch_shuffle,3994,0.8065178990364075
clip_vit_b_32,patch_shuffle,3942,0.7127572298049927
clip_vit_b_32,patch_shuffle,3542,0.7695777416229248
clip_vit_b_32,patch_shuffle,6952,0.7904062867164612
clip_vit_b_32,patch_shuffle,4290,0.748088002204895
clip_vit_b_32,patch_shuffle,7446,0.6784529089927673
clip_vit_b_32,patch_shuffle,6169,0.7413858771324158
clip_vit_b_32,patch_shuffle,1109,0.6555342674255371
clip_vit_b_32,patch_shuffle,3179,0.8060109615325928
clip_vit_b_32,patch_shuffle,7835,0.850960910320282
clip_vit_b_32,patch_shuffle,7390,0.7949044704437256
clip_vit_b_32,patch_shuffle,568,0.5974539518356323
clip_vit_b_32,patch_shuffle,4629,0.8558025360107422
clip_vit_b_32,patch_shuffle,7138,0.7734577655792236
clip_vit_b_32,patch_shuffle,5284,0.8156709671020508
clip_vit_b_32,patch_shuffle,3,0.7757681608200073
clip_vit_b_32,patch_shuffle,2690,0.6741848587989807
clip_vit_b_32,patch_shuffle,5858,0.8034176826477051
clip_vit_b_32,patch_shuffle,1266,0.788599967956543
clip_vit_b_32,patch_shuffle,3034,0.799090564250946
clip_vit_b_32,patch_shuffle,2655,0.6278818249702454
clip_vit_b_32,patch_shuffle,6190,0.7816417217254639
clip_vit_b_32,patch_shuffle,4170,0.8406332731246948
clip_vit_b_32,patch_shuffle,7380,0.7279635071754456
clip_vit_b_32,patch_shuffle,7752,0.882317841053009
clip_vit_b_32,patch_shuffle,3996,0.5523818731307983
clip_vit_b_32,patch_shuffle,1204,0.7040234804153442
clip_vit_b_32,patch_shuffle,1654,0.7844170331954956
clip_vit_b_32,patch_shuffle,4746,0.789472758769989
clip_vit_b_32,patch_shuffle,4590,0.7877659201622009
clip_vit_b_32,patch_shuffle,562,0.750493586063385
clip_vit_b_32,patch_shuffle,7108,0.7680635452270508
clip_vit_b_32,patch_shuffle,5999,0.5922147631645203
clip_vit_b_32,patch_shuffle,1403,0.7081161737442017
clip_vit_b_32,patch_shuffle,4403,0.7798490524291992
clip_vit_b_32,patch_shuffle,6332,0.5929582715034485
clip_vit_b_32,patch_shuffle,6264,0.681148886680603
clip_vit_b_32,patch_shuffle,303,0.7888549566268921
clip_vit_b_32,patch_shuffle,791,0.8142796754837036
clip_vit_b_32,patch_shuffle,3067,0.6668769121170044
clip_vit_b_32,patch_shuffle,484,0.6647217273712158
clip_vit_b_32,patch_shuffle,1370,0.8402412533760071
clip_vit_b_32,patch_shuffle,4069,0.7681347727775574
clip_vit_b_32,patch_shuffle,7373,0.6817963123321533
clip_vit_b_32,patch_shuffle,4330,0.690414547920227
clip_vit_b_32,patch_shuffle,5701,0.7049459218978882
clip_vit_b_32,patch_shuffle,7465,0.7238861918449402
clip_vit_b_32,patch_shuffle,1531,0.7945859432220459
clip_vit_b_32,patch_shuffle,4676,0.6401394605636597
clip_vit_b_32,patch_shuffle,4531,0.7541465163230896
clip_vit_b_32,patch_shuffle,706,0.6317733526229858
clip_vit_b_32,patch_shuffle,2844,0.8018393516540527
clip_vit_b_32,patch_shuffle,3755,0.6737831830978394
clip_vit_b_32,patch_shuffle,5848,0.7111737132072449
clip_vit_b_32,patch_shuffle,2114,0.784651517868042
clip_vit_b_32,patch_shuffle,3876,0.7330003380775452
clip_vit_b_32,patch_shuffle,677,0.7358348369598389
clip_vit_b_32,patch_shuffle,2116,0.7443037629127502
clip_vit_b_32,patch_shuffle,4661,0.7275137305259705
clip_vit_b_32,patch_shuffle,2676,0.7035447359085083
clip_vit_b_32,patch_shuffle,3025,0.6731783151626587
clip_vit_b_32,patch_shuffle,4449,0.7221801280975342
clip_vit_b_32,patch_shuffle,977,0.8340712189674377
clip_vit_b_32,patch_shuffle,4990,0.7199046611785889
clip_vit_b_32,patch_shuffle,7309,0.7333256602287292
clip_vit_b_32,patch_shuffle,1048,0.677209734916687
clip_vit_b_32,patch_shuffle,3276,0.7460966110229492
clip_vit_b_32,patch_shuffle,5512,0.6544212698936462
clip_vit_b_32,patch_shuffle,7692,0.5549150705337524
clip_vit_b_32,patch_shuffle,1436,0.8183287382125854
clip_vit_b_32,patch_shuffle,7544,0.7822099924087524
clip_vit_b_32,patch_shuffle,3383,0.7893861532211304
clip_vit_b_32,patch_shuffle,1977,0.8382371068000793
clip_vit_b_32,patch_shuffle,2750,0.747569739818573
clip_vit_b_32,patch_shuffle,7996,0.7745336294174194
clip_vit_b_32,patch_shuffle,6989,0.6469109654426575
clip_vit_b_32,patch_shuffle,1431,0.7811583876609802
clip_vit_b_32,patch_shuffle,7416,0.7519501447677612
clip_vit_b_32,patch_shuffle,4547,0.7601854205131531
clip_vit_b_32,patch_shuffle,42,0.775419294834137
clip_vit_b_32,patch_shuffle,5117,0.7526653409004211
clip_vit_b_32,patch_shuffle,4411,0.7448206543922424
clip_vit_b_32,patch_shuffle,5789,0.6835799217224121
clip_vit_b_32,patch_shuffle,483,0.7126938104629517
clip_vit_b_32,patch_shuffle,6650,0.7168809771537781
clip_vit_b_32,patch_shuffle,4881,0.7246283292770386
clip_vit_b_32,patch_shuffle,391,0.782074511051178
clip_vit_b_32,patch_shuffle,370,0.7036796808242798
clip_vit_b_32,patch_shuffle,419,0.5877624154090881
clip_vit_b_32,patch_shuffle,3318,0.643365204334259
clip_vit_b_32,patch_shuffle,4355,0.6407721042633057
clip_vit_b_32,patch_shuffle,5402,0.7951347827911377
clip_vit_b_32,patch_shuffle,5332,0.692925214767456
clip_vit_b_32,patch_shuffle,239,0.7145102620124817
clip_vit_b_32,patch_shuffle,6271,0.7405996918678284
clip_vit_b_32,patch_shuffle,1129,0.5698574185371399
clip_vit_b_32,patch_shuffle,2391,0.6341812610626221
clip_vit_b_32,patch_shuffle,191,0.6816540360450745
clip_vit_b_32,patch_shuffle,5447,0.6037722826004028
clip_vit_b_32,patch_shuffle,6528,0.8392276763916016
resnet50,cue_conflict,pair0_airplane_to_bird_05,0.24308060109615326
resnet50,cue_conflict,pair0_airplane_to_bird_06,0.20378121733665466
resnet50,cue_conflict,pair0_airplane_to_bird_09,0.20202024281024933
resnet50,cue_conflict,pair0_airplane_to_bird_10,0.1768779456615448
resnet50,cue_conflict,pair0_airplane_to_bird_11,0.09198185056447983
resnet50,cue_conflict,pair0_airplane_to_bird_12,0.33858078718185425
resnet50,cue_conflict,pair0_airplane_to_bird_13,0.23812665045261383
resnet50,cue_conflict,pair0_airplane_to_bird_15,0.22257936000823975
resnet50,cue_conflict,pair0_airplane_to_bird_16,0.21474775671958923
resnet50,cue_conflict,pair0_airplane_to_bird_17,0.36852142214775085
resnet50,cue_conflict,pair0_airplane_to_bird_18,0.15144944190979004
resnet50,cue_conflict,pair0_airplane_to_bird_19,0.1654905527830124
resnet50,cue_conflict,pair0_airplane_to_bird_21,0.4462660551071167
resnet50,cue_conflict,pair0_airplane_to_bird_22,0.2150079309940338
resnet50,cue_conflict,pair0_airplane_to_bird_23,0.08908981829881668
resnet50,cue_conflict,pair0_airplane_to_bird_24,0.1936119645833969
resnet50,cue_conflict,pair0_airplane_to_bird_25,0.4533732235431671
resnet50,cue_conflict,pair0_airplane_to_bird_26,0.2401212602853775
resnet50,cue_conflict,pair0_airplane_to_bird_27,0.4583500921726227
resnet50,cue_conflict,pair0_airplane_to_bird_28,0.1512707769870758
resnet50,cue_conflict,pair0_bird_to_airplane_01,0.4448045492172241
resnet50,cue_conflict,pair0_bird_to_airplane_02,0.4601180851459503
resnet50,cue_conflict,pair0_bird_to_airplane_04,0.3167188763618469
resnet50,cue_conflict,pair0_bird_to_airplane_05,0.1670295149087906
resnet50,cue_conflict,pair0_bird_to_airplane_07,0.5146713852882385
resnet50,cue_conflict,pair0_bird_to_airplane_08,0.33216312527656555
resnet50,cue_conflict,pair0_bird_to_airplane_09,0.4247589707374573
resnet50,cue_conflict,pair0_bird_to_airplane_10,0.6097185015678406
resnet50,cue_conflict,pair0_bird_to_airplane_12,0.3769483268260956
resnet50,cue_conflict,pair0_bird_to_airplane_16,0.22820740938186646
resnet50,cue_conflict,pair0_bird_to_airplane_17,0.5011706948280334
resnet50,cue_conflict,pair0_bird_to_airplane_18,0.6011027693748474
resnet50,cue_conflict,pair0_bird_to_airplane_19,0.38730546832084656
resnet50,cue_conflict,pair0_bird_to_airplane_21,0.2823483347892761
resnet50,cue_conflict,pair0_bird_to_airplane_22,0.47630929946899414
resnet50,cue_conflict,pair0_bird_to_airplane_23,0.5348932147026062
resnet50,cue_conflict,pair0_bird_to_airplane_24,0.33022207021713257
resnet50,cue_conflict,pair0_bird_to_airplane_26,0.475869745016098
resnet50,cue_conflict,pair0_bird_to_airplane_27,0.4709867835044861
resnet50,cue_conflict,pair0_bird_to_airplane_29,0.31253209710121155
resnet50,cue_conflict,pair1_car_to_cat_00,0.5286843776702881
resnet50,cue_conflict,pair1_car_to_cat_01,0.39487987756729126
resnet50,cue_conflict,pair1_car_to_cat_03,0.36759769916534424
resnet50,cue_conflict,pair1_car_to_cat_04,0.6342729330062866
resnet50,cue_conflict,pair1_car_to_cat_08,0.10358251631259918
resnet50,cue_conflict,pair1_car_to_cat_09,0.4880131483078003
resnet50,cue_conflict,pair1_car_to_cat_12,0.42106813192367554
resnet50,cue_conflict,pair1_car_to_cat_13,0.34830349683761597
resnet50,cue_conflict,pair1_car_to_cat_14,0.38842251896858215
resnet50,cue_conflict,pair1_car_to_cat_15,0.3725975751876831
resnet50,cue_conflict,pair1_car_to_cat_16,0.14789366722106934
resnet50,cue_conflict,pair1_car_to_cat_17,0.28418564796447754
resnet50,cue_conflict,pair1_car_to_cat_18,0.201003298163414
resnet50,cue_conflict,pair1_car_to_cat_19,0.25615981221199036
resnet50,cue_conflict,pair1_car_to_cat_20,0.4619491994380951
resnet50,cue_conflict,pair1_car_to_cat_22,0.24317798018455505
resnet50,cue_conflict,pair1_car_to_cat_23,0.23132264614105225
resnet50,cue_conflict,pair1_car_to_cat_25,0.19541986286640167
resnet50,cue_conflict,pair1_car_to_cat_26,0.5182510018348694
resnet50,cue_conflict,pair1_car_to_cat_27,0.5240387320518494
resnet50,cue_conflict,pair1_cat_to_car_00,0.5740441083908081
resnet50,cue_conflict,pair1_cat_to_car_01,0.1686064898967743
resnet50,cue_conflict,pair1_cat_to_car_03,0.14837977290153503
resnet50,cue_conflict,pair1_cat_to_car_04,0.4401039779186249
resnet50,cue_conflict,pair1_cat_to_car_08,0.12709611654281616
resnet50,cue_conflict,pair1_cat_to_car_09,0.168046772480011
resnet50,cue_conflict,pair1_cat_to_car_12,0.4094686806201935
resnet50,cue_conflict,pair1_cat_to_car_13,0.45718899369239807
resnet50,cue_conflict,pair1_cat_to_car_15,0.18599985539913177
resnet50,cue_conflict,pair1_cat_to_car_16,0.19800665974617004
resnet50,cue_conflict,pair1_cat_to_car_17,0.1785462498664856
resnet50,cue_conflict,pair1_cat_to_car_19,0.5001981854438782
resnet50,cue_conflict,pair1_cat_to_car_20,0.30163025856018066
resnet50,cue_conflict,pair1_cat_to_car_21,0.14684315025806427
resnet50,cue_conflict,pair1_cat_to_car_22,0.36938631534576416
resnet50,cue_conflict,pair1_cat_to_car_24,0.6096168160438538
resnet50,cue_conflict,pair1_cat_to_car_26,0.15417182445526123
resnet50,cue_conflict,pair1_cat_to_car_27,0.16295459866523743
resnet50,cue_conflict,pair1_cat_to_car_28,0.16411995887756348
resnet50,cue_conflict,pair1_cat_to_car_29,0.32912853360176086
resnet50,cue_conflict,pair2_deer_to_ship_00,0.37407606840133667
resnet50,cue_conflict,pair2_deer_to_ship_01,0.1700224131345749
resnet50,cue_conflict,pair2_deer_to_ship_03,0.28707975149154663
resnet50,cue_conflict,pair2_deer_to_ship_04,0.43269917368888855
resnet50,cue_conflict,pair2_deer_to_ship_06,0.20853786170482635
resnet50,cue_conflict,pair2_deer_to_ship_09,0.3847684860229492
resnet50,cue_conflict,pair2_deer_to_ship_10,0.15344582498073578
resnet50,cue_conflict,pair2_deer_to_ship_13,0.321485698223114
resnet50,cue_conflict,pair2_deer_to_ship_14,0.2514072060585022
resnet50,cue_conflict,pair2_deer_to_ship_15,0.38990211486816406
resnet50,cue_conflict,pair2_deer_to_ship_16,0.3660753071308136
resnet50,cue_conflict,pair2_deer_to_ship_17,0.33438846468925476
resnet50,cue_conflict,pair2_deer_to_ship_18,0.08705779910087585
resnet50,cue_conflict,pair2_deer_to_ship_19,0.1598263531923294
resnet50,cue_conflict,pair2_deer_to_ship_20,0.25416991114616394
resnet50,cue_conflict,pair2_deer_to_ship_21,0.2561093270778656
resnet50,cue_conflict,pair2_deer_to_ship_25,0.21216422319412231
resnet50,cue_conflict,pair2_deer_to_ship_27,0.2937942147254944
resnet50,cue_conflict,pair2_deer_to_ship_28,0.36908355355262756
resnet50,cue_conflict,pair2_deer_to_ship_29,0.25688251852989197
resnet50,cue_conflict,pair2_ship_to_deer_01,0.21584497392177582
resnet50,cue_conflict,pair2_ship_to_deer_02,0.24915574491024017
resnet50,cue_conflict,pair2_ship_to_deer_05,0.28621211647987366
resnet50,cue_conflict,pair2_ship_to_deer_06,0.3530469834804535
resnet50,cue_conflict,pair2_ship_to_deer_08,0.23052047193050385
resnet50,cue_conflict,pair2_ship_to_deer_10,0.3184758126735687
resnet50,cue_conflict,pair2_ship_to_deer_11,0.342102587223053
resnet50,cue_conflict,pair2_ship_to_deer_14,0.1569397896528244
resnet50,cue_conflict,pair2_ship_to_deer_16,0.4731478691101074
resnet50,cue_conflict,pair2_ship_to_deer_18,0.32133346796035767
resnet50,cue_conflict,pair2_ship_to_deer_19,0.27409759163856506
resnet50,cue_conflict,pair2_ship_to_deer_20,0.22229672968387604
resnet50,cue_conflict,pair2_ship_to_deer_21,0.3802734613418579
resnet50,cue_conflict,pair2_ship_to_deer_22,0.21750804781913757
resnet50,cue_conflict,pair2_ship_to_deer_23,0.37521907687187195
resnet50,cue_conflict,pair2_ship_to_deer_24,0.45754778385162354
resnet50,cue_conflict,pair2_ship_to_deer_26,0.20856010913848877
resnet50,cue_conflict,pair2_ship_to_deer_27,0.20663481950759888
resnet50,cue_conflict,pair2_ship_to_deer_28,0.32929086685180664
resnet50,cue_conflict,pair2_ship_to_deer_29,0.2341974675655365
resnet50,cue_conflict,pair3_dog_to_truck_00,0.5553529262542725
resnet50,cue_conflict,pair3_dog_to_truck_01,0.661746621131897
resnet50,cue_conflict,pair3_dog_to_truck_03,0.4799865484237671
resnet50,cue_conflict,pair3_dog_to_truck_04,0.08970237523317337
resnet50,cue_conflict,pair3_dog_to_truck_08,0.39779266715049744
resnet50,cue_conflict,pair3_dog_to_truck_09,0.39459228515625
resnet50,cue_conflict,pair3_dog_to_truck_13,0.39414525032043457
resnet50,cue_conflict,pair3_dog_to_truck_14,0.17311130464076996
resnet50,cue_conflict,pair3_dog_to_truck_15,0.129768967628479
resnet50,cue_conflict,pair3_dog_to_truck_16,0.3504640758037567
resnet50,cue_conflict,pair3_dog_to_truck_17,0.4651113748550415
resnet50,cue_conflict,pair3_dog_to_truck_18,0.4639844298362732
resnet50,cue_conflict,pair3_dog_to_truck_19,0.18927974998950958
resnet50,cue_conflict,pair3_dog_to_truck_20,0.45346859097480774
resnet50,cue_conflict,pair3_dog_to_truck_21,0.5439118146896362
resnet50,cue_conflict,pair3_dog_to_truck_23,0.29008355736732483
resnet50,cue_conflict,pair3_dog_to_truck_24,0.1675572693347931
resnet50,cue_conflict,pair3_dog_to_truck_26,0.393500953912735
resnet50,cue_conflict,pair3_dog_to_truck_27,0.37787753343582153
resnet50,cue_conflict,pair3_dog_to_truck_28,0.47428572177886963
resnet50,cue_conflict,pair3_truck_to_dog_00,0.08205354958772659
resnet50,cue_conflict,pair3_truck_to_dog_01,0.38287556171417236
resnet50,cue_conflict,pair3_truck_to_dog_03,0.3668934404850006
resnet50,cue_conflict,pair3_truck_to_dog_04,0.1698502153158188
resnet50,cue_conflict,pair3_truck_to_dog_08,0.3714171350002289
resnet50,cue_conflict,pair3_truck_to_dog_09,0.17873594164848328
resnet50,cue_conflict,pair3_truck_to_dog_12,0.3803693354129791
resnet50,cue_conflict,pair3_truck_to_dog_13,0.36741599440574646
resnet50,cue_conflict,pair3_truck_to_dog_14,0.3857641816139221
resnet50,cue_conflict,pair3_truck_to_dog_15,0.3652831017971039
resnet50,cue_conflict,pair3_truck_to_dog_17,0.47495564818382263
resnet50,cue_conflict,pair3_truck_to_dog_18,0.1485172063112259
resnet50,cue_conflict,pair3_truck_to_dog_19,0.390778511762619
resnet50,cue_conflict,pair3_truck_to_dog_20,0.08497865498065948
resnet50,cue_conflict,pair3_truck_to_dog_21,0.17247794568538666
resnet50,cue_conflict,pair3_truck_to_dog_23,0.11202216148376465
resnet50,cue_conflict,pair3_truck_to_dog_25,0.28979191184043884
resnet50,cue_conflict,pair3_truck_to_dog_27,0.36118263006210327
resnet50,cue_conflict,pair3_truck_to_dog_28,0.20750568807125092
resnet50,cue_conflict,pair3_truck_to_dog_29,0.3846989870071411
resnet50,cue_conflict,pair4_horse_to_monkey_00,0.6524553894996643
resnet50,cue_conflict,pair4_horse_to_monkey_01,0.5551920533180237
resnet50,cue_conflict,pair4_horse_to_monkey_03,0.35722416639328003
resnet50,cue_conflict,pair4_horse_to_monkey_04,0.4423030912876129
resnet50,cue_conflict,pair4_horse_to_monkey_08,0.40408411622047424
resnet50,cue_conflict,pair4_horse_to_monkey_09,0.57403564453125
resnet50,cue_conflict,pair4_horse_to_monkey_12,0.5110039710998535
resnet50,cue_conflict,pair4_horse_to_monkey_13,0.6473770141601562
resnet50,cue_conflict,pair4_horse_to_monkey_15,0.41656291484832764
resnet50,cue_conflict,pair4_horse_to_monkey_16,0.6523376703262329
resnet50,cue_conflict,pair4_horse_to_monkey_17,0.3956257104873657
resnet50,cue_conflict,pair4_horse_to_monkey_18,0.6784378290176392
resnet50,cue_conflict,pair4_horse_to_monkey_19,0.6464483141899109
resnet50,cue_conflict,pair4_horse_to_monkey_20,0.3734937906265259
resnet50,cue_conflict,pair4_horse_to_monkey_21,0.5318647623062134
resnet50,cue_conflict,pair4_horse_to_monkey_23,0.5728930234909058
resnet50,cue_conflict,pair4_horse_to_monkey_24,0.5040243268013
resnet50,cue_conflict,pair4_horse_to_monkey_26,0.4543527364730835
resnet50,cue_conflict,pair4_horse_to_monkey_27,0.6811130046844482
resnet50,cue_conflict,pair4_horse_to_monkey_28,0.6894234418869019
resnet50,cue_conflict,pair4_monkey_to_horse_00,0.5697982907295227
resnet50,cue_conflict,pair4_monkey_to_horse_01,0.815019965171814
resnet50,cue_conflict,pair4_monkey_to_horse_03,0.7140976190567017
resnet50,cue_conflict,pair4_monkey_to_horse_04,0.36276915669441223
resnet50,cue_conflict,pair4_monkey_to_horse_08,0.716985285282135
resnet50,cue_conflict,pair4_monkey_to_horse_09,0.7619206309318542
resnet50,cue_conflict,pair4_monkey_to_horse_13,0.5193901062011719
resnet50,cue_conflict,pair4_monkey_to_horse_14,0.23435741662979126
resnet50,cue_conflict,pair4_monkey_to_horse_15,0.41682806611061096
resnet50,cue_conflict,pair4_monkey_to_horse_16,0.1633409559726715
resnet50,cue_conflict,pair4_monkey_to_horse_17,0.38413694500923157
resnet50,cue_conflict,pair4_monkey_to_horse_19,0.5088577270507812
resnet50,cue_conflict,pair4_monkey_to_horse_20,0.41194671392440796
resnet50,cue_conflict,pair4_monkey_to_horse_21,0.3671674430370331
resnet50,cue_conflict,pair4_monkey_to_horse_22,0.2633032500743866
resnet50,cue_conflict,pair4_monkey_to_horse_24,0.48271462321281433
resnet50,cue_conflict,pair4_monkey_to_horse_26,0.43977540731430054
resnet50,cue_conflict,pair4_monkey_to_horse_27,0.43235501646995544
resnet50,cue_conflict,pair4_monkey_to_horse_28,0.7121195793151855
resnet50,cue_conflict,pair4_monkey_to_horse_29,0.30522164702415466
vit_b_16,cue_conflict,pair0_airplane_to_bird_05,0.4630639851093292
vit_b_16,cue_conflict,pair0_airplane_to_bird_06,0.26094305515289307
vit_b_16,cue_conflict,pair0_airplane_to_bird_09,0.21924933791160583
vit_b_16,cue_conflict,pair0_airplane_to_bird_10,0.1490669846534729
vit_b_16,cue_conflict,pair0_airplane_to_bird_11,0.18679797649383545
vit_b_16,cue_conflict,pair0_airplane_to_bird_12,0.28655806183815
vit_b_16,cue_conflict,pair0_airplane_to_bird_13,0.6205899119377136
vit_b_16,cue_conflict,pair0_airplane_to_bird_15,0.10484263300895691
vit_b_16,cue_conflict,pair0_airplane_to_bird_16,0.5511082410812378
vit_b_16,cue_conflict,pair0_airplane_to_bird_17,0.4816574156284332
vit_b_16,cue_conflict,pair0_airplane_to_bird_18,0.2794712781906128
vit_b_16,cue_conflict,pair0_airplane_to_bird_19,0.3520320653915405
vit_b_16,cue_conflict,pair0_airplane_to_bird_21,0.25553229451179504
vit_b_16,cue_conflict,pair0_airplane_to_bird_22,0.29381611943244934
vit_b_16,cue_conflict,pair0_airplane_to_bird_23,0.1396321803331375
vit_b_16,cue_conflict,pair0_airplane_to_bird_24,0.11562000215053558
vit_b_16,cue_conflict,pair0_airplane_to_bird_25,0.36613836884498596
vit_b_16,cue_conflict,pair0_airplane_to_bird_26,0.4778466820716858
vit_b_16,cue_conflict,pair0_airplane_to_bird_27,0.5399048924446106
vit_b_16,cue_conflict,pair0_airplane_to_bird_28,0.2987285256385803
vit_b_16,cue_conflict,pair0_bird_to_airplane_01,0.6181656718254089
vit_b_16,cue_conflict,pair0_bird_to_airplane_02,0.5265043377876282
vit_b_16,cue_conflict,pair0_bird_to_airplane_04,0.32649946212768555
vit_b_16,cue_conflict,pair0_bird_to_airplane_05,0.14367376267910004
vit_b_16,cue_conflict,pair0_bird_to_airplane_07,0.24941876530647278
vit_b_16,cue_conflict,pair0_bird_to_airplane_08,0.14821511507034302
vit_b_16,cue_conflict,pair0_bird_to_airplane_09,0.6359204053878784
vit_b_16,cue_conflict,pair0_bird_to_airplane_10,0.4905068576335907
vit_b_16,cue_conflict,pair0_bird_to_airplane_12,0.4155536890029907
vit_b_16,cue_conflict,pair0_bird_to_airplane_16,0.18722142279148102
vit_b_16,cue_conflict,pair0_bird_to_airplane_17,0.32710760831832886
vit_b_16,cue_conflict,pair0_bird_to_airplane_18,0.693845808506012
vit_b_16,cue_conflict,pair0_bird_to_airplane_19,0.42788445949554443
vit_b_16,cue_conflict,pair0_bird_to_airplane_21,0.42616528272628784
vit_b_16,cue_conflict,pair0_bird_to_airplane_22,0.7477607727050781
vit_b_16,cue_conflict,pair0_bird_to_airplane_23,0.3771663308143616
vit_b_16,cue_conflict,pair0_bird_to_airplane_24,0.4493419826030731
vit_b_16,cue_conflict,pair0_bird_to_airplane_26,0.3684527277946472
vit_b_16,cue_conflict,pair0_bird_to_airplane_27,0.7897191047668457
vit_b_16,cue_conflict,pair0_bird_to_airplane_29,0.17383670806884766
vit_b_16,cue_conflict,pair1_car_to_cat_00,0.6079374551773071
vit_b_16,cue_conflict,pair1_car_to_cat_01,0.6397985816001892
vit_b_16,cue_conflict,pair1_car_to_cat_03,0.5364379286766052
vit_b_16,cue_conflict,pair1_car_to_cat_04,0.640936017036438
vit_b_16,cue_conflict,pair1_car_to_cat_08,0.22943247854709625
vit_b_16,cue_conflict,pair1_car_to_cat_09,0.6344804167747498
vit_b_16,cue_conflict,pair1_car_to_cat_12,0.6629205942153931
vit_b_16,cue_conflict,pair1_car_to_cat_13,0.4848500192165375
vit_b_16,cue_conflict,pair1_car_to_cat_14,0.5234656929969788
vit_b_16,cue_conflict,pair1_car_to_cat_15,0.2900504469871521
vit_b_16,cue_conflict,pair1_car_to_cat_16,0.1250450164079666
vit_b_16,cue_conflict,pair1_car_to_cat_17,0.20966386795043945
vit_b_16,cue_conflict,pair1_car_to_cat_18,0.24282962083816528
vit_b_16,cue_conflict,pair1_car_to_cat_19,0.29593706130981445
vit_b_16,cue_conflict,pair1_car_to_cat_20,0.5044598579406738
vit_b_16,cue_conflict,pair1_car_to_cat_22,0.227935791015625
vit_b_16,cue_conflict,pair1_car_to_cat_23,0.44790148735046387
vit_b_16,cue_conflict,pair1_car_to_cat_25,0.24126946926116943
vit_b_16,cue_conflict,pair1_car_to_cat_26,0.5969521403312683
vit_b_16,cue_conflict,pair1_car_to_cat_27,0.6770037412643433
vit_b_16,cue_conflict,pair1_cat_to_car_00,0.41761475801467896
vit_b_16,cue_conflict,pair1_cat_to_car_01,0.07734642922878265
vit_b_16,cue_conflict,pair1_cat_to_car_03,0.17631930112838745
vit_b_16,cue_conflict,pair1_cat_to_car_04,0.419920414686203
vit_b_16,cue_conflict,pair1_cat_to_car_08,0.25894615054130554
vit_b_16,cue_conflict,pair1_cat_to_car_09,0.07358106970787048
vit_b_16,cue_conflict,pair1_cat_to_car_12,0.1254560500383377
vit_b_16,cue_conflict,pair1_cat_to_car_13,0.15172502398490906
vit_b_16,cue_conflict,pair1_cat_to_car_15,0.07670556008815765
vit_b_16,cue_conflict,pair1_cat_to_car_16,0.11661212146282196
vit_b_16,cue_conflict,pair1_cat_to_car_17,0.19082993268966675
vit_b_16,cue_conflict,pair1_cat_to_car_19,0.28569284081459045
vit_b_16,cue_conflict,pair1_cat_to_car_20,0.1472913771867752
vit_b_16,cue_conflict,pair1_cat_to_car_21,0.09555675089359283
vit_b_16,cue_conflict,pair1_cat_to_car_22,0.19304080307483673
vit_b_16,cue_conflict,pair1_cat_to_car_24,0.3333689570426941
vit_b_16,cue_conflict,pair1_cat_to_car_26,0.06428104639053345
vit_b_16,cue_conflict,pair1_cat_to_car_27,0.1714700311422348
vit_b_16,cue_conflict,pair1_cat_to_car_28,0.12473384290933609
vit_b_16,cue_conflict,pair1_cat_to_car_29,0.11067063361406326
vit_b_16,cue_conflict,pair2_deer_to_ship_00,0.5175554156303406
vit_b_16,cue_conflict,pair2_deer_to_ship_01,0.03320307657122612
vit_b_16,cue_conflict,pair2_deer_to_ship_03,0.1430371254682541
vit_b_16,cue_conflict,pair2_deer_to_ship_04,0.2573930621147156
vit_b_16,cue_conflict,pair2_deer_to_ship_06,0.11758889257907867
vit_b_16,cue_conflict,pair2_deer_to_ship_09,0.12958920001983643
vit_b_16,cue_conflict,pair2_deer_to_ship_10,0.2564012110233307
vit_b_16,cue_conflict,pair2_deer_to_ship_13,0.09773726761341095
vit_b_16,cue_conflict,pair2_deer_to_ship_14,0.32096758484840393
vit_b_16,cue_conflict,pair2_deer_to_ship_15,0.48191210627555847
vit_b_16,cue_conflict,pair2_deer_to_ship_16,0.3961891233921051
vit_b_16,cue_conflict,pair2_deer_to_ship_17,0.05141708627343178
vit_b_16,cue_conflict,pair2_deer_to_ship_18,0.037367358803749084
vit_b_16,cue_conflict,pair2_deer_to_ship_19,0.09938837587833405
vit_b_16,cue_conflict,pair2_deer_to_ship_20,0.08757097274065018
vit_b_16,cue_conflict,pair2_deer_to_ship_21,0.022793948650360107
vit_b_16,cue_conflict,pair2_deer_to_ship_25,0.053443584591150284
vit_b_16,cue_conflict,pair2_deer_to_ship_27,0.1358601301908493
vit_b_16,cue_conflict,pair2_deer_to_ship_28,0.06754060089588165
vit_b_16,cue_conflict,pair2_deer_to_ship_29,0.05672364681959152
vit_b_16,cue_conflict,pair2_ship_to_deer_01,0.24866461753845215
vit_b_16,cue_conflict,pair2_ship_to_deer_02,0.2540157735347748
vit_b_16,cue_conflict,pair2_ship_to_deer_05,0.2288976013660431
vit_b_16,cue_conflict,pair2_ship_to_deer_06,0.20025832951068878
vit_b_16,cue_conflict,pair2_ship_to_deer_08,0.19770750403404236
vit_b_16,cue_conflict,pair2_ship_to_deer_10,0.35946500301361084
vit_b_16,cue_conflict,pair2_ship_to_deer_11,0.17379136383533478
vit_b_16,cue_conflict,pair2_ship_to_deer_14,0.08212880790233612
vit_b_16,cue_conflict,pair2_ship_to_deer_16,0.4435357451438904
vit_b_16,cue_conflict,pair2_ship_to_deer_18,0.46121907234191895
vit_b_16,cue_conflict,pair2_ship_to_deer_19,0.47327056527137756
vit_b_16,cue_conflict,pair2_ship_to_deer_20,0.4748251736164093
vit_b_16,cue_conflict,pair2_ship_to_deer_21,0.44539764523506165
vit_b_16,cue_conflict,pair2_ship_to_deer_22,0.15238817036151886
vit_b_16,cue_conflict,pair2_ship_to_deer_23,0.16798260807991028
vit_b_16,cue_conflict,pair2_ship_to_deer_24,0.4068852365016937
vit_b_16,cue_conflict,pair2_ship_to_deer_26,0.16530539095401764
vit_b_16,cue_conflict,pair2_ship_to_deer_27,0.2120574712753296
vit_b_16,cue_conflict,pair2_ship_to_deer_28,0.4617369771003723
vit_b_16,cue_conflict,pair2_ship_to_deer_29,0.12966930866241455
vit_b_16,cue_conflict,pair3_dog_to_truck_00,0.7479407787322998
vit_b_16,cue_conflict,pair3_dog_to_truck_01,0.7509571313858032
vit_b_16,cue_conflict,pair3_dog_to_truck_03,0.22398214042186737
vit_b_16,cue_conflict,pair3_dog_to_truck_04,0.05229044333100319
vit_b_16,cue_conflict,pair3_dog_to_truck_08,0.216491237282753
vit_b_16,cue_conflict,pair3_dog_to_truck_09,0.3283792734146118
vit_b_16,cue_conflict,pair3_dog_to_truck_13,0.2729666233062744
vit_b_16,cue_conflict,pair3_dog_to_truck_14,0.33674514293670654
vit_b_16,cue_conflict,pair3_dog_to_truck_15,0.17334917187690735
vit_b_16,cue_conflict,pair3_dog_to_truck_16,0.5111920237541199
vit_b_16,cue_conflict,pair3_dog_to_truck_17,0.3111952543258667
vit_b_16,cue_conflict,pair3_dog_to_truck_18,0.45732635259628296
vit_b_16,cue_conflict,pair3_dog_to_truck_19,0.00984144862741232
vit_b_16,cue_conflict,pair3_dog_to_truck_20,0.5769992470741272
vit_b_16,cue_conflict,pair3_dog_to_truck_21,0.6589968800544739
vit_b_16,cue_conflict,pair3_dog_to_truck_23,0.23729610443115234
vit_b_16,cue_conflict,pair3_dog_to_truck_24,0.005204986780881882
vit_b_16,cue_conflict,pair3_dog_to_truck_26,0.35481882095336914
vit_b_16,cue_conflict,pair3_dog_to_truck_27,0.4778156280517578
vit_b_16,cue_conflict,pair3_dog_to_truck_28,0.4740241765975952
vit_b_16,cue_conflict,pair3_truck_to_dog_00,0.16035723686218262
vit_b_16,cue_conflict,pair3_truck_to_dog_01,0.35712265968322754
vit_b_16,cue_conflict,pair3_truck_to_dog_03,0.2498738020658493
vit_b_16,cue_conflict,pair3_truck_to_dog_04,0.380148708820343
vit_b_16,cue_conflict,pair3_truck_to_dog_08,0.4254404604434967
vit_b_16,cue_conflict,pair3_truck_to_dog_09,0.047015972435474396
vit_b_16,cue_conflict,pair3_truck_to_dog_12,0.3640419840812683
vit_b_16,cue_conflict,pair3_truck_to_dog_13,0.2928541898727417
vit_b_16,cue_conflict,pair3_truck_to_dog_14,0.41125383973121643
vit_b_16,cue_conflict,pair3_truck_to_dog_15,0.6013451814651489
vit_b_16,cue_conflict,pair3_truck_to_dog_17,0.1401309370994568
vit_b_16,cue_conflict,pair3_truck_to_dog_18,0.17930519580841064
vit_b_16,cue_conflict,pair3_truck_to_dog_19,0.41372907161712646
vit_b_16,cue_conflict,pair3_truck_to_dog_20,0.08960912376642227
vit_b_16,cue_conflict,pair3_truck_to_dog_21,0.24787774682044983
vit_b_16,cue_conflict,pair3_truck_to_dog_23,0.27011990547180176
vit_b_16,cue_conflict,pair3_truck_to_dog_25,0.3635233938694
vit_b_16,cue_conflict,pair3_truck_to_dog_27,0.561993420124054
vit_b_16,cue_conflict,pair3_truck_to_dog_28,0.3773140609264374
vit_b_16,cue_conflict,pair3_truck_to_dog_29,0.3420353829860687
vit_b_16,cue_conflict,pair4_horse_to_monkey_00,0.752483606338501
vit_b_16,cue_conflict,pair4_horse_to_monkey_01,0.43394091725349426
vit_b_16,cue_conflict,pair4_horse_to_monkey_03,0.40042704343795776
vit_b_16,cue_conflict,pair4_horse_to_monkey_04,0.7979460954666138
vit_b_16,cue_conflict,pair4_horse_to_monkey_08,0.5832940340042114
vit_b_16,cue_conflict,pair4_horse_to_monkey_09,0.5538650751113892
vit_b_16,cue_conflict,pair4_horse_to_monkey_12,0.6221053600311279
vit_b_16,cue_conflict,pair4_horse_to_monkey_13,0.7064633369445801
vit_b_16,cue_conflict,pair4_horse_to_monkey_15,0.44738686084747314
vit_b_16,cue_conflict,pair4_horse_to_monkey_16,0.6456772089004517
vit_b_16,cue_conflict,pair4_horse_to_monkey_17,0.47137606143951416
vit_b_16,cue_conflict,pair4_horse_to_monkey_18,0.6602054238319397
vit_b_16,cue_conflict,pair4_horse_to_monkey_19,0.760776162147522
vit_b_16,cue_conflict,pair4_horse_to_monkey_20,0.7003471851348877
vit_b_16,cue_conflict,pair4_horse_to_monkey_21,0.48568546772003174
vit_b_16,cue_conflict,pair4_horse_to_monkey_23,0.6431414484977722
vit_b_16,cue_conflict,pair4_horse_to_monkey_24,0.5519269108772278
vit_b_16,cue_conflict,pair4_horse_to_monkey_26,0.6397414803504944
vit_b_16,cue_conflict,pair4_horse_to_monkey_27,0.4945189952850342
vit_b_16,cue_conflict,pair4_horse_to_monkey_28,0.7644850611686707
vit_b_16,cue_conflict,pair4_monkey_to_horse_00,0.7068085670471191
vit_b_16,cue_conflict,pair4_monkey_to_horse_01,0.8503270745277405
vit_b_16,cue_conflict,pair4_monkey_to_horse_03,0.8996401429176331
vit_b_16,cue_conflict,pair4_monkey_to_horse_04,0.65914386510849
vit_b_16,cue_conflict,pair4_monkey_to_horse_08,0.7983474731445312
vit_b_16,cue_conflict,pair4_monkey_to_horse_09,0.7841399908065796
vit_b_16,cue_conflict,pair4_monkey_to_horse_13,0.6026782989501953
vit_b_16,cue_conflict,pair4_monkey_to_horse_14,0.16512930393218994
vit_b_16,cue_conflict,pair4_monkey_to_horse_15,0.5754140019416809
vit_b_16,cue_conflict,pair4_monkey_to_horse_16,0.24271012842655182
vit_b_16,cue_conflict,pair4_monkey_to_horse_17,0.22264434397220612
vit_b_16,cue_conflict,pair4_monkey_to_horse_19,0.34749844670295715
vit_b_16,cue_conflict,pair4_monkey_to_horse_20,0.5140676498413086
vit_b_16,cue_conflict,pair4_monkey_to_horse_21,0.4838528037071228
vit_b_16,cue_conflict,pair4_monkey_to_horse_22,0.42669734358787537
vit_b_16,cue_conflict,pair4_monkey_to_horse_24,0.30767831206321716
vit_b_16,cue_conflict,pair4_monkey_to_horse_26,0.4547038674354553
vit_b_16,cue_conflict,pair4_monkey_to_horse_27,0.18344709277153015
vit_b_16,cue_conflict,pair4_monkey_to_horse_28,0.6875157356262207
vit_b_16,cue_conflict,pair4_monkey_to_horse_29,0.5998808145523071
clip_vit_b_32,cue_conflict,pair0_airplane_to_bird_05,0.756607711315155
clip_vit_b_32,cue_conflict,pair0_airplane_to_bird_06,0.6750636696815491
clip_vit_b_32,cue_conflict,pair0_airplane_to_bird_09,0.7008761167526245
clip_vit_b_32,cue_conflict,pair0_airplane_to_bird_10,0.710676908493042
clip_vit_b_32,cue_conflict,pair0_airplane_to_bird_11,0.7903096675872803
clip_vit_b_32,cue_conflict,pair0_airplane_to_bird_12,0.6594879031181335
clip_vit_b_32,cue_conflict,pair0_airplane_to_bird_13,0.7755689024925232
clip_vit_b_32,cue_conflict,pair0_airplane_to_bird_15,0.6792171001434326
clip_vit_b_32,cue_conflict,pair0_airplane_to_bird_16,0.7216546535491943
clip_vit_b_32,cue_conflict,pair0_airplane_to_bird_17,0.8125783205032349
clip_vit_b_32,cue_conflict,pair0_airplane_to_bird_18,0.5538241267204285
clip_vit_b_32,cue_conflict,pair0_airplane_to_bird_19,0.6838814616203308
clip_vit_b_32,cue_conflict,pair0_airplane_to_bird_21,0.6527609825134277
clip_vit_b_32,cue_conflict,pair0_airplane_to_bird_22,0.6325752139091492
clip_vit_b_32,cue_conflict,pair0_airplane_to_bird_23,0.6725828051567078
clip_vit_b_32,cue_conflict,pair0_airplane_to_bird_24,0.6353311538696289
clip_vit_b_32,cue_conflict,pair0_airplane_to_bird_25,0.6075019240379333
clip_vit_b_32,cue_conflict,pair0_airplane_to_bird_26,0.765920877456665
clip_vit_b_32,cue_conflict,pair0_airplane_to_bird_27,0.7856324315071106
clip_vit_b_32,cue_conflict,pair0_airplane_to_bird_28,0.7149286270141602
clip_vit_b_32,cue_conflict,pair0_bird_to_airplane_01,0.7636014819145203
clip_vit_b_32,cue_conflict,pair0_bird_to_airplane_02,0.7470849752426147
clip_vit_b_32,cue_conflict,pair0_bird_to_airplane_04,0.7682061791419983
clip_vit_b_32,cue_conflict,pair0_bird_to_airplane_05,0.6869382262229919
clip_vit_b_32,cue_conflict,pair0_bird_to_airplane_07,0.6279280781745911
clip_vit_b_32,cue_conflict,pair0_bird_to_airplane_08,0.6844984889030457
clip_vit_b_32,cue_conflict,pair0_bird_to_airplane_09,0.8293052911758423
clip_vit_b_32,cue_conflict,pair0_bird_to_airplane_10,0.7983282208442688
clip_vit_b_32,cue_conflict,pair0_bird_to_airplane_12,0.8520413637161255
clip_vit_b_32,cue_conflict,pair0_bird_to_airplane_16,0.7414982318878174
clip_vit_b_32,cue_conflict,pair0_bird_to_airplane_17,0.7899056673049927
clip_vit_b_32,cue_conflict,pair0_bird_to_airplane_18,0.685814380645752
clip_vit_b_32,cue_conflict,pair0_bird_to_airplane_19,0.7446639537811279
clip_vit_b_32,cue_conflict,pair0_bird_to_airplane_21,0.7913894653320312
clip_vit_b_32,cue_conflict,pair0_bird_to_airplane_22,0.8623878955841064
clip_vit_b_32,cue_conflict,pair0_bird_to_airplane_23,0.7976696491241455
clip_vit_b_32,cue_conflict,pair0_bird_to_airplane_24,0.7297248244285583
clip_vit_b_32,cue_conflict,pair0_bird_to_airplane_26,0.7465526461601257
clip_vit_b_32,cue_conflict,pair0_bird_to_airplane_27,0.9005900025367737
clip_vit_b_32,cue_conflict,pair0_bird_to_airplane_29,0.702896773815155
clip_vit_b_32,cue_conflict,pair1_car_to_cat_00,0.7681412100791931
clip_vit_b_32,cue_conflict,pair1_car_to_cat_01,0.6404261589050293
clip_vit_b_32,cue_conflict,pair1_car_to_cat_03,0.6165118217468262
clip_vit_b_32,cue_conflict,pair1_car_to_cat_04,0.7571960687637329
clip_vit_b_32,cue_conflict,pair1_car_to_cat_08,0.5223360061645508
clip_vit_b_32,cue_conflict,pair1_car_to_cat_09,0.755717396736145
clip_vit_b_32,cue_conflict,pair1_car_to_cat_12,0.8107869625091553
clip_vit_b_32,cue_conflict,pair1_car_to_cat_13,0.7561075687408447
clip_vit_b_32,cue_conflict,pair1_car_to_cat_14,0.7309783101081848
clip_vit_b_32,cue_conflict,pair1_car_to_cat_15,0.6100788712501526
clip_vit_b_32,cue_conflict,pair1_car_to_cat_16,0.5695505142211914
clip_vit_b_32,cue_conflict,pair1_car_to_cat_17,0.6269258856773376
clip_vit_b_32,cue_conflict,pair1_car_to_cat_18,0.6953504085540771
clip_vit_b_32,cue_conflict,pair1_car_to_cat_19,0.5513073801994324
clip_vit_b_32,cue_conflict,pair1_car_to_cat_20,0.7926409840583801
clip_vit_b_32,cue_conflict,pair1_car_to_cat_22,0.7002037763595581
clip_vit_b_32,cue_conflict,pair1_car_to_cat_23,0.6414810419082642
clip_vit_b_32,cue_conflict,pair1_car_to_cat_25,0.6190556883811951
clip_vit_b_32,cue_conflict,pair1_car_to_cat_26,0.7116321325302124
clip_vit_b_32,cue_conflict,pair1_car_to_cat_27,0.7627265453338623
clip_vit_b_32,cue_conflict,pair1_cat_to_car_00,0.8657203912734985
clip_vit_b_32,cue_conflict,pair1_cat_to_car_01,0.6835289001464844
clip_vit_b_32,cue_conflict,pair1_cat_to_car_03,0.6799696683883667
clip_vit_b_32,cue_conflict,pair1_cat_to_car_04,0.6259826421737671
clip_vit_b_32,cue_conflict,pair1_cat_to_car_08,0.7496203184127808
clip_vit_b_32,cue_conflict,pair1_cat_to_car_09,0.6320973038673401
clip_vit_b_32,cue_conflict,pair1_cat_to_car_12,0.6134539246559143
clip_vit_b_32,cue_conflict,pair1_cat_to_car_13,0.6944097876548767
clip_vit_b_32,cue_conflict,pair1_cat_to_car_15,0.47967568039894104
clip_vit_b_32,cue_conflict,pair1_cat_to_car_16,0.5211871266365051
clip_vit_b_32,cue_conflict,pair1_cat_to_car_17,0.6487411856651306
clip_vit_b_32,cue_conflict,pair1_cat_to_car_19,0.7532774209976196
clip_vit_b_32,cue_conflict,pair1_cat_to_car_20,0.6259492635726929
clip_vit_b_32,cue_conflict,pair1_cat_to_car_21,0.6558921337127686
clip_vit_b_32,cue_conflict,pair1_cat_to_car_22,0.6338149905204773
clip_vit_b_32,cue_conflict,pair1_cat_to_car_24,0.8332974314689636
clip_vit_b_32,cue_conflict,pair1_cat_to_car_26,0.6621181964874268
clip_vit_b_32,cue_conflict,pair1_cat_to_car_27,0.6631305813789368
clip_vit_b_32,cue_conflict,pair1_cat_to_car_28,0.6455903649330139
clip_vit_b_32,cue_conflict,pair1_cat_to_car_29,0.629772424697876
clip_vit_b_32,cue_conflict,pair2_deer_to_ship_00,0.6412904262542725
clip_vit_b_32,cue_conflict,pair2_deer_to_ship_01,0.6105183362960815
clip_vit_b_32,cue_conflict,pair2_deer_to_ship_03,0.7168805599212646
clip_vit_b_32,cue_conflict,pair2_deer_to_ship_04,0.7281848788261414
clip_vit_b_32,cue_conflict,pair2_deer_to_ship_06,0.6939376592636108
clip_vit_b_32,cue_conflict,pair2_deer_to_ship_09,0.49492147564888
clip_vit_b_32,cue_conflict,pair2_deer_to_ship_10,0.7229292988777161
clip_vit_b_32,cue_conflict,pair2_deer_to_ship_13,0.5912550687789917
clip_vit_b_32,cue_conflict,pair2_deer_to_ship_14,0.7694364786148071
clip_vit_b_32,cue_conflict,pair2_deer_to_ship_15,0.7098516225814819
clip_vit_b_32,cue_conflict,pair2_deer_to_ship_16,0.7137231826782227
clip_vit_b_32,cue_conflict,pair2_deer_to_ship_17,0.561887264251709
clip_vit_b_32,cue_conflict,pair2_deer_to_ship_18,0.6435235738754272
clip_vit_b_32,cue_conflict,pair2_deer_to_ship_19,0.6284859776496887
clip_vit_b_32,cue_conflict,pair2_deer_to_ship_20,0.6125651001930237
clip_vit_b_32,cue_conflict,pair2_deer_to_ship_21,0.6314309239387512
clip_vit_b_32,cue_conflict,pair2_deer_to_ship_25,0.7807664275169373
clip_vit_b_32,cue_conflict,pair2_deer_to_ship_27,0.6141961216926575
clip_vit_b_32,cue_conflict,pair2_deer_to_ship_28,0.6620259881019592
clip_vit_b_32,cue_conflict,pair2_deer_to_ship_29,0.5581042170524597
clip_vit_b_32,cue_conflict,pair2_ship_to_deer_01,0.5858439803123474
clip_vit_b_32,cue_conflict,pair2_ship_to_deer_02,0.6101449728012085
clip_vit_b_32,cue_conflict,pair2_ship_to_deer_05,0.6315892338752747
clip_vit_b_32,cue_conflict,pair2_ship_to_deer_06,0.6866873502731323
clip_vit_b_32,cue_conflict,pair2_ship_to_deer_08,0.5221507549285889
clip_vit_b_32,cue_conflict,pair2_ship_to_deer_10,0.7363409399986267
clip_vit_b_32,cue_conflict,pair2_ship_to_deer_11,0.7552085518836975
clip_vit_b_32,cue_conflict,pair2_ship_to_deer_14,0.6038810014724731
clip_vit_b_32,cue_conflict,pair2_ship_to_deer_16,0.7677704095840454
clip_vit_b_32,cue_conflict,pair2_ship_to_deer_18,0.7244043946266174
clip_vit_b_32,cue_conflict,pair2_ship_to_deer_19,0.647868275642395
clip_vit_b_32,cue_conflict,pair2_ship_to_deer_20,0.6610498428344727
clip_vit_b_32,cue_conflict,pair2_ship_to_deer_21,0.8081536889076233
clip_vit_b_32,cue_conflict,pair2_ship_to_deer_22,0.6352754831314087
clip_vit_b_32,cue_conflict,pair2_ship_to_deer_23,0.6721639633178711
clip_vit_b_32,cue_conflict,pair2_ship_to_deer_24,0.7534993886947632
clip_vit_b_32,cue_conflict,pair2_ship_to_deer_26,0.5878981947898865
clip_vit_b_32,cue_conflict,pair2_ship_to_deer_27,0.6435515880584717
clip_vit_b_32,cue_conflict,pair2_ship_to_deer_28,0.7636645436286926
clip_vit_b_32,cue_conflict,pair2_ship_to_deer_29,0.5708165168762207
clip_vit_b_32,cue_conflict,pair3_dog_to_truck_00,0.6662573218345642
clip_vit_b_32,cue_conflict,pair3_dog_to_truck_01,0.7433028221130371
clip_vit_b_32,cue_conflict,pair3_dog_to_truck_03,0.7250493168830872
clip_vit_b_32,cue_conflict,pair3_dog_to_truck_04,0.48823708295822144
clip_vit_b_32,cue_conflict,pair3_dog_to_truck_08,0.6258885264396667
clip_vit_b_32,cue_conflict,pair3_dog_to_truck_09,0.7437411546707153
clip_vit_b_32,cue_conflict,pair3_dog_to_truck_13,0.5592753887176514
clip_vit_b_32,cue_conflict,pair3_dog_to_truck_14,0.5459845662117004
clip_vit_b_32,cue_conflict,pair3_dog_to_truck_15,0.5380244255065918
clip_vit_b_32,cue_conflict,pair3_dog_to_truck_16,0.7348710894584656
clip_vit_b_32,cue_conflict,pair3_dog_to_truck_17,0.7554330825805664
clip_vit_b_32,cue_conflict,pair3_dog_to_truck_18,0.6636320352554321
clip_vit_b_32,cue_conflict,pair3_dog_to_truck_19,0.6113965511322021
clip_vit_b_32,cue_conflict,pair3_dog_to_truck_20,0.8064066171646118
clip_vit_b_32,cue_conflict,pair3_dog_to_truck_21,0.6306052803993225
clip_vit_b_32,cue_conflict,pair3_dog_to_truck_23,0.6275544762611389
clip_vit_b_32,cue_conflict,pair3_dog_to_truck_24,0.636984646320343
clip_vit_b_32,cue_conflict,pair3_dog_to_truck_26,0.7474153637886047
clip_vit_b_32,cue_conflict,pair3_dog_to_truck_27,0.648780345916748
clip_vit_b_32,cue_conflict,pair3_dog_to_truck_28,0.7985035181045532
clip_vit_b_32,cue_conflict,pair3_truck_to_dog_00,0.6739914417266846
clip_vit_b_32,cue_conflict,pair3_truck_to_dog_01,0.6844674348831177
clip_vit_b_32,cue_conflict,pair3_truck_to_dog_03,0.7150201797485352
clip_vit_b_32,cue_conflict,pair3_truck_to_dog_04,0.7591854333877563
clip_vit_b_32,cue_conflict,pair3_truck_to_dog_08,0.7688608169555664
clip_vit_b_32,cue_conflict,pair3_truck_to_dog_09,0.6058133244514465
clip_vit_b_32,cue_conflict,pair3_truck_to_dog_12,0.682874321937561
clip_vit_b_32,cue_conflict,pair3_truck_to_dog_13,0.6800214648246765
clip_vit_b_32,cue_conflict,pair3_truck_to_dog_14,0.8044617176055908
clip_vit_b_32,cue_conflict,pair3_truck_to_dog_15,0.7064762711524963
clip_vit_b_32,cue_conflict,pair3_truck_to_dog_17,0.6388727426528931
clip_vit_b_32,cue_conflict,pair3_truck_to_dog_18,0.6468122005462646
clip_vit_b_32,cue_conflict,pair3_truck_to_dog_19,0.6547223329544067
clip_vit_b_32,cue_conflict,pair3_truck_to_dog_20,0.6239989995956421
clip_vit_b_32,cue_conflict,pair3_truck_to_dog_21,0.7629794478416443
clip_vit_b_32,cue_conflict,pair3_truck_to_dog_23,0.5931232571601868
clip_vit_b_32,cue_conflict,pair3_truck_to_dog_25,0.6928127408027649
clip_vit_b_32,cue_conflict,pair3_truck_to_dog_27,0.6911960244178772
clip_vit_b_32,cue_conflict,pair3_truck_to_dog_28,0.6507076621055603
clip_vit_b_32,cue_conflict,pair3_truck_to_dog_29,0.6712062358856201
clip_vit_b_32,cue_conflict,pair4_horse_to_monkey_00,0.881849467754364
clip_vit_b_32,cue_conflict,pair4_horse_to_monkey_01,0.8020580410957336
clip_vit_b_32,cue_conflict,pair4_horse_to_monkey_03,0.7826604247093201
clip_vit_b_32,cue_conflict,pair4_horse_to_monkey_04,0.8285880088806152
clip_vit_b_32,cue_conflict,pair4_horse_to_monkey_08,0.7727935314178467
clip_vit_b_32,cue_conflict,pair4_horse_to_monkey_09,0.7891577482223511
clip_vit_b_32,cue_conflict,pair4_horse_to_monkey_12,0.8151290416717529
clip_vit_b_32,cue_conflict,pair4_horse_to_monkey_13,0.9052890539169312
clip_vit_b_32,cue_conflict,pair4_horse_to_monkey_15,0.8294118642807007
clip_vit_b_32,cue_conflict,pair4_horse_to_monkey_16,0.7713065147399902
clip_vit_b_32,cue_conflict,pair4_horse_to_monkey_17,0.7703977227210999
clip_vit_b_32,cue_conflict,pair4_horse_to_monkey_18,0.89150470495224
clip_vit_b_32,cue_conflict,pair4_horse_to_monkey_19,0.8164281249046326
clip_vit_b_32,cue_conflict,pair4_horse_to_monkey_20,0.8073827624320984
clip_vit_b_32,cue_conflict,pair4_horse_to_monkey_21,0.8832399845123291
clip_vit_b_32,cue_conflict,pair4_horse_to_monkey_23,0.7950310707092285
clip_vit_b_32,cue_conflict,pair4_horse_to_monkey_24,0.7684230208396912
clip_vit_b_32,cue_conflict,pair4_horse_to_monkey_26,0.8067044019699097
clip_vit_b_32,cue_conflict,pair4_horse_to_monkey_27,0.8667154312133789
clip_vit_b_32,cue_conflict,pair4_horse_to_monkey_28,0.8464518189430237
clip_vit_b_32,cue_conflict,pair4_monkey_to_horse_00,0.7815089821815491
clip_vit_b_32,cue_conflict,pair4_monkey_to_horse_01,0.8652393817901611
clip_vit_b_32,cue_conflict,pair4_monkey_to_horse_03,0.8507828712463379
clip_vit_b_32,cue_conflict,pair4_monkey_to_horse_04,0.6767460703849792
clip_vit_b_32,cue_conflict,pair4_monkey_to_horse_08,0.8409519791603088
clip_vit_b_32,cue_conflict,pair4_monkey_to_horse_09,0.863936185836792
clip_vit_b_32,cue_conflict,pair4_monkey_to_horse_13,0.760377049446106
clip_vit_b_32,cue_conflict,pair4_monkey_to_horse_14,0.7278577089309692
clip_vit_b_32,cue_conflict,pair4_monkey_to_horse_15,0.7247589826583862
clip_vit_b_32,cue_conflict,pair4_monkey_to_horse_16,0.6865102648735046
clip_vit_b_32,cue_conflict,pair4_monkey_to_horse_17,0.7097815275192261
clip_vit_b_32,cue_conflict,pair4_monkey_to_horse_19,0.6972900032997131
clip_vit_b_32,cue_conflict,pair4_monkey_to_horse_20,0.7089648246765137
clip_vit_b_32,cue_conflict,pair4_monkey_to_horse_21,0.7660642266273499
clip_vit_b_32,cue_conflict,pair4_monkey_to_horse_22,0.660140872001648
clip_vit_b_32,cue_conflict,pair4_monkey_to_horse_24,0.7481590509414673
clip_vit_b_32,cue_conflict,pair4_monkey_to_horse_26,0.5907323360443115
clip_vit_b_32,cue_conflict,pair4_monkey_to_horse_27,0.7286309599876404
clip_vit_b_32,cue_conflict,pair4_monkey_to_horse_28,0.8107080459594727
clip_vit_b_32,cue_conflict,pair4_monkey_to_horse_29,0.7802824378013611
