dataset_index,true_label,true_class,source_only_prediction,source_only_predicted_class,dan_prediction,dan_predicted_class,dann_prediction,dann_predicted_class,cdan_prediction,cdan_predicted_class
6062,0,dog,1,elephant,5,house,6,person,6,person
6063,0,dog,2,giraffe,5,house,6,person,2,giraffe
6064,0,dog,2,giraffe,5,house,6,person,2,giraffe
6065,0,dog,1,elephant,6,person,6,person,1,elephant
6066,0,dog,0,dog,6,person,6,person,0,dog
6067,0,dog,1,elephant,5,house,6,person,1,elephant
6068,0,dog,2,giraffe,5,house,6,person,4,horse
6069,0,dog,0,dog,5,house,6,person,6,person
6070,0,dog,0,dog,5,house,6,person,1,elephant
6071,0,dog,1,elephant,5,house,6,person,1,elephant
6072,0,dog,1,elephant,5,house,6,person,1,elephant
6073,0,dog,0,dog,5,house,6,person,4,horse
6074,0,dog,2,giraffe,5,house,6,person,2,giraffe
6075,0,dog,4,horse,5,house,6,person,1,elephant
6076,0,dog,1,elephant,5,house,6,person,1,elephant
6077,0,dog,1,elephant,5,house,6,person,1,elephant
6078,0,dog,2,giraffe,5,house,6,person,0,dog
6079,0,dog,4,horse,5,house,6,person,5,house
6080,0,dog,1,elephant,5,house,6,person,1,elephant
6081,0,dog,2,giraffe,5,house,6,person,4,horse
6082,0,dog,0,dog,5,house,6,person,0,dog
6083,0,dog,0,dog,5,house,6,person,6,person
6084,0,dog,0,dog,6,person,6,person,6,person
6085,0,dog,0,dog,6,person,6,person,0,dog
6086,0,dog,2,giraffe,5,house,6,person,1,elephant
6087,0,dog,1,elephant,5,house,6,person,6,person
6088,0,dog,1,elephant,6,person,6,person,1,elephant
6089,0,dog,1,elephant,5,house,6,person,0,dog
6090,0,dog,0,dog,6,person,6,person,6,person
6091,0,dog,2,giraffe,5,house,6,person,6,person
6092,0,dog,1,elephant,5,house,6,person,1,elephant
6093,0,dog,0,dog,6,person,6,person,6,person
6094,0,dog,1,elephant,6,person,6,person,6,person
6095,0,dog,0,dog,5,house,6,person,0,dog
6096,0,dog,2,giraffe,5,house,6,person,4,horse
6097,0,dog,2,giraffe,5,house,6,person,4,horse
6098,0,dog,1,elephant,5,house,6,person,1,elephant
6099,0,dog,0,dog,5,house,6,person,1,elephant
6100,0,dog,2,giraffe,5,house,6,person,4,horse
6101,0,dog,0,dog,5,house,6,person,1,elephant
6102,0,dog,2,giraffe,5,house,6,person,5,house
6103,0,dog,0,dog,6,person,6,person,0,dog
6104,0,dog,2,giraffe,5,house,6,person,6,person
6105,0,dog,1,elephant,5,house,6,person,1,elephant
6106,0,dog,1,elephant,5,house,6,person,1,elephant
6107,0,dog,0,dog,6,person,6,person,6,person
6108,0,dog,1,elephant,5,house,6,person,6,person
6109,0,dog,1,elephant,5,house,6,person,6,person
6110,0,dog,1,elephant,5,house,6,person,1,elephant
6111,0,dog,1,elephant,5,house,6,person,1,elephant
6112,0,dog,4,horse,5,house,6,person,4,horse
6113,0,dog,2,giraffe,5,house,6,person,4,horse
6114,0,dog,1,elephant,5,house,6,person,6,person
6115,0,dog,1,elephant,6,person,6,person,6,person
6116,0,dog,1,elephant,5,house,6,person,1,elephant
6117,0,dog,1,elephant,5,house,6,person,1,elephant
6118,0,dog,2,giraffe,5,house,6,person,6,person
6119,0,dog,2,giraffe,5,house,6,person,1,elephant
6120,0,dog,2,giraffe,5,house,6,person,1,elephant
6121,0,dog,0,dog,5,house,6,person,1,elephant
6122,0,dog,2,giraffe,5,house,6,person,2,giraffe
6123,0,dog,2,giraffe,5,house,6,person,0,dog
6124,0,dog,1,elephant,5,house,6,person,0,dog
6125,0,dog,4,horse,5,house,6,person,1,elephant
6126,0,dog,2,giraffe,5,house,6,person,6,person
6127,0,dog,2,giraffe,6,person,6,person,6,person
6128,0,dog,0,dog,5,house,6,person,1,elephant
6129,0,dog,1,elephant,5,house,6,person,1,elephant
6130,0,dog,0,dog,6,person,6,person,6,person
6131,0,dog,0,dog,6,person,6,person,1,elephant
6132,0,dog,1,elephant,5,house,6,person,1,elephant
6133,0,dog,1,elephant,5,house,6,person,1,elephant
6134,0,dog,1,elephant,5,house,6,person,6,person
6135,0,dog,0,dog,5,house,6,person,1,elephant
6136,0,dog,1,elephant,5,house,6,person,1,elephant
6137,0,dog,0,dog,5,house,6,person,6,person
6138,0,dog,2,giraffe,5,house,6,person,0,dog
6139,0,dog,1,elephant,5,house,6,person,1,elephant
6140,0,dog,2,giraffe,5,house,6,person,6,person
6141,0,dog,1,elephant,6,person,6,person,6,person
6142,0,dog,0,dog,6,person,6,person,1,elephant
6143,0,dog,1,elephant,4,horse,6,person,1,elephant
6144,0,dog,1,elephant,6,person,6,person,1,elephant
6145,0,dog,1,elephant,6,person,6,person,1,elephant
6146,0,dog,1,elephant,1,elephant,6,person,1,elephant
6147,0,dog,0,dog,6,person,6,person,1,elephant
6148,0,dog,0,dog,0,dog,6,person,1,elephant
6149,0,dog,0,dog,0,dog,6,person,1,elephant
6150,0,dog,0,dog,6,person,6,person,0,dog
6151,0,dog,1,elephant,1,elephant,6,person,1,elephant
6152,0,dog,1,elephant,1,elephant,6,person,1,elephant
6153,0,dog,0,dog,0,dog,6,person,0,dog
6154,0,dog,0,dog,6,person,6,person,0,dog
6155,0,dog,0,dog,0,dog,6,person,0,dog
6156,0,dog,0,dog,0,dog,6,person,0,dog
6157,0,dog,1,elephant,1,elephant,6,person,1,elephant
6158,0,dog,0,dog,0,dog,6,person,0,dog
6159,0,dog,0,dog,6,person,6,person,6,person
6160,0,dog,0,dog,6,person,6,person,6,person
6161,0,dog,0,dog,0,dog,6,person,0,dog
6162,0,dog,6,person,6,person,6,person,1,elephant
6163,0,dog,0,dog,6,person,6,person,6,person
6164,0,dog,0,dog,0,dog,6,person,0,dog
6165,0,dog,1,elephant,1,elephant,6,person,1,elephant
6166,0,dog,1,elephant,0,dog,6,person,0,dog
6167,0,dog,0,dog,0,dog,6,person,0,dog
6168,0,dog,2,giraffe,6,person,6,person,0,dog
6169,0,dog,0,dog,6,person,6,person,0,dog
6170,0,dog,0,dog,6,person,6,person,0,dog
6171,0,dog,0,dog,6,person,6,person,1,elephant
6172,0,dog,0,dog,0,dog,6,person,4,horse
6173,0,dog,0,dog,6,person,6,person,0,dog
6174,0,dog,2,giraffe,0,dog,6,person,0,dog
6175,0,dog,0,dog,0,dog,6,person,0,dog
6176,0,dog,0,dog,0,dog,6,person,0,dog
6177,0,dog,0,dog,0,dog,6,person,0,dog
6178,0,dog,0,dog,0,dog,6,person,0,dog
6179,0,dog,0,dog,2,giraffe,6,person,1,elephant
6180,0,dog,1,elephant,0,dog,6,person,1,elephant
6181,0,dog,4,horse,0,dog,6,person,4,horse
6182,0,dog,0,dog,0,dog,6,person,0,dog
6183,0,dog,1,elephant,0,dog,6,person,1,elephant
6184,0,dog,0,dog,0,dog,6,person,0,dog
6185,0,dog,0,dog,6,person,6,person,0,dog
6186,0,dog,0,dog,0,dog,6,person,3,guitar
6187,0,dog,0,dog,0,dog,6,person,0,dog
6188,0,dog,4,horse,2,giraffe,6,person,4,horse
6189,0,dog,4,horse,0,dog,6,person,0,dog
6190,0,dog,4,horse,0,dog,6,person,0,dog
6191,0,dog,0,dog,0,dog,6,person,0,dog
6192,0,dog,0,dog,0,dog,6,person,0,dog
6193,0,dog,2,giraffe,6,person,6,person,6,person
6194,0,dog,0,dog,0,dog,6,person,0,dog
6195,0,dog,0,dog,0,dog,6,person,0,dog
6196,0,dog,2,giraffe,1,elephant,6,person,0,dog
6197,0,dog,0,dog,0,dog,6,person,0,dog
6198,0,dog,0,dog,0,dog,6,person,0,dog
6199,0,dog,0,dog,6,person,6,person,6,person
6200,0,dog,2,giraffe,2,giraffe,6,person,4,horse
6201,0,dog,1,elephant,0,dog,6,person,1,elephant
6202,0,dog,0,dog,0,dog,6,person,1,elephant
6203,0,dog,0,dog,6,person,6,person,0,dog
6204,0,dog,0,dog,0,dog,6,person,0,dog
6205,0,dog,0,dog,0,dog,6,person,4,horse
6206,0,dog,0,dog,0,dog,6,person,0,dog
6207,0,dog,2,giraffe,0,dog,6,person,0,dog
6208,0,dog,0,dog,0,dog,6,person,0,dog
6209,0,dog,0,dog,0,dog,6,person,0,dog
6210,0,dog,0,dog,6,person,6,person,0,dog
6211,0,dog,4,horse,6,person,6,person,6,person
6212,0,dog,4,horse,4,horse,6,person,0,dog
6213,0,dog,4,horse,1,elephant,6,person,0,dog
6214,0,dog,0,dog,6,person,6,person,1,elephant
6215,0,dog,0,dog,6,person,6,person,1,elephant
6216,0,dog,0,dog,6,person,6,person,0,dog
6217,0,dog,0,dog,0,dog,6,person,0,dog
6218,0,dog,0,dog,4,horse,6,person,0,dog
6219,0,dog,4,horse,4,horse,6,person,1,elephant
6220,0,dog,4,horse,4,horse,6,person,4,horse
6221,0,dog,2,giraffe,6,person,6,person,4,horse
6222,0,dog,0,dog,0,dog,6,person,0,dog
6223,0,dog,4,horse,6,person,6,person,0,dog
6224,0,dog,4,horse,6,person,6,person,4,horse
6225,0,dog,0,dog,6,person,6,person,1,elephant
6226,0,dog,0,dog,6,person,6,person,0,dog
6227,0,dog,0,dog,0,dog,6,person,0,dog
6228,0,dog,0,dog,6,person,6,person,1,elephant
6229,0,dog,2,giraffe,1,elephant,6,person,1,elephant
6230,0,dog,0,dog,6,person,6,person,0,dog
6231,0,dog,0,dog,6,person,6,person,0,dog
6232,0,dog,4,horse,4,horse,6,person,4,horse
6233,0,dog,2,giraffe,2,giraffe,6,person,0,dog
6234,0,dog,0,dog,0,dog,6,person,0,dog
6235,0,dog,2,giraffe,2,giraffe,6,person,0,dog
6236,0,dog,1,elephant,1,elephant,6,person,1,elephant
6237,0,dog,2,giraffe,2,giraffe,6,person,4,horse
6238,0,dog,0,dog,0,dog,6,person,0,dog
6239,0,dog,0,dog,0,dog,6,person,0,dog
6240,0,dog,0,dog,2,giraffe,6,person,0,dog
6241,0,dog,0,dog,2,giraffe,6,person,0,dog
6242,0,dog,4,horse,4,horse,6,person,0,dog
6243,0,dog,0,dog,0,dog,6,person,1,elephant
6244,0,dog,0,dog,6,person,6,person,0,dog
6245,0,dog,0,dog,0,dog,6,person,0,dog
6246,0,dog,0,dog,6,person,6,person,4,horse
6247,0,dog,0,dog,6,person,6,person,0,dog
6248,0,dog,0,dog,6,person,6,person,0,dog
6249,0,dog,2,giraffe,4,horse,6,person,0,dog
6250,0,dog,0,dog,0,dog,6,person,0,dog
6251,0,dog,0,dog,0,dog,6,person,0,dog
6252,0,dog,1,elephant,1,elephant,6,person,1,elephant
6253,0,dog,1,elephant,1,elephant,6,person,1,elephant
6254,0,dog,0,dog,4,horse,6,person,1,elephant
6255,0,dog,4,horse,6,person,6,person,4,horse
6256,0,dog,4,horse,4,horse,6,person,4,horse
6257,0,dog,4,horse,6,person,6,person,1,elephant
6258,0,dog,0,dog,0,dog,6,person,0,dog
6259,0,dog,2,giraffe,2,giraffe,6,person,4,horse
6260,0,dog,1,elephant,6,person,6,person,1,elephant
6261,0,dog,1,elephant,1,elephant,6,person,1,elephant
6262,0,dog,2,giraffe,4,horse,6,person,1,elephant
6263,0,dog,1,elephant,1,elephant,6,person,1,elephant
6264,0,dog,1,elephant,1,elephant,6,person,1,elephant
6265,0,dog,4,horse,6,person,6,person,0,dog
6266,0,dog,0,dog,4,horse,6,person,0,dog
6267,0,dog,0,dog,0,dog,6,person,0,dog
6268,0,dog,4,horse,4,horse,6,person,0,dog
6269,0,dog,0,dog,4,horse,6,person,0,dog
6270,0,dog,4,horse,0,dog,6,person,0,dog
6271,0,dog,0,dog,0,dog,6,person,0,dog
6272,0,dog,1,elephant,0,dog,6,person,1,elephant
6273,0,dog,0,dog,0,dog,6,person,0,dog
6274,0,dog,2,giraffe,6,person,6,person,4,horse
6275,0,dog,0,dog,0,dog,6,person,0,dog
6276,0,dog,0,dog,0,dog,6,person,0,dog
6277,0,dog,4,horse,6,person,6,person,4,horse
6278,0,dog,0,dog,4,horse,6,person,4,horse
6279,0,dog,2,giraffe,0,dog,6,person,0,dog
6280,0,dog,0,dog,6,person,6,person,1,elephant
6281,0,dog,0,dog,6,person,6,person,0,dog
6282,0,dog,0,dog,6,person,6,person,6,person
6283,0,dog,0,dog,0,dog,6,person,0,dog
6284,0,dog,1,elephant,6,person,6,person,0,dog
6285,0,dog,0,dog,0,dog,6,person,0,dog
6286,0,dog,0,dog,6,person,6,person,0,dog
6287,0,dog,2,giraffe,0,dog,6,person,0,dog
6288,0,dog,2,giraffe,6,person,6,person,6,person
6289,0,dog,2,giraffe,0,dog,6,person,0,dog
6290,0,dog,0,dog,0,dog,6,person,0,dog
6291,0,dog,0,dog,0,dog,6,person,0,dog
6292,0,dog,0,dog,0,dog,6,person,0,dog
6293,0,dog,0,dog,0,dog,6,person,0,dog
6294,0,dog,0,dog,0,dog,6,person,0,dog
6295,0,dog,0,dog,6,person,6,person,1,elephant
6296,0,dog,0,dog,6,person,6,person,0,dog
6297,0,dog,0,dog,1,elephant,6,person,1,elephant
6298,0,dog,4,horse,2,giraffe,6,person,4,horse
6299,0,dog,0,dog,6,person,6,person,0,dog
6300,0,dog,2,giraffe,0,dog,6,person,6,person
6301,0,dog,0,dog,2,giraffe,6,person,0,dog
6302,0,dog,0,dog,4,horse,6,person,0,dog
6303,0,dog,0,dog,6,person,6,person,6,person
6304,0,dog,0,dog,6,person,6,person,0,dog
6305,0,dog,4,horse,6,person,6,person,1,elephant
6306,0,dog,0,dog,0,dog,6,person,1,elephant
6307,0,dog,0,dog,0,dog,6,person,0,dog
6308,0,dog,1,elephant,1,elephant,6,person,1,elephant
6309,0,dog,6,person,0,dog,6,person,6,person
6310,0,dog,0,dog,6,person,6,person,1,elephant
6311,0,dog,0,dog,6,person,6,person,1,elephant
6312,0,dog,0,dog,0,dog,6,person,0,dog
6313,0,dog,0,dog,6,person,6,person,4,horse
6314,0,dog,2,giraffe,6,person,6,person,0,dog
6315,0,dog,0,dog,0,dog,6,person,0,dog
6316,0,dog,1,elephant,6,person,6,person,1,elephant
6317,0,dog,0,dog,1,elephant,6,person,1,elephant
6318,0,dog,0,dog,0,dog,6,person,0,dog
6319,0,dog,1,elephant,6,person,6,person,0,dog
6320,0,dog,0,dog,0,dog,6,person,0,dog
6321,0,dog,0,dog,6,person,6,person,0,dog
6322,0,dog,0,dog,6,person,6,person,0,dog
6323,0,dog,0,dog,6,person,6,person,6,person
6324,0,dog,0,dog,6,person,6,person,0,dog
6325,0,dog,0,dog,6,person,6,person,0,dog
6326,0,dog,1,elephant,1,elephant,6,person,5,house
6327,0,dog,4,horse,4,horse,6,person,4,horse
6328,0,dog,4,horse,4,horse,6,person,4,horse
6329,0,dog,4,horse,4,horse,6,person,4,horse
6330,0,dog,0,dog,4,horse,6,person,0,dog
6331,0,dog,0,dog,0,dog,6,person,0,dog
6332,0,dog,4,horse,0,dog,6,person,0,dog
6333,0,dog,2,giraffe,0,dog,6,person,4,horse
6334,0,dog,2,giraffe,6,person,6,person,1,elephant
6335,0,dog,0,dog,6,person,6,person,0,dog
6336,0,dog,4,horse,4,horse,6,person,0,dog
6337,0,dog,0,dog,0,dog,6,person,0,dog
6338,0,dog,0,dog,0,dog,6,person,0,dog
6339,0,dog,0,dog,0,dog,6,person,4,horse
6340,0,dog,0,dog,0,dog,6,person,0,dog
6341,0,dog,4,horse,0,dog,6,person,0,dog
6342,0,dog,0,dog,0,dog,6,person,0,dog
6343,0,dog,0,dog,6,person,6,person,1,elephant
6344,0,dog,0,dog,1,elephant,6,person,1,elephant
6345,0,dog,0,dog,0,dog,6,person,4,horse
6346,0,dog,2,giraffe,0,dog,6,person,0,dog
6347,0,dog,2,giraffe,2,giraffe,6,person,0,dog
6348,0,dog,2,giraffe,6,person,6,person,1,elephant
6349,0,dog,2,giraffe,2,giraffe,6,person,4,horse
6350,0,dog,0,dog,6,person,6,person,1,elephant
6351,0,dog,0,dog,4,horse,6,person,4,horse
6352,0,dog,2,giraffe,0,dog,6,person,0,dog
6353,0,dog,4,horse,0,dog,6,person,0,dog
6354,0,dog,2,giraffe,0,dog,6,person,0,dog
6355,0,dog,2,giraffe,0,dog,6,person,0,dog
6356,0,dog,2,giraffe,0,dog,6,person,0,dog
6357,0,dog,1,elephant,1,elephant,6,person,4,horse
6358,0,dog,0,dog,6,person,6,person,1,elephant
6359,0,dog,2,giraffe,6,person,6,person,0,dog
6360,0,dog,0,dog,6,person,6,person,4,horse
6361,0,dog,4,horse,1,elephant,6,person,1,elephant
6362,0,dog,0,dog,6,person,6,person,6,person
6363,0,dog,0,dog,0,dog,6,person,0,dog
6364,0,dog,0,dog,6,person,6,person,0,dog
6365,0,dog,0,dog,6,person,6,person,1,elephant
6366,0,dog,0,dog,6,person,6,person,0,dog
6367,0,dog,0,dog,6,person,6,person,0,dog
6368,0,dog,0,dog,6,person,6,person,1,elephant
6369,0,dog,0,dog,6,person,6,person,6,person
6370,0,dog,0,dog,6,person,6,person,1,elephant
6371,0,dog,0,dog,6,person,6,person,1,elephant
6372,0,dog,0,dog,6,person,6,person,0,dog
6373,0,dog,1,elephant,6,person,6,person,0,dog
6374,0,dog,0,dog,6,person,6,person,6,person
6375,0,dog,0,dog,6,person,6,person,1,elephant
6376,0,dog,0,dog,6,person,6,person,6,person
6377,0,dog,4,horse,6,person,6,person,6,person
6378,0,dog,0,dog,6,person,6,person,0,dog
6379,0,dog,0,dog,6,person,6,person,0,dog
6380,0,dog,0,dog,0,dog,6,person,0,dog
6381,0,dog,0,dog,6,person,6,person,0,dog
6382,0,dog,0,dog,6,person,6,person,0,dog
6383,0,dog,2,giraffe,2,giraffe,6,person,0,dog
6384,0,dog,0,dog,6,person,6,person,6,person
6385,0,dog,0,dog,0,dog,6,person,0,dog
6386,0,dog,0,dog,1,elephant,6,person,1,elephant
6387,0,dog,0,dog,6,person,6,person,1,elephant
6388,0,dog,0,dog,0,dog,6,person,0,dog
6389,0,dog,0,dog,6,person,6,person,6,person
6390,0,dog,1,elephant,6,person,6,person,1,elephant
6391,0,dog,6,person,6,person,6,person,6,person
6392,0,dog,2,giraffe,6,person,6,person,6,person
6393,0,dog,0,dog,6,person,6,person,1,elephant
6394,0,dog,6,person,6,person,6,person,6,person
6395,0,dog,0,dog,6,person,6,person,6,person
6396,0,dog,0,dog,6,person,6,person,0,dog
6397,0,dog,0,dog,6,person,6,person,0,dog
6398,0,dog,0,dog,6,person,6,person,6,person
6399,0,dog,0,dog,6,person,6,person,0,dog
6400,0,dog,2,giraffe,6,person,6,person,4,horse
6401,0,dog,0,dog,6,person,6,person,0,dog
6402,0,dog,1,elephant,6,person,6,person,1,elephant
6403,0,dog,1,elephant,6,person,6,person,1,elephant
6404,0,dog,2,giraffe,6,person,6,person,6,person
6405,0,dog,0,dog,0,dog,6,person,1,elephant
6406,0,dog,0,dog,6,person,6,person,0,dog
6407,0,dog,4,horse,4,horse,6,person,4,horse
6408,0,dog,4,horse,0,dog,6,person,0,dog
6409,0,dog,0,dog,0,dog,6,person,0,dog
6410,0,dog,2,giraffe,6,person,6,person,0,dog
6411,0,dog,4,horse,0,dog,6,person,0,dog
6412,0,dog,0,dog,0,dog,6,person,0,dog
6413,0,dog,4,horse,0,dog,6,person,0,dog
6414,0,dog,0,dog,6,person,6,person,0,dog
6415,0,dog,4,horse,4,horse,6,person,0,dog
6416,0,dog,0,dog,6,person,6,person,6,person
6417,0,dog,0,dog,4,horse,6,person,1,elephant
6418,0,dog,2,giraffe,2,giraffe,6,person,0,dog
6419,0,dog,0,dog,6,person,6,person,0,dog
6420,0,dog,0,dog,6,person,6,person,0,dog
6421,0,dog,0,dog,6,person,6,person,0,dog
6422,0,dog,0,dog,6,person,6,person,0,dog
6423,0,dog,0,dog,0,dog,6,person,0,dog
6424,0,dog,0,dog,0,dog,6,person,0,dog
6425,0,dog,6,person,6,person,6,person,4,horse
6426,0,dog,0,dog,0,dog,6,person,0,dog
6427,0,dog,0,dog,6,person,6,person,0,dog
6428,0,dog,0,dog,0,dog,6,person,0,dog
6429,0,dog,0,dog,6,person,6,person,6,person
6430,0,dog,0,dog,0,dog,6,person,0,dog
6431,0,dog,4,horse,4,horse,6,person,4,horse
6432,0,dog,0,dog,0,dog,6,person,0,dog
6433,0,dog,0,dog,6,person,6,person,0,dog
6434,0,dog,0,dog,6,person,6,person,6,person
6435,0,dog,0,dog,6,person,6,person,0,dog
6436,0,dog,2,giraffe,1,elephant,6,person,0,dog
6437,0,dog,2,giraffe,6,person,6,person,4,horse
6438,0,dog,2,giraffe,6,person,6,person,6,person
6439,0,dog,0,dog,6,person,6,person,0,dog
6440,0,dog,0,dog,4,horse,6,person,0,dog
6441,0,dog,0,dog,6,person,6,person,0,dog
6442,0,dog,2,giraffe,6,person,6,person,0,dog
6443,0,dog,0,dog,6,person,6,person,4,horse
6444,0,dog,0,dog,6,person,6,person,6,person
6445,0,dog,2,giraffe,6,person,6,person,4,horse
6446,0,dog,0,dog,6,person,6,person,6,person
6447,0,dog,2,giraffe,4,horse,6,person,4,horse
6448,0,dog,2,giraffe,6,person,6,person,1,elephant
6449,0,dog,6,person,6,person,6,person,0,dog
6450,0,dog,2,giraffe,6,person,6,person,0,dog
6451,0,dog,6,person,6,person,6,person,6,person
6452,0,dog,2,giraffe,6,person,6,person,6,person
6453,0,dog,0,dog,6,person,6,person,0,dog
6454,0,dog,0,dog,0,dog,6,person,1,elephant
6455,0,dog,2,giraffe,0,dog,6,person,0,dog
6456,0,dog,4,horse,0,dog,6,person,0,dog
6457,0,dog,0,dog,0,dog,6,person,0,dog
6458,0,dog,0,dog,0,dog,6,person,0,dog
6459,0,dog,0,dog,0,dog,6,person,4,horse
6460,0,dog,0,dog,6,person,6,person,0,dog
6461,0,dog,2,giraffe,6,person,6,person,0,dog
6462,0,dog,1,elephant,1,elephant,6,person,1,elephant
6463,0,dog,0,dog,6,person,6,person,0,dog
6464,0,dog,0,dog,6,person,6,person,4,horse
6465,0,dog,0,dog,4,horse,6,person,4,horse
6466,0,dog,0,dog,4,horse,6,person,0,dog
6467,0,dog,0,dog,6,person,6,person,0,dog
6468,0,dog,0,dog,0,dog,6,person,0,dog
6469,0,dog,0,dog,6,person,6,person,0,dog
6470,0,dog,0,dog,6,person,6,person,1,elephant
6471,0,dog,0,dog,6,person,6,person,1,elephant
6472,0,dog,0,dog,0,dog,6,person,0,dog
6473,0,dog,6,person,6,person,6,person,1,elephant
6474,0,dog,1,elephant,6,person,6,person,6,person
6475,0,dog,6,person,6,person,6,person,6,person
6476,0,dog,1,elephant,1,elephant,6,person,1,elephant
6477,0,dog,0,dog,1,elephant,6,person,1,elephant
6478,0,dog,2,giraffe,2,giraffe,6,person,0,dog
6479,0,dog,4,horse,6,person,6,person,0,dog
6480,0,dog,2,giraffe,6,person,6,person,0,dog
6481,0,dog,0,dog,6,person,6,person,0,dog
6482,0,dog,2,giraffe,6,person,6,person,0,dog
6483,0,dog,0,dog,6,person,6,person,0,dog
6484,0,dog,0,dog,0,dog,6,person,0,dog
6485,0,dog,2,giraffe,2,giraffe,6,person,0,dog
6486,0,dog,4,horse,6,person,6,person,4,horse
6487,0,dog,0,dog,0,dog,6,person,0,dog
6488,0,dog,2,giraffe,6,person,6,person,2,giraffe
6489,0,dog,2,giraffe,6,person,6,person,6,person
6490,0,dog,2,giraffe,6,person,6,person,0,dog
6491,0,dog,2,giraffe,6,person,6,person,0,dog
6492,0,dog,0,dog,6,person,6,person,0,dog
6493,0,dog,2,giraffe,6,person,6,person,4,horse
6494,0,dog,2,giraffe,0,dog,6,person,0,dog
6495,0,dog,0,dog,6,person,6,person,1,elephant
6496,0,dog,0,dog,6,person,6,person,4,horse
6497,0,dog,0,dog,4,horse,6,person,4,horse
6498,0,dog,2,giraffe,1,elephant,6,person,1,elephant
6499,0,dog,4,horse,4,horse,6,person,4,horse
6500,0,dog,1,elephant,1,elephant,6,person,1,elephant
6501,0,dog,4,horse,4,horse,6,person,4,horse
6502,0,dog,0,dog,4,horse,6,person,4,horse
6503,0,dog,2,giraffe,6,person,6,person,0,dog
6504,0,dog,0,dog,0,dog,6,person,0,dog
6505,0,dog,2,giraffe,6,person,6,person,0,dog
6506,0,dog,0,dog,0,dog,6,person,0,dog
6507,0,dog,0,dog,0,dog,6,person,0,dog
6508,0,dog,0,dog,0,dog,6,person,0,dog
6509,0,dog,0,dog,6,person,6,person,0,dog
6510,0,dog,0,dog,6,person,6,person,0,dog
6511,0,dog,0,dog,4,horse,6,person,0,dog
6512,0,dog,4,horse,4,horse,6,person,4,horse
6513,0,dog,2,giraffe,4,horse,6,person,0,dog
6514,0,dog,0,dog,0,dog,6,person,0,dog
6515,0,dog,0,dog,4,horse,6,person,1,elephant
6516,0,dog,1,elephant,6,person,6,person,1,elephant
6517,0,dog,0,dog,1,elephant,6,person,1,elephant
6518,0,dog,2,giraffe,0,dog,6,person,0,dog
6519,0,dog,1,elephant,6,person,6,person,0,dog
6520,0,dog,0,dog,0,dog,6,person,0,dog
6521,0,dog,2,giraffe,0,dog,6,person,4,horse
6522,0,dog,4,horse,1,elephant,6,person,0,dog
6523,0,dog,0,dog,0,dog,6,person,0,dog
6524,0,dog,0,dog,1,elephant,6,person,1,elephant
6525,0,dog,1,elephant,6,person,6,person,1,elephant
6526,0,dog,1,elephant,0,dog,6,person,0,dog
6527,0,dog,0,dog,0,dog,6,person,0,dog
6528,0,dog,0,dog,6,person,6,person,0,dog
6529,0,dog,0,dog,0,dog,6,person,0,dog
6530,0,dog,0,dog,6,person,6,person,6,person
6531,0,dog,2,giraffe,6,person,6,person,1,elephant
6532,0,dog,2,giraffe,6,person,6,person,4,horse
6533,0,dog,2,giraffe,6,person,6,person,0,dog
6534,0,dog,2,giraffe,6,person,6,person,0,dog
6535,0,dog,0,dog,0,dog,6,person,0,dog
6536,0,dog,0,dog,0,dog,6,person,0,dog
6537,0,dog,2,giraffe,6,person,6,person,0,dog
6538,0,dog,0,dog,0,dog,6,person,0,dog
6539,0,dog,2,giraffe,2,giraffe,6,person,2,giraffe
6540,0,dog,0,dog,0,dog,6,person,6,person
6541,0,dog,0,dog,0,dog,6,person,0,dog
6542,0,dog,2,giraffe,6,person,6,person,4,horse
6543,0,dog,0,dog,1,elephant,6,person,1,elephant
6544,0,dog,0,dog,6,person,6,person,4,horse
6545,0,dog,4,horse,0,dog,6,person,4,horse
6546,0,dog,4,horse,4,horse,6,person,4,horse
6547,0,dog,4,horse,4,horse,6,person,0,dog
6548,0,dog,2,giraffe,0,dog,6,person,0,dog
6549,0,dog,4,horse,4,horse,6,person,4,horse
6550,0,dog,4,horse,4,horse,6,person,4,horse
6551,0,dog,0,dog,6,person,6,person,0,dog
6552,0,dog,0,dog,0,dog,6,person,0,dog
6553,0,dog,2,giraffe,2,giraffe,6,person,0,dog
6554,0,dog,2,giraffe,2,giraffe,6,person,0,dog
6555,0,dog,0,dog,6,person,6,person,0,dog
6556,0,dog,2,giraffe,0,dog,6,person,4,horse
6557,0,dog,0,dog,2,giraffe,6,person,1,elephant
6558,0,dog,2,giraffe,4,horse,6,person,4,horse
6559,0,dog,2,giraffe,6,person,6,person,0,dog
6560,0,dog,2,giraffe,6,person,6,person,4,horse
6561,0,dog,0,dog,6,person,6,person,4,horse
6562,0,dog,4,horse,4,horse,6,person,4,horse
6563,0,dog,4,horse,6,person,6,person,4,horse
6564,0,dog,0,dog,6,person,6,person,0,dog
6565,0,dog,2,giraffe,6,person,6,person,4,horse
6566,0,dog,4,horse,4,horse,6,person,4,horse
6567,0,dog,4,horse,4,horse,6,person,0,dog
6568,0,dog,0,dog,6,person,6,person,0,dog
6569,0,dog,0,dog,0,dog,6,person,0,dog
6570,0,dog,0,dog,0,dog,6,person,0,dog
6571,0,dog,0,dog,0,dog,6,person,0,dog
6572,0,dog,0,dog,0,dog,6,person,0,dog
6573,0,dog,0,dog,0,dog,6,person,0,dog
6574,0,dog,2,giraffe,0,dog,6,person,0,dog
6575,0,dog,0,dog,6,person,6,person,0,dog
6576,0,dog,4,horse,0,dog,6,person,0,dog
6577,0,dog,0,dog,0,dog,6,person,0,dog
6578,0,dog,0,dog,0,dog,6,person,0,dog
6579,0,dog,0,dog,0,dog,6,person,0,dog
6580,0,dog,4,horse,0,dog,6,person,0,dog
6581,0,dog,0,dog,2,giraffe,6,person,0,dog
6582,0,dog,0,dog,6,person,6,person,0,dog
6583,0,dog,0,dog,2,giraffe,6,person,0,dog
6584,0,dog,0,dog,0,dog,6,person,0,dog
6585,0,dog,0,dog,0,dog,6,person,0,dog
6586,0,dog,0,dog,6,person,6,person,4,horse
6587,0,dog,0,dog,0,dog,6,person,0,dog
6588,0,dog,0,dog,0,dog,6,person,0,dog
6589,0,dog,2,giraffe,0,dog,6,person,4,horse
6590,0,dog,2,giraffe,0,dog,6,person,0,dog
6591,0,dog,0,dog,0,dog,6,person,0,dog
6592,0,dog,0,dog,2,giraffe,6,person,0,dog
6593,0,dog,0,dog,2,giraffe,6,person,2,giraffe
6594,0,dog,0,dog,0,dog,6,person,0,dog
6595,0,dog,2,giraffe,6,person,6,person,0,dog
6596,0,dog,0,dog,2,giraffe,6,person,1,elephant
6597,0,dog,2,giraffe,2,giraffe,6,person,0,dog
6598,0,dog,4,horse,4,horse,6,person,4,horse
6599,0,dog,4,horse,6,person,6,person,4,horse
6600,0,dog,4,horse,2,giraffe,6,person,4,horse
6601,0,dog,4,horse,4,horse,6,person,4,horse
6602,0,dog,4,horse,4,horse,6,person,4,horse
6603,0,dog,4,horse,4,horse,6,person,4,horse
6604,0,dog,4,horse,4,horse,6,person,0,dog
6605,0,dog,0,dog,0,dog,6,person,0,dog
6606,0,dog,0,dog,0,dog,6,person,0,dog
6607,0,dog,0,dog,0,dog,6,person,0,dog
6608,0,dog,0,dog,6,person,6,person,0,dog
6609,0,dog,0,dog,6,person,6,person,0,dog
6610,0,dog,2,giraffe,0,dog,6,person,0,dog
6611,0,dog,0,dog,0,dog,6,person,0,dog
6612,0,dog,4,horse,0,dog,6,person,4,horse
6613,0,dog,2,giraffe,0,dog,6,person,4,horse
6614,0,dog,0,dog,0,dog,6,person,4,horse
6615,0,dog,4,horse,6,person,6,person,4,horse
6616,0,dog,2,giraffe,0,dog,6,person,4,horse
6617,0,dog,4,horse,6,person,6,person,4,horse
6618,0,dog,4,horse,0,dog,6,person,4,horse
6619,0,dog,2,giraffe,0,dog,6,person,0,dog
6620,0,dog,0,dog,0,dog,6,person,0,dog
6621,0,dog,0,dog,6,person,6,person,0,dog
6622,0,dog,0,dog,0,dog,6,person,0,dog
6623,0,dog,0,dog,0,dog,6,person,0,dog
6624,0,dog,0,dog,0,dog,6,person,0,dog
6625,0,dog,2,giraffe,0,dog,6,person,0,dog
6626,0,dog,0,dog,0,dog,6,person,0,dog
6627,0,dog,0,dog,4,horse,6,person,0,dog
6628,0,dog,0,dog,0,dog,6,person,0,dog
6629,0,dog,0,dog,0,dog,6,person,0,dog
6630,0,dog,4,horse,4,horse,6,person,0,dog
6631,0,dog,2,giraffe,2,giraffe,6,person,2,giraffe
6632,0,dog,0,dog,1,elephant,6,person,1,elephant
6633,0,dog,2,giraffe,2,giraffe,6,person,2,giraffe
6634,0,dog,0,dog,6,person,6,person,0,dog
6635,0,dog,2,giraffe,2,giraffe,6,person,2,giraffe
6636,0,dog,0,dog,2,giraffe,6,person,0,dog
6637,0,dog,2,giraffe,1,elephant,6,person,1,elephant
6638,0,dog,0,dog,1,elephant,6,person,4,horse
6639,0,dog,0,dog,0,dog,6,person,0,dog
6640,0,dog,4,horse,0,dog,6,person,0,dog
6641,0,dog,4,horse,0,dog,6,person,4,horse
6642,0,dog,2,giraffe,0,dog,6,person,0,dog
6643,0,dog,0,dog,0,dog,6,person,0,dog
6644,0,dog,4,horse,6,person,6,person,0,dog
6645,0,dog,2,giraffe,0,dog,6,person,0,dog
6646,0,dog,4,horse,4,horse,6,person,4,horse
6647,0,dog,0,dog,0,dog,6,person,0,dog
6648,0,dog,4,horse,4,horse,6,person,4,horse
6649,0,dog,4,horse,4,horse,6,person,4,horse
6650,0,dog,0,dog,1,elephant,6,person,1,elephant
6651,0,dog,0,dog,2,giraffe,6,person,0,dog
6652,0,dog,2,giraffe,0,dog,6,person,0,dog
6653,0,dog,0,dog,0,dog,6,person,4,horse
6654,0,dog,4,horse,4,horse,6,person,4,horse
6655,0,dog,2,giraffe,2,giraffe,6,person,0,dog
6656,0,dog,2,giraffe,2,giraffe,6,person,4,horse
6657,0,dog,4,horse,2,giraffe,6,person,4,horse
6658,0,dog,2,giraffe,0,dog,6,person,0,dog
6659,0,dog,2,giraffe,0,dog,6,person,0,dog
6660,0,dog,0,dog,0,dog,6,person,0,dog
6661,0,dog,4,horse,0,dog,6,person,0,dog
6662,0,dog,0,dog,6,person,6,person,0,dog
6663,0,dog,2,giraffe,0,dog,6,person,0,dog
6664,0,dog,0,dog,0,dog,6,person,0,dog
6665,0,dog,0,dog,0,dog,6,person,0,dog
6666,0,dog,0,dog,0,dog,6,person,0,dog
6667,0,dog,4,horse,0,dog,6,person,0,dog
6668,0,dog,0,dog,4,horse,6,person,4,horse
6669,0,dog,2,giraffe,0,dog,6,person,0,dog
6670,0,dog,2,giraffe,0,dog,6,person,0,dog
6671,0,dog,2,giraffe,0,dog,6,person,0,dog
6672,0,dog,2,giraffe,0,dog,6,person,0,dog
6673,0,dog,2,giraffe,0,dog,6,person,0,dog
6674,0,dog,4,horse,2,giraffe,6,person,0,dog
6675,0,dog,2,giraffe,1,elephant,6,person,1,elephant
6676,0,dog,4,horse,4,horse,6,person,0,dog
6677,0,dog,0,dog,0,dog,6,person,0,dog
6678,0,dog,0,dog,0,dog,6,person,0,dog
6679,0,dog,0,dog,2,giraffe,6,person,0,dog
6680,0,dog,0,dog,0,dog,6,person,0,dog
6681,0,dog,0,dog,0,dog,6,person,0,dog
6682,0,dog,2,giraffe,0,dog,6,person,4,horse
6683,0,dog,0,dog,0,dog,6,person,0,dog
6684,0,dog,4,horse,6,person,6,person,0,dog
6685,0,dog,0,dog,6,person,6,person,6,person
6686,0,dog,4,horse,4,horse,6,person,4,horse
6687,0,dog,0,dog,6,person,6,person,0,dog
6688,0,dog,0,dog,4,horse,6,person,4,horse
6689,0,dog,2,giraffe,6,person,6,person,0,dog
6690,0,dog,4,horse,4,horse,6,person,4,horse
6691,0,dog,2,giraffe,2,giraffe,6,person,4,horse
6692,0,dog,0,dog,0,dog,6,person,0,dog
6693,0,dog,2,giraffe,6,person,6,person,0,dog
6694,0,dog,4,horse,0,dog,6,person,0,dog
6695,0,dog,2,giraffe,0,dog,6,person,0,dog
6696,0,dog,0,dog,0,dog,6,person,0,dog
6697,0,dog,0,dog,0,dog,6,person,0,dog
6698,0,dog,0,dog,0,dog,6,person,0,dog
6699,0,dog,4,horse,6,person,6,person,0,dog
6700,0,dog,0,dog,6,person,6,person,0,dog
6701,0,dog,0,dog,6,person,6,person,0,dog
6702,0,dog,0,dog,6,person,6,person,0,dog
6703,0,dog,4,horse,2,giraffe,6,person,4,horse
6704,0,dog,0,dog,6,person,6,person,0,dog
6705,0,dog,0,dog,2,giraffe,6,person,0,dog
6706,0,dog,0,dog,2,giraffe,6,person,4,horse
6707,0,dog,4,horse,4,horse,6,person,4,horse
6708,0,dog,0,dog,1,elephant,6,person,0,dog
6709,0,dog,0,dog,0,dog,6,person,0,dog
6710,0,dog,4,horse,1,elephant,6,person,0,dog
6711,0,dog,0,dog,2,giraffe,6,person,0,dog
6712,0,dog,0,dog,4,horse,6,person,0,dog
6713,0,dog,2,giraffe,1,elephant,6,person,4,horse
6714,0,dog,2,giraffe,4,horse,6,person,4,horse
6715,0,dog,4,horse,4,horse,6,person,0,dog
6716,0,dog,4,horse,0,dog,6,person,0,dog
6717,0,dog,0,dog,0,dog,6,person,0,dog
6718,0,dog,4,horse,4,horse,6,person,0,dog
6719,0,dog,4,horse,0,dog,6,person,0,dog
6720,0,dog,0,dog,4,horse,6,person,0,dog
6721,0,dog,4,horse,4,horse,6,person,4,horse
6722,0,dog,0,dog,4,horse,6,person,4,horse
6723,0,dog,0,dog,0,dog,6,person,0,dog
6724,0,dog,4,horse,0,dog,6,person,0,dog
6725,0,dog,4,horse,0,dog,6,person,0,dog
6726,0,dog,4,horse,1,elephant,6,person,1,elephant
6727,0,dog,4,horse,1,elephant,6,person,0,dog
6728,0,dog,1,elephant,1,elephant,6,person,1,elephant
6729,0,dog,0,dog,6,person,6,person,0,dog
6730,0,dog,1,elephant,1,elephant,6,person,1,elephant
6731,0,dog,0,dog,6,person,6,person,4,horse
6732,0,dog,1,elephant,1,elephant,6,person,1,elephant
6733,0,dog,0,dog,6,person,6,person,0,dog
6734,0,dog,0,dog,6,person,6,person,0,dog
6735,0,dog,0,dog,6,person,6,person,0,dog
6736,0,dog,0,dog,6,person,6,person,6,person
6737,0,dog,1,elephant,6,person,6,person,0,dog
6738,0,dog,0,dog,6,person,6,person,6,person
6739,0,dog,4,horse,4,horse,6,person,0,dog
6740,0,dog,4,horse,0,dog,6,person,0,dog
6741,0,dog,0,dog,6,person,6,person,0,dog
6742,0,dog,0,dog,4,horse,6,person,1,elephant
6743,0,dog,4,horse,0,dog,6,person,0,dog
6744,0,dog,1,elephant,1,elephant,6,person,1,elephant
6745,0,dog,0,dog,1,elephant,6,person,1,elephant
6746,0,dog,0,dog,0,dog,6,person,0,dog
6747,0,dog,1,elephant,1,elephant,6,person,1,elephant
6748,0,dog,0,dog,6,person,6,person,0,dog
6749,0,dog,0,dog,6,person,6,person,1,elephant
6750,0,dog,1,elephant,1,elephant,6,person,1,elephant
6751,0,dog,0,dog,0,dog,6,person,0,dog
6752,0,dog,0,dog,1,elephant,6,person,1,elephant
6753,0,dog,0,dog,6,person,6,person,1,elephant
6754,0,dog,0,dog,0,dog,6,person,1,elephant
6755,0,dog,0,dog,0,dog,6,person,0,dog
6756,0,dog,0,dog,0,dog,6,person,0,dog
6757,0,dog,1,elephant,6,person,6,person,1,elephant
6758,0,dog,0,dog,1,elephant,6,person,1,elephant
6759,0,dog,0,dog,0,dog,6,person,0,dog
6760,0,dog,0,dog,2,giraffe,6,person,0,dog
6761,0,dog,0,dog,6,person,6,person,0,dog
6762,0,dog,4,horse,4,horse,6,person,4,horse
6763,0,dog,0,dog,6,person,6,person,6,person
6764,0,dog,0,dog,6,person,6,person,0,dog
6765,0,dog,0,dog,6,person,6,person,0,dog
6766,0,dog,0,dog,6,person,6,person,0,dog
6767,0,dog,0,dog,0,dog,6,person,0,dog
6768,0,dog,0,dog,6,person,6,person,0,dog
6769,0,dog,0,dog,0,dog,6,person,0,dog
6770,0,dog,0,dog,6,person,6,person,0,dog
6771,0,dog,0,dog,6,person,6,person,0,dog
6772,0,dog,0,dog,6,person,6,person,6,person
6773,0,dog,1,elephant,1,elephant,6,person,1,elephant
6774,0,dog,0,dog,0,dog,6,person,0,dog
6775,0,dog,0,dog,6,person,6,person,1,elephant
6776,0,dog,0,dog,6,person,6,person,0,dog
6777,0,dog,0,dog,6,person,6,person,6,person
6778,0,dog,0,dog,6,person,6,person,0,dog
6779,0,dog,0,dog,6,person,6,person,0,dog
6780,0,dog,0,dog,6,person,6,person,6,person
6781,0,dog,0,dog,0,dog,6,person,0,dog
6782,0,dog,1,elephant,1,elephant,6,person,0,dog
6783,0,dog,4,horse,6,person,6,person,0,dog
6784,0,dog,0,dog,6,person,6,person,1,elephant
6785,0,dog,1,elephant,1,elephant,6,person,0,dog
6786,0,dog,1,elephant,4,horse,6,person,6,person
6787,0,dog,0,dog,1,elephant,6,person,0,dog
6788,0,dog,0,dog,0,dog,6,person,0,dog
6789,0,dog,0,dog,0,dog,6,person,1,elephant
6790,0,dog,0,dog,6,person,6,person,1,elephant
6791,0,dog,0,dog,0,dog,6,person,0,dog
6792,0,dog,0,dog,6,person,6,person,0,dog
6793,0,dog,0,dog,6,person,6,person,0,dog
6794,0,dog,0,dog,0,dog,6,person,1,elephant
6795,0,dog,0,dog,0,dog,6,person,0,dog
6796,0,dog,0,dog,6,person,6,person,0,dog
6797,0,dog,0,dog,6,person,6,person,0,dog
6798,0,dog,0,dog,6,person,6,person,0,dog
6799,0,dog,0,dog,6,person,6,person,0,dog
6800,0,dog,0,dog,6,person,6,person,0,dog
6801,0,dog,0,dog,0,dog,6,person,0,dog
6802,0,dog,1,elephant,1,elephant,6,person,1,elephant
6803,0,dog,0,dog,2,giraffe,6,person,0,dog
6804,0,dog,0,dog,0,dog,6,person,0,dog
6805,0,dog,0,dog,6,person,6,person,1,elephant
6806,0,dog,0,dog,6,person,6,person,0,dog
6807,0,dog,0,dog,6,person,6,person,0,dog
6808,0,dog,0,dog,6,person,6,person,0,dog
6809,0,dog,0,dog,6,person,6,person,0,dog
6810,0,dog,0,dog,6,person,6,person,0,dog
6811,0,dog,0,dog,6,person,6,person,6,person
6812,0,dog,0,dog,6,person,6,person,6,person
6813,0,dog,0,dog,0,dog,6,person,0,dog
6814,0,dog,0,dog,6,person,6,person,6,person
6815,0,dog,0,dog,6,person,6,person,6,person
6816,0,dog,0,dog,6,person,6,person,0,dog
6817,0,dog,0,dog,6,person,6,person,1,elephant
6818,0,dog,1,elephant,6,person,6,person,0,dog
6819,0,dog,0,dog,0,dog,6,person,0,dog
6820,0,dog,0,dog,1,elephant,6,person,0,dog
6821,0,dog,6,person,6,person,6,person,0,dog
6822,0,dog,0,dog,6,person,6,person,0,dog
6823,0,dog,0,dog,6,person,6,person,0,dog
6824,0,dog,0,dog,6,person,6,person,1,elephant
6825,0,dog,0,dog,6,person,6,person,0,dog
6826,0,dog,0,dog,0,dog,6,person,0,dog
6827,0,dog,0,dog,0,dog,6,person,0,dog
6828,0,dog,0,dog,6,person,6,person,1,elephant
6829,0,dog,0,dog,0,dog,6,person,0,dog
6830,0,dog,0,dog,6,person,6,person,1,elephant
6831,0,dog,0,dog,6,person,6,person,4,horse
6832,0,dog,0,dog,6,person,6,person,0,dog
6833,0,dog,0,dog,6,person,6,person,0,dog
6834,1,elephant,1,elephant,5,house,6,person,1,elephant
6835,1,elephant,1,elephant,5,house,6,person,1,elephant
6836,1,elephant,1,elephant,5,house,6,person,6,person
6837,1,elephant,1,elephant,5,house,6,person,5,house
6838,1,elephant,1,elephant,5,house,6,person,1,elephant
6839,1,elephant,1,elephant,5,house,6,person,1,elephant
6840,1,elephant,1,elephant,5,house,6,person,1,elephant
6841,1,elephant,1,elephant,5,house,6,person,1,elephant
6842,1,elephant,1,elephant,5,house,6,person,1,elephant
6843,1,elephant,1,elephant,5,house,6,person,1,elephant
6844,1,elephant,1,elephant,5,house,6,person,1,elephant
6845,1,elephant,1,elephant,5,house,6,person,1,elephant
6846,1,elephant,1,elephant,5,house,6,person,1,elephant
6847,1,elephant,1,elephant,5,house,6,person,1,elephant
6848,1,elephant,1,elephant,5,house,6,person,1,elephant
6849,1,elephant,1,elephant,5,house,6,person,6,person
6850,1,elephant,1,elephant,5,house,6,person,5,house
6851,1,elephant,1,elephant,5,house,6,person,1,elephant
6852,1,elephant,1,elephant,5,house,6,person,1,elephant
6853,1,elephant,1,elephant,5,house,6,person,1,elephant
6854,1,elephant,1,elephant,5,house,6,person,1,elephant
6855,1,elephant,0,dog,5,house,6,person,1,elephant
6856,1,elephant,1,elephant,5,house,6,person,1,elephant
6857,1,elephant,1,elephant,5,house,6,person,1,elephant
6858,1,elephant,1,elephant,5,house,6,person,1,elephant
6859,1,elephant,1,elephant,5,house,6,person,1,elephant
6860,1,elephant,1,elephant,5,house,6,person,1,elephant
6861,1,elephant,1,elephant,5,house,6,person,1,elephant
6862,1,elephant,1,elephant,5,house,6,person,1,elephant
6863,1,elephant,1,elephant,5,house,6,person,1,elephant
6864,1,elephant,1,elephant,5,house,6,person,1,elephant
6865,1,elephant,1,elephant,5,house,6,person,1,elephant
6866,1,elephant,2,giraffe,5,house,6,person,1,elephant
6867,1,elephant,1,elephant,5,house,6,person,1,elephant
6868,1,elephant,1,elephant,5,house,6,person,1,elephant
6869,1,elephant,1,elephant,5,house,6,person,1,elephant
6870,1,elephant,1,elephant,5,house,6,person,1,elephant
6871,1,elephant,2,giraffe,5,house,6,person,1,elephant
6872,1,elephant,1,elephant,5,house,6,person,1,elephant
6873,1,elephant,1,elephant,5,house,6,person,1,elephant
6874,1,elephant,1,elephant,5,house,6,person,1,elephant
6875,1,elephant,1,elephant,5,house,6,person,1,elephant
6876,1,elephant,1,elephant,5,house,6,person,1,elephant
6877,1,elephant,1,elephant,5,house,6,person,1,elephant
6878,1,elephant,1,elephant,5,house,6,person,1,elephant
6879,1,elephant,1,elephant,5,house,6,person,1,elephant
6880,1,elephant,2,giraffe,5,house,6,person,1,elephant
6881,1,elephant,1,elephant,5,house,6,person,1,elephant
6882,1,elephant,1,elephant,5,house,6,person,6,person
6883,1,elephant,1,elephant,5,house,6,person,1,elephant
6884,1,elephant,4,horse,5,house,6,person,1,elephant
6885,1,elephant,1,elephant,5,house,6,person,1,elephant
6886,1,elephant,1,elephant,5,house,6,person,1,elephant
6887,1,elephant,1,elephant,5,house,6,person,1,elephant
6888,1,elephant,1,elephant,5,house,6,person,1,elephant
6889,1,elephant,1,elephant,5,house,6,person,1,elephant
6890,1,elephant,1,elephant,5,house,6,person,1,elephant
6891,1,elephant,1,elephant,5,house,6,person,1,elephant
6892,1,elephant,1,elephant,1,elephant,6,person,1,elephant
6893,1,elephant,1,elephant,5,house,6,person,1,elephant
6894,1,elephant,1,elephant,5,house,6,person,1,elephant
6895,1,elephant,1,elephant,5,house,6,person,1,elephant
6896,1,elephant,1,elephant,5,house,6,person,1,elephant
6897,1,elephant,1,elephant,5,house,6,person,1,elephant
6898,1,elephant,1,elephant,5,house,6,person,1,elephant
6899,1,elephant,1,elephant,5,house,6,person,1,elephant
6900,1,elephant,1,elephant,5,house,6,person,1,elephant
6901,1,elephant,2,giraffe,5,house,6,person,5,house
6902,1,elephant,1,elephant,5,house,6,person,1,elephant
6903,1,elephant,1,elephant,5,house,6,person,1,elephant
6904,1,elephant,1,elephant,5,house,6,person,1,elephant
6905,1,elephant,1,elephant,5,house,6,person,1,elephant
6906,1,elephant,1,elephant,5,house,6,person,1,elephant
6907,1,elephant,1,elephant,5,house,6,person,1,elephant
6908,1,elephant,1,elephant,5,house,6,person,1,elephant
6909,1,elephant,1,elephant,5,house,6,person,1,elephant
6910,1,elephant,1,elephant,5,house,6,person,1,elephant
6911,1,elephant,1,elephant,5,house,6,person,1,elephant
6912,1,elephant,1,elephant,5,house,6,person,1,elephant
6913,1,elephant,1,elephant,5,house,6,person,1,elephant
6914,1,elephant,1,elephant,1,elephant,6,person,1,elephant
6915,1,elephant,0,dog,1,elephant,6,person,1,elephant
6916,1,elephant,0,dog,1,elephant,6,person,1,elephant
6917,1,elephant,1,elephant,1,elephant,6,person,1,elephant
6918,1,elephant,2,giraffe,6,person,6,person,1,elephant
6919,1,elephant,1,elephant,1,elephant,6,person,1,elephant
6920,1,elephant,0,dog,1,elephant,6,person,1,elephant
6921,1,elephant,1,elephant,1,elephant,6,person,1,elephant
6922,1,elephant,0,dog,1,elephant,6,person,1,elephant
6923,1,elephant,1,elephant,1,elephant,6,person,1,elephant
6924,1,elephant,1,elephant,1,elephant,6,person,1,elephant
6925,1,elephant,1,elephant,1,elephant,6,person,1,elephant
6926,1,elephant,0,dog,1,elephant,6,person,0,dog
6927,1,elephant,1,elephant,6,person,6,person,1,elephant
6928,1,elephant,2,giraffe,1,elephant,6,person,1,elephant
6929,1,elephant,0,dog,1,elephant,6,person,1,elephant
6930,1,elephant,1,elephant,1,elephant,6,person,1,elephant
6931,1,elephant,0,dog,6,person,6,person,1,elephant
6932,1,elephant,1,elephant,6,person,6,person,1,elephant
6933,1,elephant,1,elephant,1,elephant,6,person,1,elephant
6934,1,elephant,1,elephant,1,elephant,6,person,1,elephant
6935,1,elephant,0,dog,1,elephant,6,person,1,elephant
6936,1,elephant,0,dog,6,person,6,person,1,elephant
6937,1,elephant,0,dog,1,elephant,6,person,1,elephant
6938,1,elephant,1,elephant,6,person,6,person,1,elephant
6939,1,elephant,1,elephant,1,elephant,6,person,1,elephant
6940,1,elephant,1,elephant,1,elephant,6,person,1,elephant
6941,1,elephant,1,elephant,1,elephant,6,person,1,elephant
6942,1,elephant,0,dog,1,elephant,6,person,1,elephant
6943,1,elephant,1,elephant,1,elephant,6,person,1,elephant
6944,1,elephant,1,elephant,1,elephant,6,person,1,elephant
6945,1,elephant,1,elephant,1,elephant,6,person,1,elephant
6946,1,elephant,1,elephant,1,elephant,6,person,1,elephant
6947,1,elephant,1,elephant,1,elephant,6,person,1,elephant
6948,1,elephant,1,elephant,1,elephant,6,person,1,elephant
6949,1,elephant,1,elephant,1,elephant,6,person,1,elephant
6950,1,elephant,0,dog,6,person,6,person,1,elephant
6951,1,elephant,1,elephant,2,giraffe,6,person,1,elephant
6952,1,elephant,1,elephant,1,elephant,6,person,1,elephant
6953,1,elephant,0,dog,4,horse,6,person,1,elephant
6954,1,elephant,1,elephant,1,elephant,6,person,1,elephant
6955,1,elephant,0,dog,1,elephant,6,person,1,elephant
6956,1,elephant,1,elephant,1,elephant,6,person,1,elephant
6957,1,elephant,1,elephant,6,person,6,person,1,elephant
6958,1,elephant,1,elephant,1,elephant,6,person,1,elephant
6959,1,elephant,1,elephant,1,elephant,6,person,1,elephant
6960,1,elephant,0,dog,1,elephant,6,person,1,elephant
6961,1,elephant,4,horse,1,elephant,6,person,1,elephant
6962,1,elephant,1,elephant,1,elephant,6,person,1,elephant
6963,1,elephant,0,dog,1,elephant,6,person,1,elephant
6964,1,elephant,0,dog,6,person,6,person,1,elephant
6965,1,elephant,1,elephant,1,elephant,6,person,1,elephant
6966,1,elephant,1,elephant,1,elephant,6,person,1,elephant
6967,1,elephant,1,elephant,1,elephant,6,person,1,elephant
6968,1,elephant,1,elephant,1,elephant,6,person,1,elephant
6969,1,elephant,1,elephant,1,elephant,6,person,1,elephant
6970,1,elephant,0,dog,1,elephant,6,person,1,elephant
6971,1,elephant,0,dog,1,elephant,6,person,1,elephant
6972,1,elephant,1,elephant,1,elephant,6,person,1,elephant
6973,1,elephant,4,horse,1,elephant,6,person,1,elephant
6974,1,elephant,1,elephant,1,elephant,6,person,1,elephant
6975,1,elephant,0,dog,1,elephant,6,person,1,elephant
6976,1,elephant,0,dog,0,dog,6,person,1,elephant
6977,1,elephant,0,dog,1,elephant,6,person,1,elephant
6978,1,elephant,1,elephant,1,elephant,6,person,1,elephant
6979,1,elephant,0,dog,1,elephant,6,person,1,elephant
6980,1,elephant,1,elephant,1,elephant,6,person,1,elephant
6981,1,elephant,0,dog,1,elephant,6,person,1,elephant
6982,1,elephant,1,elephant,1,elephant,6,person,1,elephant
6983,1,elephant,1,elephant,1,elephant,6,person,1,elephant
6984,1,elephant,1,elephant,1,elephant,6,person,1,elephant
6985,1,elephant,0,dog,1,elephant,6,person,1,elephant
6986,1,elephant,4,horse,6,person,6,person,0,dog
6987,1,elephant,0,dog,0,dog,6,person,0,dog
6988,1,elephant,4,horse,1,elephant,6,person,1,elephant
6989,1,elephant,1,elephant,1,elephant,6,person,1,elephant
6990,1,elephant,1,elephant,1,elephant,6,person,1,elephant
6991,1,elephant,1,elephant,1,elephant,6,person,1,elephant
6992,1,elephant,0,dog,1,elephant,6,person,1,elephant
6993,1,elephant,1,elephant,1,elephant,6,person,1,elephant
6994,1,elephant,1,elephant,1,elephant,6,person,1,elephant
6995,1,elephant,1,elephant,1,elephant,6,person,1,elephant
6996,1,elephant,1,elephant,1,elephant,6,person,1,elephant
6997,1,elephant,0,dog,1,elephant,6,person,1,elephant
6998,1,elephant,1,elephant,1,elephant,6,person,1,elephant
6999,1,elephant,4,horse,1,elephant,6,person,1,elephant
7000,1,elephant,1,elephant,1,elephant,6,person,1,elephant
7001,1,elephant,1,elephant,1,elephant,6,person,1,elephant
7002,1,elephant,0,dog,6,person,6,person,1,elephant
7003,1,elephant,0,dog,1,elephant,6,person,1,elephant
7004,1,elephant,1,elephant,1,elephant,6,person,1,elephant
7005,1,elephant,0,dog,1,elephant,6,person,1,elephant
7006,1,elephant,1,elephant,1,elephant,6,person,1,elephant
7007,1,elephant,1,elephant,1,elephant,6,person,1,elephant
7008,1,elephant,1,elephant,1,elephant,6,person,1,elephant
7009,1,elephant,1,elephant,1,elephant,6,person,1,elephant
7010,1,elephant,1,elephant,1,elephant,6,person,1,elephant
7011,1,elephant,1,elephant,1,elephant,6,person,1,elephant
7012,1,elephant,1,elephant,1,elephant,6,person,1,elephant
7013,1,elephant,0,dog,1,elephant,6,person,1,elephant
7014,1,elephant,0,dog,6,person,6,person,1,elephant
7015,1,elephant,1,elephant,1,elephant,6,person,1,elephant
7016,1,elephant,1,elephant,6,person,6,person,1,elephant
7017,1,elephant,1,elephant,1,elephant,6,person,1,elephant
7018,1,elephant,1,elephant,1,elephant,6,person,1,elephant
7019,1,elephant,1,elephant,1,elephant,6,person,1,elephant
7020,1,elephant,2,giraffe,1,elephant,6,person,1,elephant
7021,1,elephant,1,elephant,1,elephant,6,person,1,elephant
7022,1,elephant,0,dog,1,elephant,6,person,1,elephant
7023,1,elephant,1,elephant,1,elephant,6,person,1,elephant
7024,1,elephant,0,dog,1,elephant,6,person,1,elephant
7025,1,elephant,1,elephant,1,elephant,6,person,1,elephant
7026,1,elephant,0,dog,1,elephant,6,person,1,elephant
7027,1,elephant,0,dog,1,elephant,6,person,1,elephant
7028,1,elephant,0,dog,1,elephant,6,person,1,elephant
7029,1,elephant,1,elephant,1,elephant,6,person,1,elephant
7030,1,elephant,2,giraffe,6,person,6,person,1,elephant
7031,1,elephant,2,giraffe,1,elephant,6,person,1,elephant
7032,1,elephant,1,elephant,1,elephant,6,person,1,elephant
7033,1,elephant,0,dog,1,elephant,6,person,1,elephant
7034,1,elephant,0,dog,1,elephant,6,person,1,elephant
7035,1,elephant,2,giraffe,1,elephant,6,person,1,elephant
7036,1,elephant,1,elephant,1,elephant,6,person,1,elephant
7037,1,elephant,1,elephant,1,elephant,6,person,1,elephant
7038,1,elephant,1,elephant,1,elephant,6,person,1,elephant
7039,1,elephant,1,elephant,1,elephant,6,person,1,elephant
7040,1,elephant,1,elephant,1,elephant,6,person,1,elephant
7041,1,elephant,1,elephant,1,elephant,6,person,1,elephant
7042,1,elephant,0,dog,1,elephant,6,person,4,horse
7043,1,elephant,0,dog,1,elephant,6,person,1,elephant
7044,1,elephant,1,elephant,6,person,6,person,1,elephant
7045,1,elephant,1,elephant,6,person,6,person,1,elephant
7046,1,elephant,1,elephant,1,elephant,6,person,1,elephant
7047,1,elephant,1,elephant,1,elephant,6,person,1,elephant
7048,1,elephant,0,dog,1,elephant,6,person,1,elephant
7049,1,elephant,1,elephant,1,elephant,6,person,1,elephant
7050,1,elephant,1,elephant,1,elephant,6,person,1,elephant
7051,1,elephant,1,elephant,1,elephant,6,person,1,elephant
7052,1,elephant,1,elephant,1,elephant,6,person,1,elephant
7053,1,elephant,0,dog,1,elephant,6,person,1,elephant
7054,1,elephant,2,giraffe,1,elephant,6,person,1,elephant
7055,1,elephant,0,dog,6,person,6,person,1,elephant
7056,1,elephant,0,dog,6,person,6,person,0,dog
7057,1,elephant,2,giraffe,6,person,6,person,1,elephant
7058,1,elephant,2,giraffe,6,person,6,person,1,elephant
7059,1,elephant,0,dog,6,person,6,person,6,person
7060,1,elephant,0,dog,6,person,6,person,6,person
7061,1,elephant,0,dog,0,dog,6,person,1,elephant
7062,1,elephant,1,elephant,0,dog,6,person,1,elephant
7063,1,elephant,0,dog,0,dog,6,person,1,elephant
7064,1,elephant,0,dog,1,elephant,6,person,1,elephant
7065,1,elephant,1,elephant,1,elephant,6,person,1,elephant
7066,1,elephant,1,elephant,1,elephant,6,person,1,elephant
7067,1,elephant,1,elephant,1,elephant,6,person,1,elephant
7068,1,elephant,1,elephant,1,elephant,6,person,1,elephant
7069,1,elephant,1,elephant,6,person,6,person,1,elephant
7070,1,elephant,0,dog,6,person,6,person,1,elephant
7071,1,elephant,1,elephant,1,elephant,6,person,1,elephant
7072,1,elephant,1,elephant,1,elephant,6,person,1,elephant
7073,1,elephant,1,elephant,1,elephant,6,person,1,elephant
7074,1,elephant,4,horse,1,elephant,6,person,1,elephant
7075,1,elephant,1,elephant,1,elephant,6,person,1,elephant
7076,1,elephant,4,horse,1,elephant,6,person,1,elephant
7077,1,elephant,0,dog,1,elephant,6,person,1,elephant
7078,1,elephant,0,dog,6,person,6,person,1,elephant
7079,1,elephant,1,elephant,1,elephant,6,person,1,elephant
7080,1,elephant,0,dog,1,elephant,6,person,1,elephant
7081,1,elephant,1,elephant,1,elephant,6,person,1,elephant
7082,1,elephant,1,elephant,1,elephant,6,person,1,elephant
7083,1,elephant,1,elephant,1,elephant,6,person,1,elephant
7084,1,elephant,1,elephant,1,elephant,6,person,1,elephant
7085,1,elephant,0,dog,1,elephant,6,person,1,elephant
7086,1,elephant,1,elephant,1,elephant,6,person,1,elephant
7087,1,elephant,0,dog,1,elephant,6,person,1,elephant
7088,1,elephant,1,elephant,1,elephant,6,person,1,elephant
7089,1,elephant,0,dog,1,elephant,6,person,1,elephant
7090,1,elephant,1,elephant,1,elephant,6,person,1,elephant
7091,1,elephant,0,dog,1,elephant,6,person,1,elephant
7092,1,elephant,0,dog,1,elephant,6,person,1,elephant
7093,1,elephant,1,elephant,1,elephant,6,person,1,elephant
7094,1,elephant,1,elephant,1,elephant,6,person,1,elephant
7095,1,elephant,1,elephant,1,elephant,6,person,1,elephant
7096,1,elephant,0,dog,1,elephant,6,person,1,elephant
7097,1,elephant,1,elephant,1,elephant,6,person,1,elephant
7098,1,elephant,0,dog,1,elephant,6,person,1,elephant
7099,1,elephant,0,dog,1,elephant,6,person,1,elephant
7100,1,elephant,1,elephant,1,elephant,6,person,1,elephant
7101,1,elephant,0,dog,1,elephant,6,person,1,elephant
7102,1,elephant,1,elephant,1,elephant,6,person,1,elephant
7103,1,elephant,1,elephant,1,elephant,6,person,1,elephant
7104,1,elephant,0,dog,1,elephant,6,person,0,dog
7105,1,elephant,1,elephant,1,elephant,6,person,1,elephant
7106,1,elephant,1,elephant,1,elephant,6,person,1,elephant
7107,1,elephant,0,dog,1,elephant,6,person,1,elephant
7108,1,elephant,1,elephant,1,elephant,6,person,1,elephant
7109,1,elephant,1,elephant,1,elephant,6,person,1,elephant
7110,1,elephant,1,elephant,1,elephant,6,person,0,dog
7111,1,elephant,2,giraffe,4,horse,6,person,4,horse
7112,1,elephant,0,dog,1,elephant,6,person,1,elephant
7113,1,elephant,0,dog,1,elephant,6,person,1,elephant
7114,1,elephant,0,dog,1,elephant,6,person,1,elephant
7115,1,elephant,1,elephant,1,elephant,6,person,1,elephant
7116,1,elephant,1,elephant,1,elephant,6,person,1,elephant
7117,1,elephant,1,elephant,1,elephant,6,person,1,elephant
7118,1,elephant,0,dog,1,elephant,6,person,1,elephant
7119,1,elephant,0,dog,1,elephant,6,person,1,elephant
7120,1,elephant,1,elephant,1,elephant,6,person,1,elephant
7121,1,elephant,1,elephant,1,elephant,6,person,1,elephant
7122,1,elephant,0,dog,1,elephant,6,person,1,elephant
7123,1,elephant,6,person,6,person,6,person,6,person
7124,1,elephant,1,elephant,2,giraffe,6,person,1,elephant
7125,1,elephant,0,dog,1,elephant,6,person,1,elephant
7126,1,elephant,0,dog,1,elephant,6,person,1,elephant
7127,1,elephant,1,elephant,2,giraffe,6,person,1,elephant
7128,1,elephant,1,elephant,1,elephant,6,person,1,elephant
7129,1,elephant,2,giraffe,1,elephant,6,person,1,elephant
7130,1,elephant,1,elephant,1,elephant,6,person,1,elephant
7131,1,elephant,0,dog,1,elephant,6,person,1,elephant
7132,1,elephant,1,elephant,1,elephant,6,person,1,elephant
7133,1,elephant,1,elephant,1,elephant,6,person,1,elephant
7134,1,elephant,0,dog,1,elephant,6,person,1,elephant
7135,1,elephant,0,dog,1,elephant,6,person,1,elephant
7136,1,elephant,1,elephant,1,elephant,6,person,1,elephant
7137,1,elephant,1,elephant,1,elephant,6,person,1,elephant
7138,1,elephant,0,dog,1,elephant,6,person,1,elephant
7139,1,elephant,0,dog,1,elephant,6,person,1,elephant
7140,1,elephant,0,dog,6,person,6,person,6,person
7141,1,elephant,0,dog,1,elephant,6,person,1,elephant
7142,1,elephant,0,dog,1,elephant,6,person,1,elephant
7143,1,elephant,1,elephant,6,person,6,person,1,elephant
7144,1,elephant,1,elephant,1,elephant,6,person,1,elephant
7145,1,elephant,0,dog,1,elephant,6,person,1,elephant
7146,1,elephant,1,elephant,1,elephant,6,person,1,elephant
7147,1,elephant,1,elephant,6,person,6,person,1,elephant
7148,1,elephant,1,elephant,1,elephant,6,person,1,elephant
7149,1,elephant,0,dog,6,person,6,person,1,elephant
7150,1,elephant,1,elephant,1,elephant,6,person,1,elephant
7151,1,elephant,0,dog,1,elephant,6,person,1,elephant
7152,1,elephant,1,elephant,1,elephant,6,person,1,elephant
7153,1,elephant,0,dog,1,elephant,6,person,1,elephant
7154,1,elephant,0,dog,1,elephant,6,person,1,elephant
7155,1,elephant,1,elephant,1,elephant,6,person,1,elephant
7156,1,elephant,0,dog,1,elephant,6,person,1,elephant
7157,1,elephant,2,giraffe,1,elephant,6,person,1,elephant
7158,1,elephant,1,elephant,1,elephant,6,person,1,elephant
7159,1,elephant,1,elephant,1,elephant,6,person,1,elephant
7160,1,elephant,1,elephant,1,elephant,6,person,1,elephant
7161,1,elephant,0,dog,1,elephant,6,person,1,elephant
7162,1,elephant,0,dog,1,elephant,6,person,1,elephant
7163,1,elephant,0,dog,1,elephant,6,person,1,elephant
7164,1,elephant,1,elephant,1,elephant,6,person,1,elephant
7165,1,elephant,0,dog,1,elephant,6,person,1,elephant
7166,1,elephant,1,elephant,1,elephant,6,person,1,elephant
7167,1,elephant,0,dog,1,elephant,6,person,1,elephant
7168,1,elephant,2,giraffe,1,elephant,6,person,4,horse
7169,1,elephant,1,elephant,1,elephant,6,person,1,elephant
7170,1,elephant,0,dog,6,person,6,person,1,elephant
7171,1,elephant,1,elephant,1,elephant,6,person,1,elephant
7172,1,elephant,0,dog,6,person,6,person,0,dog
7173,1,elephant,0,dog,0,dog,6,person,0,dog
7174,1,elephant,0,dog,6,person,6,person,1,elephant
7175,1,elephant,2,giraffe,6,person,6,person,1,elephant
7176,1,elephant,1,elephant,1,elephant,6,person,1,elephant
7177,1,elephant,2,giraffe,1,elephant,6,person,1,elephant
7178,1,elephant,0,dog,1,elephant,6,person,1,elephant
7179,1,elephant,0,dog,4,horse,6,person,3,guitar
7180,1,elephant,1,elephant,6,person,6,person,1,elephant
7181,1,elephant,1,elephant,1,elephant,6,person,1,elephant
7182,1,elephant,0,dog,4,horse,6,person,1,elephant
7183,1,elephant,1,elephant,1,elephant,6,person,1,elephant
7184,1,elephant,0,dog,1,elephant,6,person,1,elephant
7185,1,elephant,1,elephant,1,elephant,6,person,1,elephant
7186,1,elephant,1,elephant,1,elephant,6,person,1,elephant
7187,1,elephant,1,elephant,1,elephant,6,person,1,elephant
7188,1,elephant,1,elephant,1,elephant,6,person,1,elephant
7189,1,elephant,1,elephant,1,elephant,6,person,1,elephant
7190,1,elephant,0,dog,1,elephant,6,person,1,elephant
7191,1,elephant,1,elephant,1,elephant,6,person,1,elephant
7192,1,elephant,1,elephant,1,elephant,6,person,1,elephant
7193,1,elephant,0,dog,1,elephant,6,person,1,elephant
7194,1,elephant,1,elephant,1,elephant,6,person,1,elephant
7195,1,elephant,1,elephant,1,elephant,6,person,1,elephant
7196,1,elephant,1,elephant,1,elephant,6,person,1,elephant
7197,1,elephant,1,elephant,1,elephant,6,person,1,elephant
7198,1,elephant,1,elephant,1,elephant,6,person,1,elephant
7199,1,elephant,0,dog,6,person,6,person,1,elephant
7200,1,elephant,0,dog,1,elephant,6,person,1,elephant
7201,1,elephant,0,dog,1,elephant,6,person,1,elephant
7202,1,elephant,1,elephant,1,elephant,6,person,1,elephant
7203,1,elephant,1,elephant,1,elephant,6,person,1,elephant
7204,1,elephant,1,elephant,6,person,6,person,1,elephant
7205,1,elephant,1,elephant,1,elephant,6,person,1,elephant
7206,1,elephant,1,elephant,1,elephant,6,person,1,elephant
7207,1,elephant,1,elephant,1,elephant,6,person,1,elephant
7208,1,elephant,0,dog,1,elephant,6,person,1,elephant
7209,1,elephant,1,elephant,1,elephant,6,person,1,elephant
7210,1,elephant,1,elephant,1,elephant,6,person,1,elephant
7211,1,elephant,1,elephant,1,elephant,6,person,1,elephant
7212,1,elephant,1,elephant,1,elephant,6,person,1,elephant
7213,1,elephant,1,elephant,1,elephant,6,person,1,elephant
7214,1,elephant,1,elephant,1,elephant,6,person,1,elephant
7215,1,elephant,1,elephant,1,elephant,6,person,1,elephant
7216,1,elephant,0,dog,1,elephant,6,person,1,elephant
7217,1,elephant,1,elephant,6,person,6,person,1,elephant
7218,1,elephant,0,dog,6,person,6,person,1,elephant
7219,1,elephant,1,elephant,1,elephant,6,person,1,elephant
7220,1,elephant,1,elephant,1,elephant,6,person,1,elephant
7221,1,elephant,1,elephant,1,elephant,6,person,1,elephant
7222,1,elephant,1,elephant,1,elephant,6,person,1,elephant
7223,1,elephant,0,dog,1,elephant,6,person,1,elephant
7224,1,elephant,0,dog,1,elephant,6,person,1,elephant
7225,1,elephant,1,elephant,1,elephant,6,person,1,elephant
7226,1,elephant,0,dog,1,elephant,6,person,1,elephant
7227,1,elephant,2,giraffe,1,elephant,6,person,1,elephant
7228,1,elephant,0,dog,0,dog,6,person,1,elephant
7229,1,elephant,0,dog,1,elephant,6,person,1,elephant
7230,1,elephant,0,dog,1,elephant,6,person,1,elephant
7231,1,elephant,1,elephant,0,dog,6,person,1,elephant
7232,1,elephant,1,elephant,1,elephant,6,person,1,elephant
7233,1,elephant,1,elephant,1,elephant,6,person,1,elephant
7234,1,elephant,1,elephant,1,elephant,6,person,1,elephant
7235,1,elephant,4,horse,6,person,6,person,4,horse
7236,1,elephant,1,elephant,1,elephant,6,person,1,elephant
7237,1,elephant,1,elephant,1,elephant,6,person,1,elephant
7238,1,elephant,0,dog,1,elephant,6,person,1,elephant
7239,1,elephant,1,elephant,1,elephant,6,person,1,elephant
7240,1,elephant,0,dog,6,person,6,person,1,elephant
7241,1,elephant,1,elephant,1,elephant,6,person,1,elephant
7242,1,elephant,1,elephant,1,elephant,6,person,1,elephant
7243,1,elephant,1,elephant,1,elephant,6,person,1,elephant
7244,1,elephant,0,dog,1,elephant,6,person,1,elephant
7245,1,elephant,1,elephant,1,elephant,6,person,1,elephant
7246,1,elephant,0,dog,1,elephant,6,person,1,elephant
7247,1,elephant,1,elephant,1,elephant,6,person,1,elephant
7248,1,elephant,1,elephant,1,elephant,6,person,1,elephant
7249,1,elephant,0,dog,1,elephant,6,person,1,elephant
7250,1,elephant,0,dog,1,elephant,6,person,1,elephant
7251,1,elephant,1,elephant,1,elephant,6,person,1,elephant
7252,1,elephant,1,elephant,1,elephant,6,person,1,elephant
7253,1,elephant,1,elephant,1,elephant,6,person,1,elephant
7254,1,elephant,1,elephant,1,elephant,6,person,1,elephant
7255,1,elephant,1,elephant,1,elephant,6,person,1,elephant
7256,1,elephant,0,dog,1,elephant,6,person,1,elephant
7257,1,elephant,0,dog,1,elephant,6,person,1,elephant
7258,1,elephant,0,dog,1,elephant,6,person,1,elephant
7259,1,elephant,1,elephant,1,elephant,6,person,1,elephant
7260,1,elephant,1,elephant,1,elephant,6,person,1,elephant
7261,1,elephant,0,dog,1,elephant,6,person,1,elephant
7262,1,elephant,1,elephant,1,elephant,6,person,1,elephant
7263,1,elephant,1,elephant,1,elephant,6,person,1,elephant
7264,1,elephant,1,elephant,1,elephant,6,person,1,elephant
7265,1,elephant,0,dog,1,elephant,6,person,1,elephant
7266,1,elephant,1,elephant,1,elephant,6,person,1,elephant
7267,1,elephant,1,elephant,1,elephant,6,person,1,elephant
7268,1,elephant,1,elephant,1,elephant,6,person,1,elephant
7269,1,elephant,0,dog,6,person,6,person,6,person
7270,1,elephant,0,dog,6,person,6,person,1,elephant
7271,1,elephant,0,dog,6,person,6,person,1,elephant
7272,1,elephant,0,dog,1,elephant,6,person,1,elephant
7273,1,elephant,0,dog,6,person,6,person,1,elephant
7274,1,elephant,1,elephant,1,elephant,6,person,1,elephant
7275,1,elephant,1,elephant,0,dog,6,person,1,elephant
7276,1,elephant,1,elephant,1,elephant,6,person,1,elephant
7277,1,elephant,1,elephant,1,elephant,6,person,1,elephant
7278,1,elephant,2,giraffe,1,elephant,6,person,1,elephant
7279,1,elephant,0,dog,1,elephant,6,person,1,elephant
7280,1,elephant,1,elephant,1,elephant,6,person,1,elephant
7281,1,elephant,1,elephant,4,horse,6,person,1,elephant
7282,1,elephant,1,elephant,4,horse,6,person,1,elephant
7283,1,elephant,4,horse,1,elephant,6,person,1,elephant
7284,1,elephant,1,elephant,1,elephant,6,person,1,elephant
7285,1,elephant,4,horse,4,horse,6,person,1,elephant
7286,1,elephant,0,dog,1,elephant,6,person,1,elephant
7287,1,elephant,1,elephant,1,elephant,6,person,1,elephant
7288,1,elephant,2,giraffe,4,horse,6,person,1,elephant
7289,1,elephant,1,elephant,1,elephant,6,person,1,elephant
7290,1,elephant,0,dog,6,person,6,person,1,elephant
7291,1,elephant,0,dog,1,elephant,6,person,1,elephant
7292,1,elephant,1,elephant,1,elephant,6,person,1,elephant
7293,1,elephant,1,elephant,1,elephant,6,person,1,elephant
7294,1,elephant,0,dog,1,elephant,6,person,1,elephant
7295,1,elephant,0,dog,1,elephant,6,person,1,elephant
7296,1,elephant,0,dog,1,elephant,6,person,1,elephant
7297,1,elephant,0,dog,1,elephant,6,person,1,elephant
7298,1,elephant,0,dog,1,elephant,6,person,1,elephant
7299,1,elephant,0,dog,1,elephant,6,person,1,elephant
7300,1,elephant,0,dog,1,elephant,6,person,1,elephant
7301,1,elephant,0,dog,1,elephant,6,person,1,elephant
7302,1,elephant,1,elephant,6,person,6,person,1,elephant
7303,1,elephant,0,dog,6,person,6,person,1,elephant
7304,1,elephant,0,dog,6,person,6,person,1,elephant
7305,1,elephant,0,dog,6,person,6,person,0,dog
7306,1,elephant,2,giraffe,6,person,6,person,0,dog
7307,1,elephant,0,dog,6,person,6,person,6,person
7308,1,elephant,1,elephant,1,elephant,6,person,1,elephant
7309,1,elephant,0,dog,1,elephant,6,person,1,elephant
7310,1,elephant,1,elephant,1,elephant,6,person,1,elephant
7311,1,elephant,1,elephant,1,elephant,6,person,1,elephant
7312,1,elephant,0,dog,1,elephant,6,person,1,elephant
7313,1,elephant,1,elephant,1,elephant,6,person,1,elephant
7314,1,elephant,1,elephant,1,elephant,6,person,1,elephant
7315,1,elephant,1,elephant,6,person,6,person,1,elephant
7316,1,elephant,1,elephant,1,elephant,6,person,1,elephant
7317,1,elephant,1,elephant,1,elephant,6,person,1,elephant
7318,1,elephant,1,elephant,1,elephant,6,person,1,elephant
7319,1,elephant,1,elephant,0,dog,6,person,1,elephant
7320,1,elephant,1,elephant,1,elephant,6,person,1,elephant
7321,1,elephant,1,elephant,1,elephant,6,person,1,elephant
7322,1,elephant,2,giraffe,1,elephant,6,person,1,elephant
7323,1,elephant,1,elephant,1,elephant,6,person,1,elephant
7324,1,elephant,0,dog,1,elephant,6,person,1,elephant
7325,1,elephant,0,dog,6,person,6,person,1,elephant
7326,1,elephant,1,elephant,1,elephant,6,person,1,elephant
7327,1,elephant,1,elephant,1,elephant,6,person,1,elephant
7328,1,elephant,0,dog,1,elephant,6,person,1,elephant
7329,1,elephant,1,elephant,1,elephant,6,person,1,elephant
7330,1,elephant,1,elephant,1,elephant,6,person,1,elephant
7331,1,elephant,1,elephant,1,elephant,6,person,1,elephant
7332,1,elephant,1,elephant,6,person,6,person,1,elephant
7333,1,elephant,1,elephant,1,elephant,6,person,1,elephant
7334,1,elephant,1,elephant,6,person,6,person,1,elephant
7335,1,elephant,1,elephant,1,elephant,6,person,1,elephant
7336,1,elephant,0,dog,1,elephant,6,person,1,elephant
7337,1,elephant,1,elephant,1,elephant,6,person,1,elephant
7338,1,elephant,1,elephant,1,elephant,6,person,1,elephant
7339,1,elephant,0,dog,1,elephant,6,person,1,elephant
7340,1,elephant,4,horse,1,elephant,6,person,1,elephant
7341,1,elephant,1,elephant,1,elephant,6,person,1,elephant
7342,1,elephant,0,dog,1,elephant,6,person,1,elephant
7343,1,elephant,0,dog,1,elephant,6,person,1,elephant
7344,1,elephant,0,dog,1,elephant,6,person,1,elephant
7345,1,elephant,1,elephant,1,elephant,6,person,1,elephant
7346,1,elephant,1,elephant,6,person,6,person,1,elephant
7347,1,elephant,1,elephant,6,person,6,person,1,elephant
7348,1,elephant,0,dog,6,person,6,person,1,elephant
7349,1,elephant,0,dog,1,elephant,6,person,1,elephant
7350,1,elephant,1,elephant,1,elephant,6,person,1,elephant
7351,1,elephant,1,elephant,1,elephant,6,person,1,elephant
7352,1,elephant,4,horse,4,horse,6,person,1,elephant
7353,1,elephant,1,elephant,1,elephant,6,person,1,elephant
7354,1,elephant,0,dog,1,elephant,6,person,1,elephant
7355,1,elephant,1,elephant,1,elephant,6,person,1,elephant
7356,1,elephant,1,elephant,1,elephant,6,person,1,elephant
7357,1,elephant,0,dog,1,elephant,6,person,1,elephant
7358,1,elephant,0,dog,1,elephant,6,person,1,elephant
7359,1,elephant,0,dog,1,elephant,6,person,1,elephant
7360,1,elephant,1,elephant,1,elephant,6,person,1,elephant
7361,1,elephant,1,elephant,1,elephant,6,person,1,elephant
7362,1,elephant,0,dog,1,elephant,6,person,1,elephant
7363,1,elephant,1,elephant,1,elephant,6,person,1,elephant
7364,1,elephant,1,elephant,1,elephant,6,person,1,elephant
7365,1,elephant,0,dog,6,person,6,person,1,elephant
7366,1,elephant,1,elephant,1,elephant,6,person,1,elephant
7367,1,elephant,0,dog,1,elephant,6,person,1,elephant
7368,1,elephant,1,elephant,1,elephant,6,person,1,elephant
7369,1,elephant,0,dog,1,elephant,6,person,1,elephant
7370,1,elephant,1,elephant,1,elephant,6,person,1,elephant
7371,1,elephant,4,horse,1,elephant,6,person,1,elephant
7372,1,elephant,1,elephant,1,elephant,6,person,1,elephant
7373,1,elephant,0,dog,1,elephant,6,person,1,elephant
7374,1,elephant,0,dog,6,person,6,person,0,dog
7375,1,elephant,0,dog,6,person,6,person,0,dog
7376,1,elephant,0,dog,6,person,6,person,6,person
7377,1,elephant,0,dog,6,person,6,person,1,elephant
7378,1,elephant,0,dog,6,person,6,person,1,elephant
7379,1,elephant,0,dog,6,person,6,person,6,person
7380,1,elephant,0,dog,1,elephant,6,person,1,elephant
7381,1,elephant,0,dog,6,person,6,person,1,elephant
7382,1,elephant,0,dog,1,elephant,6,person,1,elephant
7383,1,elephant,0,dog,6,person,6,person,4,horse
7384,1,elephant,1,elephant,1,elephant,6,person,1,elephant
7385,1,elephant,0,dog,1,elephant,6,person,1,elephant
7386,1,elephant,0,dog,1,elephant,6,person,1,elephant
7387,1,elephant,0,dog,1,elephant,6,person,1,elephant
7388,1,elephant,2,giraffe,1,elephant,6,person,1,elephant
7389,1,elephant,1,elephant,1,elephant,6,person,1,elephant
7390,1,elephant,1,elephant,1,elephant,6,person,1,elephant
7391,1,elephant,4,horse,1,elephant,6,person,1,elephant
7392,1,elephant,1,elephant,1,elephant,6,person,1,elephant
7393,1,elephant,0,dog,1,elephant,6,person,1,elephant
7394,1,elephant,1,elephant,1,elephant,6,person,1,elephant
7395,1,elephant,1,elephant,1,elephant,6,person,1,elephant
7396,1,elephant,1,elephant,1,elephant,6,person,1,elephant
7397,1,elephant,0,dog,1,elephant,6,person,1,elephant
7398,1,elephant,0,dog,1,elephant,6,person,1,elephant
7399,1,elephant,1,elephant,1,elephant,6,person,1,elephant
7400,1,elephant,0,dog,1,elephant,6,person,1,elephant
7401,1,elephant,1,elephant,1,elephant,6,person,1,elephant
7402,1,elephant,1,elephant,1,elephant,6,person,1,elephant
7403,1,elephant,1,elephant,1,elephant,6,person,1,elephant
7404,1,elephant,1,elephant,1,elephant,6,person,1,elephant
7405,1,elephant,1,elephant,1,elephant,6,person,1,elephant
7406,1,elephant,1,elephant,1,elephant,6,person,1,elephant
7407,1,elephant,0,dog,1,elephant,6,person,1,elephant
7408,1,elephant,1,elephant,1,elephant,6,person,1,elephant
7409,1,elephant,1,elephant,1,elephant,6,person,1,elephant
7410,1,elephant,1,elephant,1,elephant,6,person,1,elephant
7411,1,elephant,1,elephant,1,elephant,6,person,1,elephant
7412,1,elephant,1,elephant,1,elephant,6,person,1,elephant
7413,1,elephant,1,elephant,1,elephant,6,person,1,elephant
7414,1,elephant,0,dog,1,elephant,6,person,1,elephant
7415,1,elephant,1,elephant,1,elephant,6,person,1,elephant
7416,1,elephant,1,elephant,1,elephant,6,person,1,elephant
7417,1,elephant,4,horse,2,giraffe,6,person,1,elephant
7418,1,elephant,0,dog,1,elephant,6,person,1,elephant
7419,1,elephant,0,dog,6,person,6,person,0,dog
7420,1,elephant,0,dog,0,dog,6,person,1,elephant
7421,1,elephant,0,dog,1,elephant,6,person,1,elephant
7422,1,elephant,0,dog,1,elephant,6,person,1,elephant
7423,1,elephant,0,dog,6,person,6,person,1,elephant
7424,1,elephant,0,dog,1,elephant,6,person,1,elephant
7425,1,elephant,1,elephant,1,elephant,6,person,1,elephant
7426,1,elephant,0,dog,1,elephant,6,person,1,elephant
7427,1,elephant,1,elephant,1,elephant,6,person,1,elephant
7428,1,elephant,1,elephant,1,elephant,6,person,1,elephant
7429,1,elephant,1,elephant,1,elephant,6,person,1,elephant
7430,1,elephant,1,elephant,1,elephant,6,person,1,elephant
7431,1,elephant,1,elephant,1,elephant,6,person,1,elephant
7432,1,elephant,0,dog,1,elephant,6,person,0,dog
7433,1,elephant,1,elephant,6,person,6,person,1,elephant
7434,1,elephant,0,dog,0,dog,6,person,1,elephant
7435,1,elephant,1,elephant,1,elephant,6,person,1,elephant
7436,1,elephant,1,elephant,1,elephant,6,person,1,elephant
7437,1,elephant,0,dog,1,elephant,6,person,1,elephant
7438,1,elephant,4,horse,1,elephant,6,person,4,horse
7439,1,elephant,0,dog,1,elephant,6,person,1,elephant
7440,1,elephant,1,elephant,1,elephant,6,person,1,elephant
7441,1,elephant,1,elephant,1,elephant,6,person,1,elephant
7442,1,elephant,1,elephant,1,elephant,6,person,1,elephant
7443,1,elephant,1,elephant,1,elephant,6,person,1,elephant
7444,1,elephant,0,dog,1,elephant,6,person,1,elephant
7445,1,elephant,2,giraffe,6,person,6,person,1,elephant
7446,1,elephant,0,dog,1,elephant,6,person,1,elephant
7447,1,elephant,1,elephant,6,person,6,person,1,elephant
7448,1,elephant,1,elephant,1,elephant,6,person,1,elephant
7449,1,elephant,0,dog,1,elephant,6,person,1,elephant
7450,1,elephant,1,elephant,1,elephant,6,person,1,elephant
7451,1,elephant,1,elephant,0,dog,6,person,1,elephant
7452,1,elephant,1,elephant,1,elephant,6,person,1,elephant
7453,1,elephant,0,dog,1,elephant,6,person,1,elephant
7454,1,elephant,1,elephant,1,elephant,6,person,1,elephant
7455,1,elephant,1,elephant,6,person,6,person,1,elephant
7456,1,elephant,1,elephant,1,elephant,6,person,1,elephant
7457,1,elephant,1,elephant,1,elephant,6,person,1,elephant
7458,1,elephant,1,elephant,1,elephant,6,person,1,elephant
7459,1,elephant,1,elephant,1,elephant,6,person,1,elephant
7460,1,elephant,0,dog,1,elephant,6,person,1,elephant
7461,1,elephant,1,elephant,1,elephant,6,person,1,elephant
7462,1,elephant,0,dog,1,elephant,6,person,1,elephant
7463,1,elephant,1,elephant,1,elephant,6,person,1,elephant
7464,1,elephant,1,elephant,1,elephant,6,person,1,elephant
7465,1,elephant,0,dog,1,elephant,6,person,1,elephant
7466,1,elephant,1,elephant,0,dog,6,person,1,elephant
7467,1,elephant,1,elephant,1,elephant,6,person,1,elephant
7468,1,elephant,1,elephant,6,person,6,person,1,elephant
7469,1,elephant,1,elephant,1,elephant,6,person,1,elephant
7470,1,elephant,1,elephant,1,elephant,6,person,1,elephant
7471,1,elephant,1,elephant,1,elephant,6,person,1,elephant
7472,1,elephant,2,giraffe,6,person,6,person,1,elephant
7473,1,elephant,0,dog,1,elephant,6,person,1,elephant
7474,1,elephant,1,elephant,1,elephant,6,person,1,elephant
7475,1,elephant,1,elephant,1,elephant,6,person,1,elephant
7476,1,elephant,0,dog,6,person,6,person,1,elephant
7477,1,elephant,1,elephant,1,elephant,6,person,1,elephant
7478,1,elephant,1,elephant,6,person,6,person,1,elephant
7479,1,elephant,1,elephant,6,person,6,person,1,elephant
7480,1,elephant,1,elephant,1,elephant,6,person,1,elephant
7481,1,elephant,1,elephant,1,elephant,6,person,1,elephant
7482,1,elephant,0,dog,1,elephant,6,person,1,elephant
7483,1,elephant,1,elephant,1,elephant,6,person,1,elephant
7484,1,elephant,2,giraffe,6,person,6,person,1,elephant
7485,1,elephant,1,elephant,1,elephant,6,person,1,elephant
7486,1,elephant,1,elephant,6,person,6,person,1,elephant
7487,1,elephant,1,elephant,1,elephant,6,person,1,elephant
7488,1,elephant,1,elephant,1,elephant,6,person,1,elephant
7489,1,elephant,1,elephant,1,elephant,6,person,1,elephant
7490,1,elephant,1,elephant,1,elephant,6,person,1,elephant
7491,1,elephant,1,elephant,1,elephant,6,person,1,elephant
7492,1,elephant,2,giraffe,1,elephant,6,person,1,elephant
7493,1,elephant,0,dog,1,elephant,6,person,1,elephant
7494,1,elephant,1,elephant,1,elephant,6,person,1,elephant
7495,1,elephant,0,dog,6,person,6,person,1,elephant
7496,1,elephant,1,elephant,1,elephant,6,person,1,elephant
7497,1,elephant,0,dog,1,elephant,6,person,1,elephant
7498,1,elephant,2,giraffe,1,elephant,6,person,1,elephant
7499,1,elephant,1,elephant,1,elephant,6,person,1,elephant
7500,1,elephant,1,elephant,1,elephant,6,person,1,elephant
7501,1,elephant,0,dog,1,elephant,6,person,1,elephant
7502,1,elephant,1,elephant,1,elephant,6,person,1,elephant
7503,1,elephant,1,elephant,1,elephant,6,person,1,elephant
7504,1,elephant,1,elephant,1,elephant,6,person,1,elephant
7505,1,elephant,1,elephant,1,elephant,6,person,1,elephant
7506,1,elephant,1,elephant,1,elephant,6,person,1,elephant
7507,1,elephant,1,elephant,1,elephant,6,person,1,elephant
7508,1,elephant,0,dog,6,person,6,person,1,elephant
7509,1,elephant,1,elephant,1,elephant,6,person,1,elephant
7510,1,elephant,1,elephant,1,elephant,6,person,1,elephant
7511,1,elephant,1,elephant,1,elephant,6,person,1,elephant
7512,1,elephant,1,elephant,1,elephant,6,person,1,elephant
7513,1,elephant,0,dog,6,person,6,person,1,elephant
7514,1,elephant,1,elephant,1,elephant,6,person,1,elephant
7515,1,elephant,1,elephant,6,person,6,person,1,elephant
7516,1,elephant,1,elephant,1,elephant,6,person,1,elephant
7517,1,elephant,0,dog,1,elephant,6,person,1,elephant
7518,1,elephant,0,dog,1,elephant,6,person,1,elephant
7519,1,elephant,1,elephant,1,elephant,6,person,1,elephant
7520,1,elephant,1,elephant,1,elephant,6,person,1,elephant
7521,1,elephant,1,elephant,1,elephant,6,person,1,elephant
7522,1,elephant,0,dog,1,elephant,6,person,1,elephant
7523,1,elephant,1,elephant,1,elephant,6,person,1,elephant
7524,1,elephant,0,dog,1,elephant,6,person,1,elephant
7525,1,elephant,1,elephant,1,elephant,6,person,1,elephant
7526,1,elephant,1,elephant,1,elephant,6,person,1,elephant
7527,1,elephant,1,elephant,1,elephant,6,person,1,elephant
7528,1,elephant,1,elephant,1,elephant,6,person,1,elephant
7529,1,elephant,2,giraffe,2,giraffe,6,person,2,giraffe
7530,1,elephant,2,giraffe,0,dog,6,person,1,elephant
7531,1,elephant,2,giraffe,0,dog,6,person,4,horse
7532,1,elephant,2,giraffe,6,person,6,person,1,elephant
7533,1,elephant,2,giraffe,1,elephant,6,person,4,horse
7534,1,elephant,0,dog,1,elephant,6,person,1,elephant
7535,1,elephant,1,elephant,1,elephant,6,person,1,elephant
7536,1,elephant,0,dog,6,person,6,person,1,elephant
7537,1,elephant,1,elephant,1,elephant,6,person,1,elephant
7538,1,elephant,0,dog,1,elephant,6,person,1,elephant
7539,1,elephant,1,elephant,6,person,6,person,1,elephant
7540,1,elephant,1,elephant,1,elephant,6,person,1,elephant
7541,1,elephant,0,dog,1,elephant,6,person,1,elephant
7542,1,elephant,0,dog,1,elephant,6,person,1,elephant
7543,1,elephant,0,dog,1,elephant,6,person,1,elephant
7544,1,elephant,4,horse,4,horse,6,person,1,elephant
7545,1,elephant,1,elephant,1,elephant,6,person,1,elephant
7546,1,elephant,0,dog,1,elephant,6,person,1,elephant
7547,1,elephant,1,elephant,1,elephant,6,person,1,elephant
7548,1,elephant,1,elephant,1,elephant,6,person,1,elephant
7549,1,elephant,4,horse,4,horse,6,person,0,dog
7550,1,elephant,1,elephant,1,elephant,6,person,1,elephant
7551,1,elephant,1,elephant,1,elephant,6,person,1,elephant
7552,1,elephant,4,horse,1,elephant,6,person,1,elephant
7553,1,elephant,0,dog,1,elephant,6,person,1,elephant
7554,1,elephant,1,elephant,1,elephant,6,person,1,elephant
7555,1,elephant,1,elephant,1,elephant,6,person,1,elephant
7556,1,elephant,1,elephant,1,elephant,6,person,1,elephant
7557,1,elephant,0,dog,6,person,6,person,1,elephant
7558,1,elephant,1,elephant,1,elephant,6,person,1,elephant
7559,1,elephant,0,dog,1,elephant,6,person,1,elephant
7560,1,elephant,1,elephant,1,elephant,6,person,1,elephant
7561,1,elephant,0,dog,1,elephant,6,person,1,elephant
7562,1,elephant,1,elephant,1,elephant,6,person,1,elephant
7563,1,elephant,0,dog,1,elephant,6,person,1,elephant
7564,1,elephant,1,elephant,1,elephant,6,person,1,elephant
7565,1,elephant,1,elephant,1,elephant,6,person,1,elephant
7566,1,elephant,1,elephant,1,elephant,6,person,1,elephant
7567,1,elephant,4,horse,1,elephant,6,person,1,elephant
7568,1,elephant,1,elephant,1,elephant,6,person,1,elephant
7569,1,elephant,1,elephant,1,elephant,6,person,1,elephant
7570,1,elephant,1,elephant,6,person,6,person,1,elephant
7571,1,elephant,1,elephant,1,elephant,6,person,1,elephant
7572,1,elephant,0,dog,1,elephant,6,person,1,elephant
7573,1,elephant,1,elephant,1,elephant,6,person,1,elephant
7574,2,giraffe,2,giraffe,2,giraffe,6,person,2,giraffe
7575,2,giraffe,2,giraffe,5,house,6,person,2,giraffe
7576,2,giraffe,2,giraffe,6,person,6,person,2,giraffe
7577,2,giraffe,2,giraffe,5,house,6,person,2,giraffe
7578,2,giraffe,2,giraffe,2,giraffe,6,person,2,giraffe
7579,2,giraffe,2,giraffe,2,giraffe,6,person,2,giraffe
7580,2,giraffe,2,giraffe,5,house,6,person,2,giraffe
7581,2,giraffe,2,giraffe,5,house,6,person,2,giraffe
7582,2,giraffe,2,giraffe,2,giraffe,6,person,2,giraffe
7583,2,giraffe,0,dog,5,house,6,person,6,person
7584,2,giraffe,1,elephant,5,house,6,person,1,elephant
7585,2,giraffe,2,giraffe,5,house,6,person,2,giraffe
7586,2,giraffe,2,giraffe,5,house,6,person,2,giraffe
7587,2,giraffe,2,giraffe,5,house,6,person,2,giraffe
7588,2,giraffe,2,giraffe,5,house,6,person,2,giraffe
7589,2,giraffe,2,giraffe,6,person,6,person,2,giraffe
7590,2,giraffe,2,giraffe,5,house,6,person,2,giraffe
7591,2,giraffe,2,giraffe,5,house,6,person,2,giraffe
7592,2,giraffe,2,giraffe,5,house,6,person,2,giraffe
7593,2,giraffe,2,giraffe,2,giraffe,6,person,2,giraffe
7594,2,giraffe,2,giraffe,5,house,6,person,2,giraffe
7595,2,giraffe,2,giraffe,6,person,6,person,2,giraffe
7596,2,giraffe,2,giraffe,5,house,6,person,2,giraffe
7597,2,giraffe,2,giraffe,2,giraffe,6,person,2,giraffe
7598,2,giraffe,2,giraffe,5,house,6,person,6,person
7599,2,giraffe,2,giraffe,2,giraffe,6,person,2,giraffe
7600,2,giraffe,2,giraffe,5,house,6,person,2,giraffe
7601,2,giraffe,2,giraffe,5,house,6,person,2,giraffe
7602,2,giraffe,0,dog,5,house,6,person,0,dog
7603,2,giraffe,2,giraffe,2,giraffe,6,person,2,giraffe
7604,2,giraffe,2,giraffe,5,house,6,person,2,giraffe
7605,2,giraffe,2,giraffe,2,giraffe,6,person,2,giraffe
7606,2,giraffe,2,giraffe,5,house,6,person,2,giraffe
7607,2,giraffe,2,giraffe,2,giraffe,6,person,2,giraffe
7608,2,giraffe,2,giraffe,5,house,6,person,2,giraffe
7609,2,giraffe,2,giraffe,5,house,6,person,2,giraffe
7610,2,giraffe,2,giraffe,5,house,6,person,1,elephant
7611,2,giraffe,2,giraffe,2,giraffe,6,person,2,giraffe
7612,2,giraffe,2,giraffe,5,house,6,person,2,giraffe
7613,2,giraffe,2,giraffe,6,person,6,person,2,giraffe
7614,2,giraffe,2,giraffe,5,house,6,person,2,giraffe
7615,2,giraffe,2,giraffe,5,house,6,person,2,giraffe
7616,2,giraffe,2,giraffe,5,house,6,person,2,giraffe
7617,2,giraffe,2,giraffe,5,house,6,person,2,giraffe
7618,2,giraffe,2,giraffe,2,giraffe,6,person,2,giraffe
7619,2,giraffe,2,giraffe,5,house,6,person,2,giraffe
7620,2,giraffe,0,dog,6,person,6,person,2,giraffe
7621,2,giraffe,2,giraffe,5,house,6,person,1,elephant
7622,2,giraffe,2,giraffe,5,house,6,person,6,person
7623,2,giraffe,2,giraffe,5,house,6,person,2,giraffe
7624,2,giraffe,2,giraffe,2,giraffe,6,person,2,giraffe
7625,2,giraffe,2,giraffe,2,giraffe,6,person,2,giraffe
7626,2,giraffe,2,giraffe,5,house,6,person,6,person
7627,2,giraffe,2,giraffe,5,house,6,person,2,giraffe
7628,2,giraffe,2,giraffe,5,house,6,person,2,giraffe
7629,2,giraffe,2,giraffe,2,giraffe,6,person,2,giraffe
7630,2,giraffe,2,giraffe,2,giraffe,6,person,2,giraffe
7631,2,giraffe,2,giraffe,5,house,6,person,2,giraffe
7632,2,giraffe,2,giraffe,6,person,6,person,2,giraffe
7633,2,giraffe,2,giraffe,5,house,6,person,2,giraffe
7634,2,giraffe,2,giraffe,5,house,6,person,2,giraffe
7635,2,giraffe,2,giraffe,5,house,6,person,2,giraffe
7636,2,giraffe,2,giraffe,5,house,6,person,2,giraffe
7637,2,giraffe,2,giraffe,2,giraffe,6,person,2,giraffe
7638,2,giraffe,2,giraffe,2,giraffe,6,person,2,giraffe
7639,2,giraffe,2,giraffe,2,giraffe,6,person,2,giraffe
7640,2,giraffe,2,giraffe,2,giraffe,6,person,2,giraffe
7641,2,giraffe,2,giraffe,5,house,6,person,2,giraffe
7642,2,giraffe,2,giraffe,5,house,6,person,2,giraffe
7643,2,giraffe,2,giraffe,5,house,6,person,2,giraffe
7644,2,giraffe,2,giraffe,5,house,6,person,2,giraffe
7645,2,giraffe,2,giraffe,5,house,6,person,2,giraffe
7646,2,giraffe,2,giraffe,5,house,6,person,1,elephant
7647,2,giraffe,2,giraffe,5,house,6,person,2,giraffe
7648,2,giraffe,2,giraffe,5,house,6,person,2,giraffe
7649,2,giraffe,2,giraffe,2,giraffe,6,person,2,giraffe
7650,2,giraffe,2,giraffe,6,person,6,person,2,giraffe
7651,2,giraffe,2,giraffe,5,house,6,person,2,giraffe
7652,2,giraffe,2,giraffe,5,house,6,person,2,giraffe
7653,2,giraffe,2,giraffe,6,person,6,person,2,giraffe
7654,2,giraffe,0,dog,2,giraffe,6,person,0,dog
7655,2,giraffe,2,giraffe,2,giraffe,6,person,6,person
7656,2,giraffe,2,giraffe,2,giraffe,6,person,0,dog
7657,2,giraffe,2,giraffe,2,giraffe,6,person,2,giraffe
7658,2,giraffe,2,giraffe,6,person,6,person,1,elephant
7659,2,giraffe,0,dog,2,giraffe,6,person,1,elephant
7660,2,giraffe,2,giraffe,0,dog,6,person,4,horse
7661,2,giraffe,0,dog,2,giraffe,6,person,2,giraffe
7662,2,giraffe,2,giraffe,0,dog,6,person,4,horse
7663,2,giraffe,2,giraffe,2,giraffe,6,person,4,horse
7664,2,giraffe,2,giraffe,2,giraffe,6,person,2,giraffe
7665,2,giraffe,2,giraffe,2,giraffe,6,person,1,elephant
7666,2,giraffe,2,giraffe,2,giraffe,6,person,0,dog
7667,2,giraffe,2,giraffe,2,giraffe,6,person,4,horse
7668,2,giraffe,0,dog,4,horse,6,person,0,dog
7669,2,giraffe,2,giraffe,2,giraffe,6,person,4,horse
7670,2,giraffe,2,giraffe,2,giraffe,6,person,2,giraffe
7671,2,giraffe,2,giraffe,2,giraffe,6,person,0,dog
7672,2,giraffe,2,giraffe,2,giraffe,6,person,2,giraffe
7673,2,giraffe,2,giraffe,2,giraffe,6,person,2,giraffe
7674,2,giraffe,2,giraffe,2,giraffe,6,person,4,horse
7675,2,giraffe,2,giraffe,2,giraffe,6,person,0,dog
7676,2,giraffe,2,giraffe,2,giraffe,6,person,0,dog
7677,2,giraffe,2,giraffe,0,dog,6,person,4,horse
7678,2,giraffe,2,giraffe,2,giraffe,6,person,2,giraffe
7679,2,giraffe,0,dog,0,dog,6,person,0,dog
7680,2,giraffe,2,giraffe,2,giraffe,6,person,0,dog
7681,2,giraffe,2,giraffe,2,giraffe,6,person,4,horse
7682,2,giraffe,2,giraffe,2,giraffe,6,person,2,giraffe
7683,2,giraffe,2,giraffe,2,giraffe,6,person,0,dog
7684,2,giraffe,2,giraffe,2,giraffe,6,person,2,giraffe
7685,2,giraffe,0,dog,6,person,6,person,0,dog
7686,2,giraffe,0,dog,2,giraffe,6,person,1,elephant
7687,2,giraffe,2,giraffe,2,giraffe,6,person,2,giraffe
7688,2,giraffe,2,giraffe,6,person,6,person,2,giraffe
7689,2,giraffe,2,giraffe,6,person,6,person,2,giraffe
7690,2,giraffe,2,giraffe,2,giraffe,6,person,2,giraffe
7691,2,giraffe,2,giraffe,6,person,6,person,2,giraffe
7692,2,giraffe,2,giraffe,2,giraffe,6,person,2,giraffe
7693,2,giraffe,2,giraffe,2,giraffe,2,giraffe,2,giraffe
7694,2,giraffe,0,dog,2,giraffe,6,person,0,dog
7695,2,giraffe,2,giraffe,2,giraffe,6,person,2,giraffe
7696,2,giraffe,4,horse,4,horse,6,person,4,horse
7697,2,giraffe,2,giraffe,2,giraffe,6,person,2,giraffe
7698,2,giraffe,2,giraffe,4,horse,6,person,4,horse
7699,2,giraffe,2,giraffe,4,horse,6,person,4,horse
7700,2,giraffe,0,dog,1,elephant,6,person,1,elephant
7701,2,giraffe,4,horse,2,giraffe,6,person,6,person
7702,2,giraffe,4,horse,2,giraffe,6,person,2,giraffe
7703,2,giraffe,0,dog,2,giraffe,6,person,1,elephant
7704,2,giraffe,2,giraffe,2,giraffe,6,person,6,person
7705,2,giraffe,2,giraffe,0,dog,6,person,2,giraffe
7706,2,giraffe,2,giraffe,0,dog,6,person,0,dog
7707,2,giraffe,4,horse,0,dog,6,person,4,horse
7708,2,giraffe,2,giraffe,2,giraffe,6,person,0,dog
7709,2,giraffe,2,giraffe,0,dog,6,person,4,horse
7710,2,giraffe,2,giraffe,2,giraffe,6,person,2,giraffe
7711,2,giraffe,2,giraffe,2,giraffe,6,person,2,giraffe
7712,2,giraffe,2,giraffe,6,person,6,person,0,dog
7713,2,giraffe,2,giraffe,2,giraffe,6,person,2,giraffe
7714,2,giraffe,2,giraffe,2,giraffe,6,person,2,giraffe
7715,2,giraffe,2,giraffe,6,person,6,person,2,giraffe
7716,2,giraffe,2,giraffe,6,person,6,person,2,giraffe
7717,2,giraffe,2,giraffe,2,giraffe,2,giraffe,2,giraffe
7718,2,giraffe,2,giraffe,0,dog,6,person,4,horse
7719,2,giraffe,4,horse,4,horse,6,person,4,horse
7720,2,giraffe,2,giraffe,0,dog,6,person,4,horse
7721,2,giraffe,2,giraffe,2,giraffe,6,person,0,dog
7722,2,giraffe,2,giraffe,2,giraffe,6,person,2,giraffe
7723,2,giraffe,2,giraffe,2,giraffe,6,person,2,giraffe
7724,2,giraffe,2,giraffe,0,dog,6,person,4,horse
7725,2,giraffe,2,giraffe,6,person,6,person,2,giraffe
7726,2,giraffe,2,giraffe,6,person,6,person,2,giraffe
7727,2,giraffe,2,giraffe,6,person,6,person,4,horse
7728,2,giraffe,2,giraffe,2,giraffe,6,person,2,giraffe
7729,2,giraffe,2,giraffe,2,giraffe,6,person,2,giraffe
7730,2,giraffe,2,giraffe,2,giraffe,6,person,2,giraffe
7731,2,giraffe,2,giraffe,2,giraffe,6,person,2,giraffe
7732,2,giraffe,2,giraffe,6,person,6,person,6,person
7733,2,giraffe,2,giraffe,2,giraffe,6,person,4,horse
7734,2,giraffe,2,giraffe,2,giraffe,6,person,2,giraffe
7735,2,giraffe,2,giraffe,6,person,6,person,4,horse
7736,2,giraffe,2,giraffe,0,dog,6,person,4,horse
7737,2,giraffe,2,giraffe,6,person,6,person,4,horse
7738,2,giraffe,2,giraffe,2,giraffe,6,person,2,giraffe
7739,2,giraffe,2,giraffe,2,giraffe,6,person,2,giraffe
7740,2,giraffe,2,giraffe,2,giraffe,6,person,2,giraffe
7741,2,giraffe,2,giraffe,2,giraffe,6,person,2,giraffe
7742,2,giraffe,2,giraffe,2,giraffe,6,person,2,giraffe
7743,2,giraffe,2,giraffe,2,giraffe,6,person,2,giraffe
7744,2,giraffe,2,giraffe,6,person,6,person,2,giraffe
7745,2,giraffe,2,giraffe,0,dog,6,person,1,elephant
7746,2,giraffe,2,giraffe,2,giraffe,6,person,2,giraffe
7747,2,giraffe,2,giraffe,0,dog,6,person,0,dog
7748,2,giraffe,4,horse,0,dog,6,person,4,horse
7749,2,giraffe,2,giraffe,0,dog,6,person,4,horse
7750,2,giraffe,2,giraffe,0,dog,6,person,0,dog
7751,2,giraffe,3,guitar,2,giraffe,6,person,0,dog
7752,2,giraffe,2,giraffe,4,horse,6,person,4,horse
7753,2,giraffe,2,giraffe,4,horse,6,person,4,horse
7754,2,giraffe,2,giraffe,2,giraffe,6,person,4,horse
7755,2,giraffe,2,giraffe,2,giraffe,6,person,4,horse
7756,2,giraffe,2,giraffe,2,giraffe,6,person,2,giraffe
7757,2,giraffe,4,horse,2,giraffe,6,person,4,horse
7758,2,giraffe,2,giraffe,6,person,6,person,6,person
7759,2,giraffe,2,giraffe,2,giraffe,6,person,4,horse
7760,2,giraffe,2,giraffe,2,giraffe,6,person,4,horse
7761,2,giraffe,2,giraffe,1,elephant,6,person,2,giraffe
7762,2,giraffe,2,giraffe,6,person,6,person,1,elephant
7763,2,giraffe,2,giraffe,2,giraffe,6,person,2,giraffe
7764,2,giraffe,2,giraffe,2,giraffe,6,person,0,dog
7765,2,giraffe,2,giraffe,2,giraffe,6,person,4,horse
7766,2,giraffe,2,giraffe,2,giraffe,6,person,1,elephant
7767,2,giraffe,2,giraffe,2,giraffe,6,person,4,horse
7768,2,giraffe,2,giraffe,2,giraffe,6,person,0,dog
7769,2,giraffe,2,giraffe,2,giraffe,6,person,4,horse
7770,2,giraffe,2,giraffe,6,person,6,person,6,person
7771,2,giraffe,2,giraffe,2,giraffe,6,person,4,horse
7772,2,giraffe,2,giraffe,2,giraffe,6,person,3,guitar
7773,2,giraffe,2,giraffe,2,giraffe,6,person,2,giraffe
7774,2,giraffe,2,giraffe,2,giraffe,6,person,2,giraffe
7775,2,giraffe,2,giraffe,6,person,6,person,2,giraffe
7776,2,giraffe,2,giraffe,2,giraffe,6,person,2,giraffe
7777,2,giraffe,2,giraffe,6,person,6,person,2,giraffe
7778,2,giraffe,2,giraffe,2,giraffe,6,person,2,giraffe
7779,2,giraffe,2,giraffe,6,person,6,person,2,giraffe
7780,2,giraffe,2,giraffe,2,giraffe,6,person,2,giraffe
7781,2,giraffe,2,giraffe,2,giraffe,6,person,2,giraffe
7782,2,giraffe,2,giraffe,6,person,6,person,2,giraffe
7783,2,giraffe,2,giraffe,6,person,6,person,2,giraffe
7784,2,giraffe,2,giraffe,6,person,6,person,2,giraffe
7785,2,giraffe,2,giraffe,2,giraffe,6,person,2,giraffe
7786,2,giraffe,2,giraffe,2,giraffe,6,person,2,giraffe
7787,2,giraffe,1,elephant,1,elephant,6,person,1,elephant
7788,2,giraffe,2,giraffe,2,giraffe,6,person,2,giraffe
7789,2,giraffe,2,giraffe,0,dog,6,person,1,elephant
7790,2,giraffe,2,giraffe,2,giraffe,6,person,2,giraffe
7791,2,giraffe,2,giraffe,2,giraffe,6,person,2,giraffe
7792,2,giraffe,2,giraffe,2,giraffe,6,person,2,giraffe
7793,2,giraffe,2,giraffe,4,horse,6,person,4,horse
7794,2,giraffe,2,giraffe,2,giraffe,6,person,2,giraffe
7795,2,giraffe,4,horse,6,person,6,person,2,giraffe
7796,2,giraffe,2,giraffe,4,horse,6,person,4,horse
7797,2,giraffe,2,giraffe,2,giraffe,6,person,0,dog
7798,2,giraffe,2,giraffe,2,giraffe,6,person,4,horse
7799,2,giraffe,2,giraffe,2,giraffe,6,person,2,giraffe
7800,2,giraffe,2,giraffe,2,giraffe,6,person,2,giraffe
7801,2,giraffe,2,giraffe,2,giraffe,6,person,2,giraffe
7802,2,giraffe,2,giraffe,2,giraffe,6,person,2,giraffe
7803,2,giraffe,2,giraffe,2,giraffe,6,person,2,giraffe
7804,2,giraffe,2,giraffe,2,giraffe,6,person,2,giraffe
7805,2,giraffe,2,giraffe,2,giraffe,6,person,2,giraffe
7806,2,giraffe,2,giraffe,2,giraffe,6,person,2,giraffe
7807,2,giraffe,2,giraffe,2,giraffe,6,person,2,giraffe
7808,2,giraffe,2,giraffe,2,giraffe,6,person,0,dog
7809,2,giraffe,2,giraffe,0,dog,6,person,4,horse
7810,2,giraffe,0,dog,6,person,6,person,6,person
7811,2,giraffe,2,giraffe,2,giraffe,6,person,2,giraffe
7812,2,giraffe,2,giraffe,6,person,6,person,0,dog
7813,2,giraffe,0,dog,6,person,6,person,4,horse
7814,2,giraffe,2,giraffe,2,giraffe,6,person,0,dog
7815,2,giraffe,2,giraffe,6,person,6,person,0,dog
7816,2,giraffe,0,dog,0,dog,6,person,1,elephant
7817,2,giraffe,2,giraffe,0,dog,6,person,0,dog
7818,2,giraffe,2,giraffe,2,giraffe,6,person,2,giraffe
7819,2,giraffe,2,giraffe,0,dog,6,person,0,dog
7820,2,giraffe,2,giraffe,2,giraffe,6,person,0,dog
7821,2,giraffe,2,giraffe,2,giraffe,6,person,0,dog
7822,2,giraffe,2,giraffe,6,person,6,person,2,giraffe
7823,2,giraffe,2,giraffe,6,person,6,person,2,giraffe
7824,2,giraffe,2,giraffe,6,person,6,person,2,giraffe
7825,2,giraffe,2,giraffe,6,person,6,person,2,giraffe
7826,2,giraffe,2,giraffe,6,person,6,person,2,giraffe
7827,2,giraffe,2,giraffe,2,giraffe,6,person,2,giraffe
7828,2,giraffe,2,giraffe,6,person,6,person,2,giraffe
7829,2,giraffe,2,giraffe,6,person,6,person,2,giraffe
7830,2,giraffe,2,giraffe,6,person,6,person,2,giraffe
7831,2,giraffe,2,giraffe,2,giraffe,6,person,2,giraffe
7832,2,giraffe,2,giraffe,2,giraffe,6,person,2,giraffe
7833,2,giraffe,2,giraffe,6,person,6,person,2,giraffe
7834,2,giraffe,2,giraffe,6,person,6,person,2,giraffe
7835,2,giraffe,1,elephant,0,dog,6,person,1,elephant
7836,2,giraffe,2,giraffe,2,giraffe,6,person,0,dog
7837,2,giraffe,2,giraffe,6,person,6,person,2,giraffe
7838,2,giraffe,2,giraffe,2,giraffe,6,person,2,giraffe
7839,2,giraffe,2,giraffe,2,giraffe,6,person,4,horse
7840,2,giraffe,2,giraffe,2,giraffe,6,person,2,giraffe
7841,2,giraffe,0,dog,6,person,6,person,1,elephant
7842,2,giraffe,2,giraffe,2,giraffe,6,person,4,horse
7843,2,giraffe,2,giraffe,2,giraffe,6,person,2,giraffe
7844,2,giraffe,2,giraffe,2,giraffe,6,person,0,dog
7845,2,giraffe,2,giraffe,6,person,6,person,2,giraffe
7846,2,giraffe,2,giraffe,6,person,6,person,2,giraffe
7847,2,giraffe,2,giraffe,2,giraffe,6,person,2,giraffe
7848,2,giraffe,2,giraffe,2,giraffe,6,person,2,giraffe
7849,2,giraffe,2,giraffe,6,person,6,person,2,giraffe
7850,2,giraffe,2,giraffe,6,person,6,person,2,giraffe
7851,2,giraffe,2,giraffe,6,person,6,person,2,giraffe
7852,2,giraffe,0,dog,2,giraffe,6,person,6,person
7853,2,giraffe,2,giraffe,6,person,6,person,2,giraffe
7854,2,giraffe,2,giraffe,6,person,6,person,2,giraffe
7855,2,giraffe,2,giraffe,6,person,6,person,2,giraffe
7856,2,giraffe,2,giraffe,6,person,6,person,2,giraffe
7857,2,giraffe,2,giraffe,2,giraffe,6,person,2,giraffe
7858,2,giraffe,2,giraffe,2,giraffe,6,person,2,giraffe
7859,2,giraffe,2,giraffe,6,person,6,person,2,giraffe
7860,2,giraffe,2,giraffe,2,giraffe,6,person,2,giraffe
7861,2,giraffe,2,giraffe,2,giraffe,6,person,2,giraffe
7862,2,giraffe,2,giraffe,6,person,6,person,4,horse
7863,2,giraffe,2,giraffe,2,giraffe,6,person,2,giraffe
7864,2,giraffe,2,giraffe,2,giraffe,6,person,2,giraffe
7865,2,giraffe,2,giraffe,2,giraffe,6,person,2,giraffe
7866,2,giraffe,2,giraffe,2,giraffe,6,person,2,giraffe
7867,2,giraffe,2,giraffe,0,dog,6,person,0,dog
7868,2,giraffe,2,giraffe,0,dog,6,person,0,dog
7869,2,giraffe,2,giraffe,2,giraffe,6,person,1,elephant
7870,2,giraffe,2,giraffe,2,giraffe,6,person,2,giraffe
7871,2,giraffe,0,dog,6,person,6,person,1,elephant
7872,2,giraffe,2,giraffe,6,person,6,person,2,giraffe
7873,2,giraffe,2,giraffe,2,giraffe,6,person,4,horse
7874,2,giraffe,2,giraffe,2,giraffe,6,person,2,giraffe
7875,2,giraffe,2,giraffe,2,giraffe,6,person,2,giraffe
7876,2,giraffe,2,giraffe,2,giraffe,6,person,2,giraffe
7877,2,giraffe,2,giraffe,6,person,6,person,2,giraffe
7878,2,giraffe,2,giraffe,2,giraffe,6,person,2,giraffe
7879,2,giraffe,2,giraffe,6,person,6,person,2,giraffe
7880,2,giraffe,2,giraffe,6,person,6,person,2,giraffe
7881,2,giraffe,2,giraffe,2,giraffe,6,person,2,giraffe
7882,2,giraffe,2,giraffe,6,person,6,person,2,giraffe
7883,2,giraffe,2,giraffe,2,giraffe,6,person,2,giraffe
7884,2,giraffe,2,giraffe,2,giraffe,6,person,2,giraffe
7885,2,giraffe,2,giraffe,2,giraffe,6,person,2,giraffe
7886,2,giraffe,2,giraffe,2,giraffe,6,person,2,giraffe
7887,2,giraffe,2,giraffe,2,giraffe,6,person,2,giraffe
7888,2,giraffe,2,giraffe,6,person,6,person,2,giraffe
7889,2,giraffe,2,giraffe,2,giraffe,6,person,2,giraffe
7890,2,giraffe,2,giraffe,2,giraffe,6,person,2,giraffe
7891,2,giraffe,2,giraffe,6,person,6,person,6,person
7892,2,giraffe,2,giraffe,2,giraffe,6,person,0,dog
7893,2,giraffe,0,dog,2,giraffe,6,person,0,dog
7894,2,giraffe,2,giraffe,2,giraffe,6,person,0,dog
7895,2,giraffe,2,giraffe,2,giraffe,6,person,2,giraffe
7896,2,giraffe,2,giraffe,6,person,6,person,2,giraffe
7897,2,giraffe,0,dog,6,person,6,person,1,elephant
7898,2,giraffe,2,giraffe,4,horse,6,person,4,horse
7899,2,giraffe,2,giraffe,2,giraffe,6,person,2,giraffe
7900,2,giraffe,4,horse,6,person,6,person,4,horse
7901,2,giraffe,0,dog,4,horse,6,person,1,elephant
7902,2,giraffe,0,dog,6,person,6,person,2,giraffe
7903,2,giraffe,2,giraffe,6,person,6,person,6,person
7904,2,giraffe,2,giraffe,6,person,6,person,2,giraffe
7905,2,giraffe,0,dog,6,person,6,person,2,giraffe
7906,2,giraffe,2,giraffe,2,giraffe,6,person,2,giraffe
7907,2,giraffe,2,giraffe,2,giraffe,6,person,1,elephant
7908,2,giraffe,0,dog,2,giraffe,6,person,0,dog
7909,2,giraffe,2,giraffe,2,giraffe,6,person,2,giraffe
7910,2,giraffe,2,giraffe,2,giraffe,6,person,2,giraffe
7911,2,giraffe,2,giraffe,2,giraffe,6,person,2,giraffe
7912,2,giraffe,2,giraffe,2,giraffe,6,person,2,giraffe
7913,2,giraffe,2,giraffe,2,giraffe,6,person,2,giraffe
7914,2,giraffe,2,giraffe,6,person,6,person,2,giraffe
7915,2,giraffe,2,giraffe,6,person,6,person,2,giraffe
7916,2,giraffe,2,giraffe,2,giraffe,6,person,2,giraffe
7917,2,giraffe,2,giraffe,2,giraffe,6,person,2,giraffe
7918,2,giraffe,2,giraffe,2,giraffe,6,person,2,giraffe
7919,2,giraffe,2,giraffe,6,person,6,person,2,giraffe
7920,2,giraffe,2,giraffe,6,person,6,person,2,giraffe
7921,2,giraffe,2,giraffe,6,person,6,person,2,giraffe
7922,2,giraffe,2,giraffe,6,person,6,person,4,horse
7923,2,giraffe,2,giraffe,2,giraffe,6,person,2,giraffe
7924,2,giraffe,2,giraffe,6,person,6,person,4,horse
7925,2,giraffe,2,giraffe,6,person,6,person,2,giraffe
7926,2,giraffe,2,giraffe,2,giraffe,6,person,2,giraffe
7927,2,giraffe,4,horse,6,person,6,person,4,horse
7928,2,giraffe,2,giraffe,2,giraffe,6,person,2,giraffe
7929,2,giraffe,2,giraffe,6,person,6,person,2,giraffe
7930,2,giraffe,2,giraffe,2,giraffe,6,person,2,giraffe
7931,2,giraffe,2,giraffe,2,giraffe,6,person,2,giraffe
7932,2,giraffe,2,giraffe,0,dog,6,person,4,horse
7933,2,giraffe,2,giraffe,0,dog,6,person,4,horse
7934,2,giraffe,0,dog,2,giraffe,6,person,2,giraffe
7935,2,giraffe,2,giraffe,6,person,6,person,4,horse
7936,2,giraffe,0,dog,0,dog,6,person,0,dog
7937,2,giraffe,2,giraffe,2,giraffe,6,person,4,horse
7938,2,giraffe,2,giraffe,6,person,6,person,2,giraffe
7939,2,giraffe,2,giraffe,2,giraffe,6,person,2,giraffe
7940,2,giraffe,2,giraffe,6,person,6,person,2,giraffe
7941,2,giraffe,2,giraffe,2,giraffe,2,giraffe,2,giraffe
7942,2,giraffe,2,giraffe,2,giraffe,6,person,2,giraffe
7943,2,giraffe,2,giraffe,6,person,6,person,2,giraffe
7944,2,giraffe,2,giraffe,2,giraffe,6,person,2,giraffe
7945,2,giraffe,2,giraffe,6,person,6,person,2,giraffe
7946,2,giraffe,2,giraffe,2,giraffe,6,person,2,giraffe
7947,2,giraffe,2,giraffe,2,giraffe,6,person,2,giraffe
7948,2,giraffe,2,giraffe,6,person,6,person,2,giraffe
7949,2,giraffe,2,giraffe,2,giraffe,6,person,2,giraffe
7950,2,giraffe,2,giraffe,2,giraffe,6,person,2,giraffe
7951,2,giraffe,2,giraffe,6,person,6,person,4,horse
7952,2,giraffe,2,giraffe,2,giraffe,6,person,2,giraffe
7953,2,giraffe,2,giraffe,2,giraffe,6,person,4,horse
7954,2,giraffe,2,giraffe,2,giraffe,6,person,2,giraffe
7955,2,giraffe,2,giraffe,2,giraffe,6,person,2,giraffe
7956,2,giraffe,2,giraffe,2,giraffe,6,person,2,giraffe
7957,2,giraffe,2,giraffe,6,person,6,person,2,giraffe
7958,2,giraffe,2,giraffe,6,person,6,person,2,giraffe
7959,2,giraffe,2,giraffe,2,giraffe,6,person,2,giraffe
7960,2,giraffe,2,giraffe,2,giraffe,6,person,2,giraffe
7961,2,giraffe,2,giraffe,6,person,6,person,2,giraffe
7962,2,giraffe,2,giraffe,6,person,6,person,2,giraffe
7963,2,giraffe,2,giraffe,6,person,6,person,2,giraffe
7964,2,giraffe,4,horse,4,horse,6,person,4,horse
7965,2,giraffe,2,giraffe,2,giraffe,6,person,2,giraffe
7966,2,giraffe,2,giraffe,2,giraffe,6,person,2,giraffe
7967,2,giraffe,2,giraffe,2,giraffe,6,person,2,giraffe
7968,2,giraffe,0,dog,6,person,6,person,2,giraffe
7969,2,giraffe,2,giraffe,2,giraffe,6,person,2,giraffe
7970,2,giraffe,2,giraffe,6,person,6,person,2,giraffe
7971,2,giraffe,2,giraffe,0,dog,6,person,3,guitar
7972,2,giraffe,0,dog,2,giraffe,6,person,2,giraffe
7973,2,giraffe,2,giraffe,0,dog,6,person,6,person
7974,2,giraffe,2,giraffe,0,dog,6,person,0,dog
7975,2,giraffe,0,dog,6,person,6,person,6,person
7976,2,giraffe,2,giraffe,2,giraffe,6,person,2,giraffe
7977,2,giraffe,2,giraffe,2,giraffe,6,person,2,giraffe
7978,2,giraffe,2,giraffe,2,giraffe,6,person,2,giraffe
7979,2,giraffe,2,giraffe,2,giraffe,6,person,2,giraffe
7980,2,giraffe,2,giraffe,2,giraffe,6,person,2,giraffe
7981,2,giraffe,2,giraffe,2,giraffe,6,person,2,giraffe
7982,2,giraffe,2,giraffe,2,giraffe,6,person,2,giraffe
7983,2,giraffe,2,giraffe,2,giraffe,6,person,2,giraffe
7984,2,giraffe,2,giraffe,6,person,6,person,4,horse
7985,2,giraffe,2,giraffe,6,person,6,person,2,giraffe
7986,2,giraffe,2,giraffe,1,elephant,6,person,4,horse
7987,2,giraffe,2,giraffe,6,person,6,person,2,giraffe
7988,2,giraffe,2,giraffe,6,person,6,person,2,giraffe
7989,2,giraffe,2,giraffe,2,giraffe,6,person,2,giraffe
7990,2,giraffe,2,giraffe,6,person,6,person,2,giraffe
7991,2,giraffe,2,giraffe,2,giraffe,6,person,2,giraffe
7992,2,giraffe,2,giraffe,6,person,6,person,1,elephant
7993,2,giraffe,2,giraffe,2,giraffe,6,person,2,giraffe
7994,2,giraffe,2,giraffe,2,giraffe,6,person,1,elephant
7995,2,giraffe,2,giraffe,2,giraffe,6,person,1,elephant
7996,2,giraffe,2,giraffe,2,giraffe,6,person,2,giraffe
7997,2,giraffe,2,giraffe,2,giraffe,6,person,1,elephant
7998,2,giraffe,2,giraffe,2,giraffe,6,person,2,giraffe
7999,2,giraffe,2,giraffe,2,giraffe,6,person,1,elephant
8000,2,giraffe,2,giraffe,2,giraffe,6,person,4,horse
8001,2,giraffe,2,giraffe,2,giraffe,6,person,4,horse
8002,2,giraffe,1,elephant,4,horse,6,person,1,elephant
8003,2,giraffe,2,giraffe,0,dog,6,person,0,dog
8004,2,giraffe,2,giraffe,6,person,6,person,4,horse
8005,2,giraffe,2,giraffe,2,giraffe,6,person,2,giraffe
8006,2,giraffe,2,giraffe,4,horse,6,person,4,horse
8007,2,giraffe,2,giraffe,2,giraffe,6,person,0,dog
8008,2,giraffe,2,giraffe,2,giraffe,6,person,2,giraffe
8009,2,giraffe,2,giraffe,2,giraffe,6,person,2,giraffe
8010,2,giraffe,1,elephant,1,elephant,6,person,1,elephant
8011,2,giraffe,1,elephant,1,elephant,6,person,1,elephant
8012,2,giraffe,2,giraffe,0,dog,6,person,4,horse
8013,2,giraffe,0,dog,6,person,6,person,0,dog
8014,2,giraffe,2,giraffe,2,giraffe,6,person,2,giraffe
8015,2,giraffe,0,dog,6,person,6,person,1,elephant
8016,2,giraffe,2,giraffe,0,dog,6,person,4,horse
8017,2,giraffe,2,giraffe,2,giraffe,6,person,2,giraffe
8018,2,giraffe,2,giraffe,6,person,6,person,2,giraffe
8019,2,giraffe,2,giraffe,6,person,6,person,2,giraffe
8020,2,giraffe,2,giraffe,2,giraffe,6,person,2,giraffe
8021,2,giraffe,2,giraffe,6,person,6,person,2,giraffe
8022,2,giraffe,2,giraffe,2,giraffe,6,person,2,giraffe
8023,2,giraffe,2,giraffe,6,person,6,person,2,giraffe
8024,2,giraffe,2,giraffe,6,person,6,person,2,giraffe
8025,2,giraffe,2,giraffe,2,giraffe,6,person,2,giraffe
8026,2,giraffe,2,giraffe,6,person,6,person,2,giraffe
8027,2,giraffe,2,giraffe,6,person,6,person,2,giraffe
8028,2,giraffe,2,giraffe,6,person,6,person,2,giraffe
8029,2,giraffe,2,giraffe,6,person,6,person,2,giraffe
8030,2,giraffe,2,giraffe,2,giraffe,6,person,2,giraffe
8031,2,giraffe,2,giraffe,6,person,6,person,1,elephant
8032,2,giraffe,2,giraffe,6,person,6,person,2,giraffe
8033,2,giraffe,2,giraffe,6,person,6,person,2,giraffe
8034,2,giraffe,2,giraffe,2,giraffe,6,person,1,elephant
8035,2,giraffe,0,dog,2,giraffe,6,person,2,giraffe
8036,2,giraffe,4,horse,6,person,6,person,4,horse
8037,2,giraffe,0,dog,6,person,6,person,4,horse
8038,2,giraffe,2,giraffe,2,giraffe,6,person,2,giraffe
8039,2,giraffe,0,dog,2,giraffe,6,person,1,elephant
8040,2,giraffe,2,giraffe,6,person,6,person,2,giraffe
8041,2,giraffe,2,giraffe,2,giraffe,6,person,2,giraffe
8042,2,giraffe,2,giraffe,2,giraffe,6,person,2,giraffe
8043,2,giraffe,2,giraffe,2,giraffe,6,person,2,giraffe
8044,2,giraffe,2,giraffe,6,person,6,person,2,giraffe
8045,2,giraffe,2,giraffe,2,giraffe,6,person,2,giraffe
8046,2,giraffe,2,giraffe,2,giraffe,2,giraffe,2,giraffe
8047,2,giraffe,2,giraffe,2,giraffe,2,giraffe,2,giraffe
8048,2,giraffe,2,giraffe,2,giraffe,6,person,2,giraffe
8049,2,giraffe,2,giraffe,2,giraffe,6,person,2,giraffe
8050,2,giraffe,2,giraffe,2,giraffe,6,person,2,giraffe
8051,2,giraffe,2,giraffe,6,person,6,person,2,giraffe
8052,2,giraffe,2,giraffe,2,giraffe,6,person,2,giraffe
8053,2,giraffe,2,giraffe,2,giraffe,6,person,2,giraffe
8054,2,giraffe,2,giraffe,2,giraffe,6,person,4,horse
8055,2,giraffe,2,giraffe,2,giraffe,6,person,2,giraffe
8056,2,giraffe,2,giraffe,2,giraffe,6,person,4,horse
8057,2,giraffe,2,giraffe,2,giraffe,6,person,4,horse
8058,2,giraffe,2,giraffe,2,giraffe,6,person,2,giraffe
8059,2,giraffe,2,giraffe,2,giraffe,6,person,1,elephant
8060,2,giraffe,2,giraffe,6,person,6,person,4,horse
8061,2,giraffe,2,giraffe,6,person,6,person,1,elephant
8062,2,giraffe,2,giraffe,2,giraffe,6,person,4,horse
8063,2,giraffe,2,giraffe,2,giraffe,6,person,0,dog
8064,2,giraffe,2,giraffe,2,giraffe,6,person,2,giraffe
8065,2,giraffe,0,dog,6,person,6,person,4,horse
8066,2,giraffe,2,giraffe,2,giraffe,6,person,2,giraffe
8067,2,giraffe,2,giraffe,2,giraffe,6,person,2,giraffe
8068,2,giraffe,2,giraffe,6,person,6,person,1,elephant
8069,2,giraffe,2,giraffe,6,person,6,person,0,dog
8070,2,giraffe,2,giraffe,2,giraffe,6,person,2,giraffe
8071,2,giraffe,2,giraffe,2,giraffe,6,person,2,giraffe
8072,2,giraffe,2,giraffe,6,person,6,person,2,giraffe
8073,2,giraffe,2,giraffe,2,giraffe,6,person,2,giraffe
8074,2,giraffe,2,giraffe,2,giraffe,6,person,2,giraffe
8075,2,giraffe,2,giraffe,6,person,6,person,2,giraffe
8076,2,giraffe,2,giraffe,2,giraffe,6,person,2,giraffe
8077,2,giraffe,2,giraffe,2,giraffe,6,person,2,giraffe
8078,2,giraffe,2,giraffe,2,giraffe,6,person,2,giraffe
8079,2,giraffe,2,giraffe,2,giraffe,6,person,2,giraffe
8080,2,giraffe,2,giraffe,2,giraffe,6,person,2,giraffe
8081,2,giraffe,2,giraffe,2,giraffe,6,person,2,giraffe
8082,2,giraffe,2,giraffe,2,giraffe,6,person,2,giraffe
8083,2,giraffe,2,giraffe,2,giraffe,6,person,2,giraffe
8084,2,giraffe,2,giraffe,2,giraffe,6,person,4,horse
8085,2,giraffe,0,dog,0,dog,6,person,4,horse
8086,2,giraffe,2,giraffe,6,person,6,person,2,giraffe
8087,2,giraffe,2,giraffe,6,person,6,person,2,giraffe
8088,2,giraffe,2,giraffe,2,giraffe,6,person,2,giraffe
8089,2,giraffe,2,giraffe,2,giraffe,6,person,2,giraffe
8090,2,giraffe,2,giraffe,2,giraffe,6,person,2,giraffe
8091,2,giraffe,2,giraffe,2,giraffe,6,person,2,giraffe
8092,2,giraffe,2,giraffe,0,dog,6,person,4,horse
8093,2,giraffe,2,giraffe,6,person,6,person,4,horse
8094,2,giraffe,2,giraffe,0,dog,6,person,4,horse
8095,2,giraffe,0,dog,6,person,6,person,2,giraffe
8096,2,giraffe,2,giraffe,6,person,6,person,2,giraffe
8097,2,giraffe,2,giraffe,6,person,6,person,2,giraffe
8098,2,giraffe,2,giraffe,2,giraffe,6,person,2,giraffe
8099,2,giraffe,0,dog,6,person,6,person,2,giraffe
8100,2,giraffe,2,giraffe,6,person,6,person,2,giraffe
8101,2,giraffe,2,giraffe,2,giraffe,6,person,2,giraffe
8102,2,giraffe,2,giraffe,2,giraffe,6,person,2,giraffe
8103,2,giraffe,2,giraffe,2,giraffe,6,person,2,giraffe
8104,2,giraffe,2,giraffe,6,person,6,person,2,giraffe
8105,2,giraffe,2,giraffe,2,giraffe,6,person,2,giraffe
8106,2,giraffe,2,giraffe,2,giraffe,6,person,2,giraffe
8107,2,giraffe,2,giraffe,2,giraffe,6,person,2,giraffe
8108,2,giraffe,2,giraffe,6,person,6,person,2,giraffe
8109,2,giraffe,2,giraffe,2,giraffe,6,person,2,giraffe
8110,2,giraffe,2,giraffe,2,giraffe,6,person,2,giraffe
8111,2,giraffe,2,giraffe,6,person,6,person,2,giraffe
8112,2,giraffe,2,giraffe,6,person,6,person,2,giraffe
8113,2,giraffe,2,giraffe,2,giraffe,6,person,2,giraffe
8114,2,giraffe,2,giraffe,6,person,6,person,2,giraffe
8115,2,giraffe,2,giraffe,6,person,6,person,2,giraffe
8116,2,giraffe,2,giraffe,6,person,6,person,2,giraffe
8117,2,giraffe,2,giraffe,6,person,6,person,2,giraffe
8118,2,giraffe,2,giraffe,2,giraffe,6,person,2,giraffe
8119,2,giraffe,2,giraffe,6,person,6,person,2,giraffe
8120,2,giraffe,2,giraffe,6,person,6,person,2,giraffe
8121,2,giraffe,2,giraffe,2,giraffe,6,person,2,giraffe
8122,2,giraffe,2,giraffe,2,giraffe,6,person,2,giraffe
8123,2,giraffe,2,giraffe,2,giraffe,6,person,2,giraffe
8124,2,giraffe,2,giraffe,2,giraffe,6,person,0,dog
8125,2,giraffe,2,giraffe,2,giraffe,6,person,2,giraffe
8126,2,giraffe,2,giraffe,6,person,6,person,2,giraffe
8127,2,giraffe,2,giraffe,2,giraffe,6,person,2,giraffe
8128,2,giraffe,2,giraffe,2,giraffe,6,person,2,giraffe
8129,2,giraffe,2,giraffe,2,giraffe,6,person,2,giraffe
8130,2,giraffe,2,giraffe,6,person,6,person,4,horse
8131,2,giraffe,2,giraffe,6,person,6,person,2,giraffe
8132,2,giraffe,2,giraffe,2,giraffe,6,person,2,giraffe
8133,2,giraffe,2,giraffe,6,person,6,person,2,giraffe
8134,2,giraffe,2,giraffe,6,person,6,person,2,giraffe
8135,2,giraffe,2,giraffe,6,person,6,person,2,giraffe
8136,2,giraffe,2,giraffe,2,giraffe,6,person,2,giraffe
8137,2,giraffe,2,giraffe,6,person,6,person,2,giraffe
8138,2,giraffe,2,giraffe,6,person,6,person,2,giraffe
8139,2,giraffe,2,giraffe,2,giraffe,6,person,2,giraffe
8140,2,giraffe,2,giraffe,6,person,6,person,2,giraffe
8141,2,giraffe,2,giraffe,2,giraffe,6,person,2,giraffe
8142,2,giraffe,2,giraffe,6,person,6,person,2,giraffe
8143,2,giraffe,2,giraffe,2,giraffe,6,person,2,giraffe
8144,2,giraffe,2,giraffe,6,person,6,person,2,giraffe
8145,2,giraffe,2,giraffe,6,person,6,person,2,giraffe
8146,2,giraffe,2,giraffe,2,giraffe,6,person,2,giraffe
8147,2,giraffe,2,giraffe,2,giraffe,6,person,2,giraffe
8148,2,giraffe,2,giraffe,2,giraffe,6,person,2,giraffe
8149,2,giraffe,2,giraffe,0,dog,6,person,4,horse
8150,2,giraffe,2,giraffe,2,giraffe,6,person,2,giraffe
8151,2,giraffe,2,giraffe,6,person,6,person,2,giraffe
8152,2,giraffe,2,giraffe,6,person,6,person,2,giraffe
8153,2,giraffe,2,giraffe,6,person,6,person,2,giraffe
8154,2,giraffe,2,giraffe,2,giraffe,6,person,2,giraffe
8155,2,giraffe,2,giraffe,6,person,6,person,2,giraffe
8156,2,giraffe,2,giraffe,6,person,6,person,2,giraffe
8157,2,giraffe,2,giraffe,2,giraffe,6,person,2,giraffe
8158,2,giraffe,2,giraffe,2,giraffe,6,person,4,horse
8159,2,giraffe,2,giraffe,2,giraffe,6,person,2,giraffe
8160,2,giraffe,2,giraffe,2,giraffe,6,person,2,giraffe
8161,2,giraffe,2,giraffe,2,giraffe,6,person,2,giraffe
8162,2,giraffe,2,giraffe,6,person,6,person,2,giraffe
8163,2,giraffe,2,giraffe,6,person,6,person,2,giraffe
8164,2,giraffe,2,giraffe,2,giraffe,6,person,2,giraffe
8165,2,giraffe,2,giraffe,6,person,6,person,2,giraffe
8166,2,giraffe,2,giraffe,6,person,6,person,2,giraffe
8167,2,giraffe,2,giraffe,6,person,6,person,2,giraffe
8168,2,giraffe,2,giraffe,2,giraffe,6,person,2,giraffe
8169,2,giraffe,2,giraffe,2,giraffe,6,person,2,giraffe
8170,2,giraffe,0,dog,6,person,6,person,1,elephant
8171,2,giraffe,0,dog,6,person,6,person,1,elephant
8172,2,giraffe,0,dog,6,person,6,person,4,horse
8173,2,giraffe,2,giraffe,2,giraffe,6,person,2,giraffe
8174,2,giraffe,2,giraffe,2,giraffe,6,person,2,giraffe
8175,2,giraffe,2,giraffe,0,dog,6,person,0,dog
8176,2,giraffe,4,horse,2,giraffe,6,person,1,elephant
8177,2,giraffe,2,giraffe,2,giraffe,6,person,2,giraffe
8178,2,giraffe,2,giraffe,2,giraffe,6,person,0,dog
8179,2,giraffe,2,giraffe,2,giraffe,6,person,2,giraffe
8180,2,giraffe,4,horse,6,person,6,person,1,elephant
8181,2,giraffe,2,giraffe,4,horse,6,person,4,horse
8182,2,giraffe,2,giraffe,4,horse,6,person,4,horse
8183,2,giraffe,4,horse,1,elephant,6,person,4,horse
8184,2,giraffe,2,giraffe,4,horse,6,person,1,elephant
8185,2,giraffe,2,giraffe,2,giraffe,6,person,2,giraffe
8186,2,giraffe,2,giraffe,2,giraffe,6,person,2,giraffe
8187,2,giraffe,2,giraffe,2,giraffe,6,person,2,giraffe
8188,2,giraffe,2,giraffe,6,person,6,person,2,giraffe
8189,2,giraffe,2,giraffe,6,person,6,person,2,giraffe
8190,2,giraffe,2,giraffe,2,giraffe,6,person,2,giraffe
8191,2,giraffe,2,giraffe,2,giraffe,6,person,2,giraffe
8192,2,giraffe,2,giraffe,2,giraffe,6,person,2,giraffe
8193,2,giraffe,2,giraffe,2,giraffe,6,person,4,horse
8194,2,giraffe,4,horse,2,giraffe,6,person,4,horse
8195,2,giraffe,2,giraffe,2,giraffe,6,person,2,giraffe
8196,2,giraffe,2,giraffe,2,giraffe,6,person,2,giraffe
8197,2,giraffe,2,giraffe,6,person,6,person,0,dog
8198,2,giraffe,2,giraffe,2,giraffe,6,person,2,giraffe
8199,2,giraffe,2,giraffe,2,giraffe,6,person,4,horse
8200,2,giraffe,2,giraffe,2,giraffe,6,person,2,giraffe
8201,2,giraffe,0,dog,6,person,6,person,0,dog
8202,2,giraffe,2,giraffe,6,person,6,person,4,horse
8203,2,giraffe,2,giraffe,6,person,6,person,2,giraffe
8204,2,giraffe,2,giraffe,6,person,6,person,2,giraffe
8205,2,giraffe,2,giraffe,6,person,6,person,2,giraffe
8206,2,giraffe,2,giraffe,6,person,6,person,2,giraffe
8207,2,giraffe,2,giraffe,2,giraffe,6,person,2,giraffe
8208,2,giraffe,2,giraffe,2,giraffe,6,person,2,giraffe
8209,2,giraffe,2,giraffe,2,giraffe,6,person,2,giraffe
8210,2,giraffe,2,giraffe,6,person,6,person,1,elephant
8211,2,giraffe,2,giraffe,6,person,6,person,2,giraffe
8212,2,giraffe,2,giraffe,2,giraffe,6,person,2,giraffe
8213,2,giraffe,2,giraffe,6,person,6,person,2,giraffe
8214,2,giraffe,2,giraffe,2,giraffe,6,person,2,giraffe
8215,2,giraffe,2,giraffe,6,person,6,person,2,giraffe
8216,2,giraffe,2,giraffe,6,person,6,person,2,giraffe
8217,2,giraffe,2,giraffe,2,giraffe,6,person,2,giraffe
8218,2,giraffe,0,dog,6,person,6,person,0,dog
8219,2,giraffe,2,giraffe,6,person,6,person,2,giraffe
8220,2,giraffe,2,giraffe,2,giraffe,6,person,2,giraffe
8221,2,giraffe,2,giraffe,6,person,6,person,1,elephant
8222,2,giraffe,2,giraffe,2,giraffe,6,person,2,giraffe
8223,2,giraffe,2,giraffe,6,person,6,person,2,giraffe
8224,2,giraffe,2,giraffe,0,dog,6,person,4,horse
8225,2,giraffe,2,giraffe,2,giraffe,6,person,2,giraffe
8226,2,giraffe,2,giraffe,2,giraffe,6,person,2,giraffe
8227,2,giraffe,2,giraffe,6,person,6,person,2,giraffe
8228,2,giraffe,2,giraffe,2,giraffe,6,person,2,giraffe
8229,2,giraffe,2,giraffe,2,giraffe,6,person,2,giraffe
8230,2,giraffe,2,giraffe,6,person,6,person,2,giraffe
8231,2,giraffe,2,giraffe,6,person,6,person,2,giraffe
8232,2,giraffe,2,giraffe,6,person,6,person,2,giraffe
8233,2,giraffe,2,giraffe,6,person,6,person,2,giraffe
8234,2,giraffe,2,giraffe,2,giraffe,6,person,2,giraffe
8235,2,giraffe,2,giraffe,2,giraffe,6,person,2,giraffe
8236,2,giraffe,2,giraffe,6,person,6,person,2,giraffe
8237,2,giraffe,2,giraffe,0,dog,6,person,4,horse
8238,2,giraffe,4,horse,2,giraffe,6,person,4,horse
8239,2,giraffe,2,giraffe,0,dog,6,person,0,dog
8240,2,giraffe,2,giraffe,2,giraffe,6,person,2,giraffe
8241,2,giraffe,2,giraffe,2,giraffe,6,person,2,giraffe
8242,2,giraffe,2,giraffe,2,giraffe,6,person,2,giraffe
8243,2,giraffe,2,giraffe,2,giraffe,6,person,2,giraffe
8244,2,giraffe,2,giraffe,2,giraffe,6,person,2,giraffe
8245,2,giraffe,2,giraffe,2,giraffe,6,person,2,giraffe
8246,2,giraffe,2,giraffe,4,horse,6,person,2,giraffe
8247,2,giraffe,2,giraffe,6,person,6,person,2,giraffe
8248,2,giraffe,2,giraffe,6,person,6,person,4,horse
8249,2,giraffe,4,horse,4,horse,6,person,4,horse
8250,2,giraffe,2,giraffe,6,person,6,person,4,horse
8251,2,giraffe,2,giraffe,4,horse,6,person,4,horse
8252,2,giraffe,2,giraffe,2,giraffe,6,person,2,giraffe
8253,2,giraffe,2,giraffe,2,giraffe,6,person,2,giraffe
8254,2,giraffe,2,giraffe,2,giraffe,2,giraffe,2,giraffe
8255,2,giraffe,4,horse,4,horse,6,person,4,horse
8256,2,giraffe,2,giraffe,6,person,6,person,4,horse
8257,2,giraffe,2,giraffe,4,horse,6,person,4,horse
8258,2,giraffe,2,giraffe,6,person,6,person,4,horse
8259,2,giraffe,2,giraffe,2,giraffe,6,person,2,giraffe
8260,2,giraffe,4,horse,2,giraffe,6,person,2,giraffe
8261,2,giraffe,2,giraffe,4,horse,6,person,4,horse
8262,2,giraffe,2,giraffe,2,giraffe,6,person,2,giraffe
8263,2,giraffe,2,giraffe,2,giraffe,6,person,2,giraffe
8264,2,giraffe,2,giraffe,6,person,6,person,4,horse
8265,2,giraffe,2,giraffe,2,giraffe,6,person,0,dog
8266,2,giraffe,2,giraffe,2,giraffe,6,person,1,elephant
8267,2,giraffe,2,giraffe,2,giraffe,6,person,2,giraffe
8268,2,giraffe,2,giraffe,6,person,6,person,2,giraffe
8269,2,giraffe,2,giraffe,6,person,6,person,2,giraffe
8270,2,giraffe,2,giraffe,2,giraffe,6,person,2,giraffe
8271,2,giraffe,2,giraffe,2,giraffe,6,person,2,giraffe
8272,2,giraffe,2,giraffe,2,giraffe,6,person,2,giraffe
8273,2,giraffe,2,giraffe,0,dog,6,person,1,elephant
8274,2,giraffe,2,giraffe,6,person,6,person,0,dog
8275,2,giraffe,2,giraffe,2,giraffe,6,person,4,horse
8276,2,giraffe,2,giraffe,2,giraffe,6,person,2,giraffe
8277,2,giraffe,2,giraffe,2,giraffe,6,person,2,giraffe
8278,2,giraffe,2,giraffe,2,giraffe,6,person,2,giraffe
8279,2,giraffe,2,giraffe,6,person,6,person,2,giraffe
8280,2,giraffe,2,giraffe,2,giraffe,6,person,2,giraffe
8281,2,giraffe,2,giraffe,6,person,6,person,2,giraffe
8282,2,giraffe,2,giraffe,6,person,6,person,2,giraffe
8283,2,giraffe,2,giraffe,6,person,6,person,2,giraffe
8284,2,giraffe,2,giraffe,6,person,6,person,2,giraffe
8285,2,giraffe,2,giraffe,6,person,6,person,2,giraffe
8286,2,giraffe,2,giraffe,2,giraffe,6,person,2,giraffe
8287,2,giraffe,2,giraffe,2,giraffe,6,person,2,giraffe
8288,2,giraffe,2,giraffe,2,giraffe,6,person,2,giraffe
8289,2,giraffe,2,giraffe,2,giraffe,6,person,2,giraffe
8290,2,giraffe,0,dog,0,dog,6,person,0,dog
8291,2,giraffe,2,giraffe,2,giraffe,6,person,2,giraffe
8292,2,giraffe,2,giraffe,0,dog,6,person,0,dog
8293,2,giraffe,2,giraffe,2,giraffe,6,person,4,horse
8294,2,giraffe,2,giraffe,2,giraffe,6,person,4,horse
8295,2,giraffe,2,giraffe,6,person,6,person,4,horse
8296,2,giraffe,2,giraffe,6,person,6,person,4,horse
8297,2,giraffe,2,giraffe,0,dog,6,person,0,dog
8298,2,giraffe,0,dog,6,person,6,person,0,dog
8299,2,giraffe,2,giraffe,6,person,6,person,4,horse
8300,2,giraffe,2,giraffe,2,giraffe,6,person,4,horse
8301,2,giraffe,2,giraffe,2,giraffe,6,person,2,giraffe
8302,2,giraffe,2,giraffe,2,giraffe,6,person,2,giraffe
8303,2,giraffe,0,dog,2,giraffe,6,person,0,dog
8304,2,giraffe,2,giraffe,2,giraffe,6,person,2,giraffe
8305,2,giraffe,2,giraffe,6,person,6,person,2,giraffe
8306,2,giraffe,2,giraffe,6,person,6,person,2,giraffe
8307,2,giraffe,2,giraffe,6,person,6,person,2,giraffe
8308,2,giraffe,2,giraffe,2,giraffe,6,person,2,giraffe
8309,2,giraffe,2,giraffe,6,person,6,person,0,dog
8310,2,giraffe,2,giraffe,2,giraffe,6,person,0,dog
8311,2,giraffe,4,horse,4,horse,6,person,4,horse
8312,2,giraffe,2,giraffe,2,giraffe,6,person,4,horse
8313,2,giraffe,2,giraffe,4,horse,6,person,4,horse
8314,2,giraffe,2,giraffe,2,giraffe,6,person,2,giraffe
8315,2,giraffe,4,horse,4,horse,6,person,4,horse
8316,2,giraffe,2,giraffe,4,horse,6,person,4,horse
8317,2,giraffe,2,giraffe,2,giraffe,6,person,2,giraffe
8318,2,giraffe,0,dog,1,elephant,6,person,1,elephant
8319,2,giraffe,2,giraffe,1,elephant,6,person,1,elephant
8320,2,giraffe,4,horse,2,giraffe,6,person,2,giraffe
8321,2,giraffe,1,elephant,1,elephant,6,person,1,elephant
8322,2,giraffe,4,horse,1,elephant,6,person,1,elephant
8323,2,giraffe,0,dog,6,person,6,person,1,elephant
8324,2,giraffe,0,dog,2,giraffe,6,person,1,elephant
8325,2,giraffe,4,horse,2,giraffe,6,person,2,giraffe
8326,2,giraffe,0,dog,2,giraffe,6,person,2,giraffe
8327,3,guitar,3,guitar,6,person,6,person,3,guitar
8328,3,guitar,1,elephant,5,house,6,person,3,guitar
8329,3,guitar,1,elephant,5,house,6,person,3,guitar
8330,3,guitar,3,guitar,6,person,6,person,3,guitar
8331,3,guitar,3,guitar,6,person,6,person,3,guitar
8332,3,guitar,3,guitar,5,house,6,person,3,guitar
8333,3,guitar,3,guitar,6,person,6,person,3,guitar
8334,3,guitar,2,giraffe,3,guitar,6,person,3,guitar
8335,3,guitar,2,giraffe,6,person,6,person,3,guitar
8336,3,guitar,3,guitar,5,house,6,person,3,guitar
8337,3,guitar,3,guitar,6,person,6,person,3,guitar
8338,3,guitar,3,guitar,5,house,6,person,3,guitar
8339,3,guitar,3,guitar,5,house,6,person,3,guitar
8340,3,guitar,3,guitar,5,house,6,person,3,guitar
8341,3,guitar,3,guitar,3,guitar,6,person,3,guitar
8342,3,guitar,3,guitar,5,house,6,person,3,guitar
8343,3,guitar,0,dog,6,person,6,person,3,guitar
8344,3,guitar,3,guitar,6,person,6,person,3,guitar
8345,3,guitar,3,guitar,6,person,6,person,3,guitar
8346,3,guitar,1,elephant,5,house,6,person,3,guitar
8347,3,guitar,2,giraffe,2,giraffe,6,person,3,guitar
8348,3,guitar,3,guitar,3,guitar,6,person,3,guitar
8349,3,guitar,2,giraffe,6,person,6,person,2,giraffe
8350,3,guitar,3,guitar,5,house,6,person,3,guitar
8351,3,guitar,3,guitar,6,person,6,person,3,guitar
8352,3,guitar,2,giraffe,6,person,6,person,2,giraffe
8353,3,guitar,3,guitar,5,house,6,person,3,guitar
8354,3,guitar,3,guitar,3,guitar,6,person,3,guitar
8355,3,guitar,1,elephant,5,house,6,person,3,guitar
8356,3,guitar,3,guitar,6,person,6,person,3,guitar
8357,3,guitar,3,guitar,3,guitar,6,person,3,guitar
8358,3,guitar,3,guitar,5,house,6,person,3,guitar
8359,3,guitar,3,guitar,5,house,6,person,3,guitar
8360,3,guitar,3,guitar,6,person,6,person,3,guitar
8361,3,guitar,3,guitar,3,guitar,6,person,3,guitar
8362,3,guitar,1,elephant,5,house,6,person,3,guitar
8363,3,guitar,2,giraffe,6,person,6,person,3,guitar
8364,3,guitar,2,giraffe,6,person,6,person,6,person
8365,3,guitar,3,guitar,6,person,6,person,3,guitar
8366,3,guitar,3,guitar,6,person,6,person,3,guitar
8367,3,guitar,3,guitar,5,house,6,person,3,guitar
8368,3,guitar,3,guitar,6,person,6,person,3,guitar
8369,3,guitar,3,guitar,5,house,6,person,3,guitar
8370,3,guitar,3,guitar,5,house,6,person,3,guitar
8371,3,guitar,3,guitar,5,house,6,person,3,guitar
8372,3,guitar,0,dog,6,person,6,person,6,person
8373,3,guitar,3,guitar,6,person,6,person,6,person
8374,3,guitar,3,guitar,5,house,6,person,3,guitar
8375,3,guitar,1,elephant,5,house,6,person,1,elephant
8376,3,guitar,3,guitar,5,house,6,person,3,guitar
8377,3,guitar,3,guitar,6,person,6,person,3,guitar
8378,3,guitar,3,guitar,5,house,6,person,5,house
8379,3,guitar,1,elephant,5,house,6,person,3,guitar
8380,3,guitar,3,guitar,5,house,6,person,3,guitar
8381,3,guitar,3,guitar,6,person,6,person,3,guitar
8382,3,guitar,3,guitar,5,house,6,person,3,guitar
8383,3,guitar,3,guitar,3,guitar,6,person,3,guitar
8384,3,guitar,3,guitar,5,house,6,person,6,person
8385,3,guitar,3,guitar,6,person,6,person,3,guitar
8386,3,guitar,1,elephant,5,house,6,person,1,elephant
8387,3,guitar,3,guitar,5,house,6,person,3,guitar
8388,3,guitar,3,guitar,5,house,6,person,3,guitar
8389,3,guitar,3,guitar,5,house,6,person,3,guitar
8390,3,guitar,3,guitar,5,house,6,person,3,guitar
8391,3,guitar,3,guitar,5,house,6,person,3,guitar
8392,3,guitar,3,guitar,5,house,6,person,3,guitar
8393,3,guitar,2,giraffe,5,house,6,person,3,guitar
8394,3,guitar,3,guitar,5,house,6,person,3,guitar
8395,3,guitar,2,giraffe,6,person,6,person,3,guitar
8396,3,guitar,3,guitar,3,guitar,6,person,3,guitar
8397,3,guitar,3,guitar,5,house,6,person,3,guitar
8398,3,guitar,3,guitar,5,house,6,person,3,guitar
8399,3,guitar,3,guitar,5,house,6,person,3,guitar
8400,3,guitar,3,guitar,5,house,6,person,3,guitar
8401,3,guitar,3,guitar,5,house,6,person,3,guitar
8402,3,guitar,3,guitar,3,guitar,6,person,3,guitar
8403,3,guitar,3,guitar,6,person,6,person,3,guitar
8404,3,guitar,2,giraffe,6,person,6,person,6,person
8405,3,guitar,3,guitar,5,house,6,person,3,guitar
8406,3,guitar,3,guitar,5,house,6,person,1,elephant
8407,3,guitar,3,guitar,6,person,6,person,3,guitar
8408,3,guitar,3,guitar,6,person,6,person,3,guitar
8409,3,guitar,3,guitar,3,guitar,6,person,3,guitar
8410,3,guitar,3,guitar,3,guitar,6,person,3,guitar
8411,3,guitar,3,guitar,6,person,6,person,3,guitar
8412,3,guitar,3,guitar,3,guitar,6,person,3,guitar
8413,3,guitar,3,guitar,3,guitar,6,person,3,guitar
8414,3,guitar,3,guitar,3,guitar,6,person,3,guitar
8415,3,guitar,1,elephant,3,guitar,6,person,1,elephant
8416,3,guitar,3,guitar,3,guitar,6,person,3,guitar
8417,3,guitar,3,guitar,3,guitar,6,person,3,guitar
8418,3,guitar,3,guitar,3,guitar,6,person,3,guitar
8419,3,guitar,2,giraffe,3,guitar,6,person,3,guitar
8420,3,guitar,2,giraffe,6,person,6,person,4,horse
8421,3,guitar,2,giraffe,3,guitar,6,person,3,guitar
8422,3,guitar,2,giraffe,3,guitar,6,person,3,guitar
8423,3,guitar,3,guitar,6,person,6,person,3,guitar
8424,3,guitar,3,guitar,3,guitar,6,person,3,guitar
8425,3,guitar,3,guitar,3,guitar,6,person,3,guitar
8426,3,guitar,3,guitar,3,guitar,6,person,3,guitar
8427,3,guitar,2,giraffe,3,guitar,6,person,3,guitar
8428,3,guitar,3,guitar,3,guitar,6,person,3,guitar
8429,3,guitar,3,guitar,3,guitar,6,person,3,guitar
8430,3,guitar,3,guitar,3,guitar,6,person,3,guitar
8431,3,guitar,3,guitar,3,guitar,6,person,3,guitar
8432,3,guitar,3,guitar,3,guitar,6,person,3,guitar
8433,3,guitar,3,guitar,6,person,6,person,3,guitar
8434,3,guitar,3,guitar,6,person,6,person,3,guitar
8435,3,guitar,3,guitar,3,guitar,6,person,3,guitar
8436,3,guitar,3,guitar,6,person,6,person,3,guitar
8437,3,guitar,2,giraffe,3,guitar,6,person,3,guitar
8438,3,guitar,2,giraffe,3,guitar,6,person,3,guitar
8439,3,guitar,3,guitar,3,guitar,6,person,3,guitar
8440,3,guitar,3,guitar,3,guitar,6,person,3,guitar
8441,3,guitar,3,guitar,3,guitar,6,person,3,guitar
8442,3,guitar,3,guitar,3,guitar,6,person,3,guitar
8443,3,guitar,3,guitar,3,guitar,6,person,3,guitar
8444,3,guitar,2,giraffe,6,person,6,person,3,guitar
8445,3,guitar,3,guitar,3,guitar,6,person,3,guitar
8446,3,guitar,3,guitar,3,guitar,6,person,3,guitar
8447,3,guitar,3,guitar,6,person,6,person,3,guitar
8448,3,guitar,3,guitar,6,person,6,person,3,guitar
8449,3,guitar,3,guitar,3,guitar,6,person,3,guitar
8450,3,guitar,2,giraffe,3,guitar,6,person,3,guitar
8451,3,guitar,3,guitar,3,guitar,6,person,3,guitar
8452,3,guitar,2,giraffe,3,guitar,6,person,3,guitar
8453,3,guitar,3,guitar,3,guitar,6,person,3,guitar
8454,3,guitar,3,guitar,3,guitar,6,person,3,guitar
8455,3,guitar,1,elephant,3,guitar,6,person,1,elephant
8456,3,guitar,3,guitar,6,person,6,person,3,guitar
8457,3,guitar,3,guitar,6,person,6,person,3,guitar
8458,3,guitar,3,guitar,6,person,6,person,3,guitar
8459,3,guitar,1,elephant,1,elephant,6,person,1,elephant
8460,3,guitar,2,giraffe,3,guitar,6,person,3,guitar
8461,3,guitar,3,guitar,3,guitar,6,person,3,guitar
8462,3,guitar,3,guitar,3,guitar,6,person,3,guitar
8463,3,guitar,3,guitar,3,guitar,6,person,3,guitar
8464,3,guitar,3,guitar,3,guitar,6,person,3,guitar
8465,3,guitar,3,guitar,3,guitar,6,person,3,guitar
8466,3,guitar,2,giraffe,3,guitar,6,person,3,guitar
8467,3,guitar,2,giraffe,3,guitar,6,person,3,guitar
8468,3,guitar,3,guitar,3,guitar,6,person,3,guitar
8469,3,guitar,2,giraffe,3,guitar,6,person,3,guitar
8470,3,guitar,2,giraffe,3,guitar,6,person,2,giraffe
8471,3,guitar,2,giraffe,3,guitar,6,person,2,giraffe
8472,3,guitar,2,giraffe,3,guitar,6,person,3,guitar
8473,3,guitar,0,dog,6,person,6,person,4,horse
8474,3,guitar,2,giraffe,2,giraffe,6,person,2,giraffe
8475,3,guitar,2,giraffe,3,guitar,6,person,3,guitar
8476,3,guitar,3,guitar,3,guitar,6,person,3,guitar
8477,3,guitar,3,guitar,3,guitar,6,person,3,guitar
8478,3,guitar,3,guitar,3,guitar,6,person,3,guitar
8479,3,guitar,2,giraffe,2,giraffe,6,person,2,giraffe
8480,3,guitar,2,giraffe,3,guitar,6,person,3,guitar
8481,3,guitar,3,guitar,3,guitar,6,person,3,guitar
8482,3,guitar,3,guitar,3,guitar,6,person,3,guitar
8483,3,guitar,3,guitar,3,guitar,6,person,3,guitar
8484,3,guitar,3,guitar,3,guitar,6,person,3,guitar
8485,3,guitar,3,guitar,6,person,6,person,3,guitar
8486,3,guitar,3,guitar,3,guitar,6,person,3,guitar
8487,3,guitar,3,guitar,3,guitar,6,person,3,guitar
8488,3,guitar,2,giraffe,2,giraffe,6,person,2,giraffe
8489,3,guitar,2,giraffe,3,guitar,6,person,3,guitar
8490,3,guitar,2,giraffe,3,guitar,6,person,3,guitar
8491,3,guitar,3,guitar,3,guitar,6,person,3,guitar
8492,3,guitar,3,guitar,2,giraffe,6,person,3,guitar
8493,3,guitar,3,guitar,3,guitar,6,person,3,guitar
8494,3,guitar,3,guitar,3,guitar,6,person,3,guitar
8495,3,guitar,3,guitar,3,guitar,6,person,3,guitar
8496,3,guitar,3,guitar,6,person,6,person,3,guitar
8497,3,guitar,3,guitar,3,guitar,6,person,3,guitar
8498,3,guitar,3,guitar,3,guitar,6,person,3,guitar
8499,3,guitar,3,guitar,3,guitar,6,person,3,guitar
8500,3,guitar,2,giraffe,6,person,6,person,3,guitar
8501,3,guitar,3,guitar,3,guitar,6,person,3,guitar
8502,3,guitar,3,guitar,6,person,6,person,3,guitar
8503,3,guitar,3,guitar,6,person,6,person,3,guitar
8504,3,guitar,3,guitar,3,guitar,6,person,3,guitar
8505,3,guitar,3,guitar,3,guitar,6,person,3,guitar
8506,3,guitar,3,guitar,6,person,6,person,3,guitar
8507,3,guitar,3,guitar,3,guitar,6,person,3,guitar
8508,3,guitar,3,guitar,3,guitar,6,person,3,guitar
8509,3,guitar,2,giraffe,6,person,6,person,3,guitar
8510,3,guitar,2,giraffe,3,guitar,6,person,3,guitar
8511,3,guitar,3,guitar,3,guitar,6,person,3,guitar
8512,3,guitar,3,guitar,3,guitar,6,person,3,guitar
8513,3,guitar,2,giraffe,3,guitar,6,person,3,guitar
8514,3,guitar,3,guitar,3,guitar,6,person,3,guitar
8515,3,guitar,2,giraffe,3,guitar,6,person,3,guitar
8516,3,guitar,2,giraffe,2,giraffe,6,person,3,guitar
8517,3,guitar,3,guitar,2,giraffe,6,person,3,guitar
8518,3,guitar,3,guitar,3,guitar,6,person,3,guitar
8519,3,guitar,2,giraffe,3,guitar,6,person,3,guitar
8520,3,guitar,3,guitar,3,guitar,6,person,3,guitar
8521,3,guitar,3,guitar,3,guitar,6,person,3,guitar
8522,3,guitar,3,guitar,6,person,6,person,3,guitar
8523,3,guitar,2,giraffe,3,guitar,6,person,3,guitar
8524,3,guitar,3,guitar,3,guitar,6,person,3,guitar
8525,3,guitar,3,guitar,3,guitar,6,person,3,guitar
8526,3,guitar,2,giraffe,3,guitar,6,person,3,guitar
8527,3,guitar,2,giraffe,3,guitar,6,person,3,guitar
8528,3,guitar,2,giraffe,3,guitar,6,person,3,guitar
8529,3,guitar,2,giraffe,6,person,6,person,3,guitar
8530,3,guitar,3,guitar,3,guitar,6,person,3,guitar
8531,3,guitar,2,giraffe,3,guitar,6,person,3,guitar
8532,3,guitar,3,guitar,3,guitar,6,person,3,guitar
8533,3,guitar,1,elephant,1,elephant,6,person,1,elephant
8534,3,guitar,3,guitar,6,person,6,person,3,guitar
8535,3,guitar,1,elephant,3,guitar,6,person,3,guitar
8536,3,guitar,3,guitar,6,person,6,person,3,guitar
8537,3,guitar,3,guitar,3,guitar,6,person,3,guitar
8538,3,guitar,2,giraffe,3,guitar,6,person,3,guitar
8539,3,guitar,3,guitar,3,guitar,6,person,3,guitar
8540,3,guitar,2,giraffe,6,person,6,person,3,guitar
8541,3,guitar,3,guitar,3,guitar,6,person,3,guitar
8542,3,guitar,3,guitar,3,guitar,6,person,3,guitar
8543,3,guitar,3,guitar,3,guitar,6,person,3,guitar
8544,3,guitar,3,guitar,3,guitar,6,person,3,guitar
8545,3,guitar,3,guitar,3,guitar,6,person,3,guitar
8546,3,guitar,3,guitar,3,guitar,6,person,3,guitar
8547,3,guitar,3,guitar,3,guitar,6,person,3,guitar
8548,3,guitar,3,guitar,3,guitar,6,person,3,guitar
8549,3,guitar,3,guitar,3,guitar,6,person,3,guitar
8550,3,guitar,1,elephant,1,elephant,6,person,1,elephant
8551,3,guitar,1,elephant,5,house,6,person,3,guitar
8552,3,guitar,3,guitar,3,guitar,6,person,3,guitar
8553,3,guitar,3,guitar,3,guitar,6,person,3,guitar
8554,3,guitar,3,guitar,6,person,6,person,3,guitar
8555,3,guitar,3,guitar,3,guitar,6,person,3,guitar
8556,3,guitar,3,guitar,3,guitar,6,person,3,guitar
8557,3,guitar,3,guitar,3,guitar,6,person,3,guitar
8558,3,guitar,3,guitar,3,guitar,6,person,3,guitar
8559,3,guitar,3,guitar,3,guitar,6,person,3,guitar
8560,3,guitar,3,guitar,6,person,6,person,3,guitar
8561,3,guitar,3,guitar,3,guitar,6,person,3,guitar
8562,3,guitar,3,guitar,3,guitar,6,person,3,guitar
8563,3,guitar,3,guitar,6,person,6,person,3,guitar
8564,3,guitar,3,guitar,3,guitar,6,person,3,guitar
8565,3,guitar,3,guitar,3,guitar,6,person,3,guitar
8566,3,guitar,3,guitar,3,guitar,6,person,3,guitar
8567,3,guitar,3,guitar,3,guitar,6,person,3,guitar
8568,3,guitar,3,guitar,3,guitar,6,person,3,guitar
8569,3,guitar,2,giraffe,3,guitar,6,person,3,guitar
8570,3,guitar,2,giraffe,3,guitar,6,person,3,guitar
8571,3,guitar,3,guitar,3,guitar,6,person,3,guitar
8572,3,guitar,2,giraffe,3,guitar,6,person,3,guitar
8573,3,guitar,2,giraffe,6,person,6,person,3,guitar
8574,3,guitar,3,guitar,3,guitar,6,person,3,guitar
8575,3,guitar,2,giraffe,6,person,6,person,3,guitar
8576,3,guitar,2,giraffe,2,giraffe,6,person,3,guitar
8577,3,guitar,3,guitar,3,guitar,6,person,3,guitar
8578,3,guitar,3,guitar,6,person,6,person,3,guitar
8579,3,guitar,3,guitar,3,guitar,6,person,3,guitar
8580,3,guitar,3,guitar,3,guitar,6,person,3,guitar
8581,3,guitar,2,giraffe,3,guitar,6,person,3,guitar
8582,3,guitar,3,guitar,6,person,6,person,3,guitar
8583,3,guitar,3,guitar,3,guitar,6,person,3,guitar
8584,3,guitar,3,guitar,3,guitar,6,person,3,guitar
8585,3,guitar,2,giraffe,3,guitar,6,person,3,guitar
8586,3,guitar,2,giraffe,3,guitar,6,person,3,guitar
8587,3,guitar,3,guitar,3,guitar,6,person,3,guitar
8588,3,guitar,3,guitar,3,guitar,6,person,3,guitar
8589,3,guitar,3,guitar,3,guitar,6,person,3,guitar
8590,3,guitar,3,guitar,3,guitar,6,person,3,guitar
8591,3,guitar,3,guitar,3,guitar,6,person,3,guitar
8592,3,guitar,3,guitar,3,guitar,6,person,3,guitar
8593,3,guitar,3,guitar,3,guitar,6,person,3,guitar
8594,3,guitar,3,guitar,3,guitar,6,person,3,guitar
8595,3,guitar,3,guitar,3,guitar,6,person,3,guitar
8596,3,guitar,2,giraffe,3,guitar,6,person,3,guitar
8597,3,guitar,2,giraffe,3,guitar,6,person,3,guitar
8598,3,guitar,2,giraffe,3,guitar,6,person,3,guitar
8599,3,guitar,2,giraffe,3,guitar,6,person,3,guitar
8600,3,guitar,2,giraffe,3,guitar,6,person,3,guitar
8601,3,guitar,2,giraffe,3,guitar,6,person,3,guitar
8602,3,guitar,2,giraffe,6,person,6,person,2,giraffe
8603,3,guitar,2,giraffe,3,guitar,6,person,3,guitar
8604,3,guitar,3,guitar,3,guitar,6,person,3,guitar
8605,3,guitar,2,giraffe,6,person,6,person,3,guitar
8606,3,guitar,2,giraffe,6,person,6,person,3,guitar
8607,3,guitar,2,giraffe,3,guitar,6,person,3,guitar
8608,3,guitar,3,guitar,3,guitar,6,person,3,guitar
8609,3,guitar,3,guitar,3,guitar,6,person,3,guitar
8610,3,guitar,3,guitar,3,guitar,6,person,3,guitar
8611,3,guitar,3,guitar,3,guitar,6,person,3,guitar
8612,3,guitar,3,guitar,3,guitar,6,person,3,guitar
8613,3,guitar,3,guitar,3,guitar,6,person,3,guitar
8614,3,guitar,3,guitar,3,guitar,6,person,3,guitar
8615,3,guitar,3,guitar,3,guitar,6,person,3,guitar
8616,3,guitar,2,giraffe,3,guitar,6,person,3,guitar
8617,3,guitar,2,giraffe,3,guitar,6,person,3,guitar
8618,3,guitar,3,guitar,3,guitar,6,person,3,guitar
8619,3,guitar,3,guitar,3,guitar,6,person,3,guitar
8620,3,guitar,3,guitar,3,guitar,6,person,3,guitar
8621,3,guitar,3,guitar,3,guitar,6,person,3,guitar
8622,3,guitar,3,guitar,3,guitar,6,person,3,guitar
8623,3,guitar,0,dog,6,person,6,person,6,person
8624,3,guitar,3,guitar,3,guitar,6,person,3,guitar
8625,3,guitar,3,guitar,3,guitar,6,person,3,guitar
8626,3,guitar,3,guitar,3,guitar,6,person,3,guitar
8627,3,guitar,2,giraffe,3,guitar,6,person,3,guitar
8628,3,guitar,3,guitar,3,guitar,6,person,3,guitar
8629,3,guitar,3,guitar,3,guitar,6,person,3,guitar
8630,3,guitar,3,guitar,3,guitar,6,person,3,guitar
8631,3,guitar,3,guitar,2,giraffe,6,person,3,guitar
8632,3,guitar,3,guitar,3,guitar,6,person,3,guitar
8633,3,guitar,3,guitar,3,guitar,6,person,3,guitar
8634,3,guitar,3,guitar,3,guitar,6,person,3,guitar
8635,3,guitar,2,giraffe,2,giraffe,6,person,3,guitar
8636,3,guitar,3,guitar,3,guitar,6,person,3,guitar
8637,3,guitar,3,guitar,6,person,6,person,3,guitar
8638,3,guitar,3,guitar,3,guitar,6,person,3,guitar
8639,3,guitar,3,guitar,3,guitar,6,person,3,guitar
8640,3,guitar,3,guitar,3,guitar,6,person,3,guitar
8641,3,guitar,2,giraffe,3,guitar,6,person,3,guitar
8642,3,guitar,3,guitar,3,guitar,6,person,3,guitar
8643,3,guitar,3,guitar,6,person,6,person,3,guitar
8644,3,guitar,3,guitar,6,person,6,person,3,guitar
8645,3,guitar,3,guitar,6,person,6,person,3,guitar
8646,3,guitar,3,guitar,3,guitar,6,person,3,guitar
8647,3,guitar,3,guitar,3,guitar,6,person,3,guitar
8648,3,guitar,3,guitar,3,guitar,6,person,3,guitar
8649,3,guitar,2,giraffe,3,guitar,6,person,3,guitar
8650,3,guitar,3,guitar,3,guitar,6,person,3,guitar
8651,3,guitar,3,guitar,3,guitar,6,person,3,guitar
8652,3,guitar,3,guitar,6,person,6,person,3,guitar
8653,3,guitar,3,guitar,3,guitar,6,person,3,guitar
8654,3,guitar,2,giraffe,2,giraffe,6,person,2,giraffe
8655,3,guitar,3,guitar,3,guitar,6,person,3,guitar
8656,3,guitar,3,guitar,6,person,6,person,3,guitar
8657,3,guitar,3,guitar,6,person,6,person,3,guitar
8658,3,guitar,3,guitar,3,guitar,6,person,3,guitar
8659,3,guitar,3,guitar,6,person,6,person,3,guitar
8660,3,guitar,3,guitar,3,guitar,6,person,3,guitar
8661,3,guitar,2,giraffe,3,guitar,6,person,3,guitar
8662,3,guitar,3,guitar,3,guitar,6,person,3,guitar
8663,3,guitar,2,giraffe,3,guitar,6,person,3,guitar
8664,3,guitar,3,guitar,3,guitar,6,person,3,guitar
8665,3,guitar,3,guitar,3,guitar,6,person,3,guitar
8666,3,guitar,2,giraffe,3,guitar,6,person,3,guitar
8667,3,guitar,2,giraffe,3,guitar,6,person,3,guitar
8668,3,guitar,3,guitar,3,guitar,6,person,3,guitar
8669,3,guitar,3,guitar,3,guitar,6,person,3,guitar
8670,3,guitar,3,guitar,3,guitar,6,person,3,guitar
8671,3,guitar,2,giraffe,3,guitar,6,person,3,guitar
8672,3,guitar,2,giraffe,2,giraffe,6,person,3,guitar
8673,3,guitar,2,giraffe,3,guitar,6,person,3,guitar
8674,3,guitar,3,guitar,3,guitar,6,person,3,guitar
8675,3,guitar,3,guitar,6,person,6,person,3,guitar
8676,3,guitar,3,guitar,3,guitar,6,person,3,guitar
8677,3,guitar,3,guitar,3,guitar,6,person,3,guitar
8678,3,guitar,3,guitar,6,person,6,person,3,guitar
8679,3,guitar,3,guitar,3,guitar,6,person,3,guitar
8680,3,guitar,3,guitar,6,person,6,person,3,guitar
8681,3,guitar,3,guitar,3,guitar,6,person,3,guitar
8682,3,guitar,3,guitar,3,guitar,6,person,3,guitar
8683,3,guitar,3,guitar,3,guitar,6,person,3,guitar
8684,3,guitar,3,guitar,3,guitar,6,person,3,guitar
8685,3,guitar,3,guitar,3,guitar,6,person,3,guitar
8686,3,guitar,3,guitar,3,guitar,6,person,3,guitar
8687,3,guitar,2,giraffe,3,guitar,6,person,3,guitar
8688,3,guitar,3,guitar,3,guitar,6,person,3,guitar
8689,3,guitar,3,guitar,3,guitar,6,person,3,guitar
8690,3,guitar,3,guitar,3,guitar,6,person,3,guitar
8691,3,guitar,3,guitar,3,guitar,6,person,3,guitar
8692,3,guitar,3,guitar,3,guitar,6,person,4,horse
8693,3,guitar,3,guitar,3,guitar,6,person,3,guitar
8694,3,guitar,3,guitar,3,guitar,6,person,3,guitar
8695,3,guitar,3,guitar,3,guitar,6,person,3,guitar
8696,3,guitar,2,giraffe,3,guitar,6,person,3,guitar
8697,3,guitar,3,guitar,3,guitar,6,person,3,guitar
8698,3,guitar,3,guitar,3,guitar,6,person,3,guitar
8699,3,guitar,2,giraffe,2,giraffe,6,person,3,guitar
8700,3,guitar,3,guitar,3,guitar,6,person,3,guitar
8701,3,guitar,3,guitar,3,guitar,6,person,3,guitar
8702,3,guitar,2,giraffe,3,guitar,6,person,3,guitar
8703,3,guitar,2,giraffe,3,guitar,6,person,3,guitar
8704,3,guitar,2,giraffe,2,giraffe,6,person,3,guitar
8705,3,guitar,3,guitar,3,guitar,6,person,3,guitar
8706,3,guitar,3,guitar,3,guitar,6,person,3,guitar
8707,3,guitar,2,giraffe,6,person,6,person,4,horse
8708,3,guitar,3,guitar,3,guitar,6,person,3,guitar
8709,3,guitar,3,guitar,3,guitar,6,person,3,guitar
8710,3,guitar,3,guitar,3,guitar,6,person,3,guitar
8711,3,guitar,2,giraffe,6,person,6,person,2,giraffe
8712,3,guitar,2,giraffe,3,guitar,6,person,3,guitar
8713,3,guitar,3,guitar,3,guitar,6,person,3,guitar
8714,3,guitar,2,giraffe,3,guitar,6,person,3,guitar
8715,3,guitar,2,giraffe,6,person,6,person,3,guitar
8716,3,guitar,3,guitar,3,guitar,6,person,3,guitar
8717,3,guitar,3,guitar,3,guitar,6,person,3,guitar
8718,3,guitar,3,guitar,3,guitar,6,person,3,guitar
8719,3,guitar,3,guitar,3,guitar,6,person,3,guitar
8720,3,guitar,2,giraffe,6,person,6,person,3,guitar
8721,3,guitar,1,elephant,6,person,6,person,3,guitar
8722,3,guitar,3,guitar,3,guitar,6,person,3,guitar
8723,3,guitar,3,guitar,0,dog,6,person,3,guitar
8724,3,guitar,3,guitar,3,guitar,6,person,3,guitar
8725,3,guitar,3,guitar,5,house,6,person,3,guitar
8726,3,guitar,1,elephant,6,person,6,person,1,elephant
8727,3,guitar,3,guitar,3,guitar,6,person,3,guitar
8728,3,guitar,3,guitar,3,guitar,6,person,3,guitar
8729,3,guitar,3,guitar,3,guitar,6,person,3,guitar
8730,3,guitar,3,guitar,3,guitar,6,person,3,guitar
8731,3,guitar,3,guitar,6,person,6,person,3,guitar
8732,3,guitar,3,guitar,3,guitar,6,person,3,guitar
8733,3,guitar,3,guitar,3,guitar,6,person,3,guitar
8734,3,guitar,3,guitar,3,guitar,6,person,3,guitar
8735,3,guitar,3,guitar,6,person,6,person,3,guitar
8736,3,guitar,3,guitar,3,guitar,6,person,3,guitar
8737,3,guitar,2,giraffe,6,person,6,person,2,giraffe
8738,3,guitar,2,giraffe,3,guitar,6,person,2,giraffe
8739,3,guitar,3,guitar,6,person,6,person,3,guitar
8740,3,guitar,3,guitar,3,guitar,6,person,3,guitar
8741,3,guitar,3,guitar,3,guitar,6,person,3,guitar
8742,3,guitar,2,giraffe,3,guitar,6,person,3,guitar
8743,3,guitar,2,giraffe,6,person,6,person,3,guitar
8744,3,guitar,3,guitar,6,person,6,person,3,guitar
8745,3,guitar,3,guitar,3,guitar,6,person,3,guitar
8746,3,guitar,3,guitar,3,guitar,6,person,3,guitar
8747,3,guitar,3,guitar,6,person,6,person,3,guitar
8748,3,guitar,3,guitar,2,giraffe,6,person,3,guitar
8749,3,guitar,3,guitar,6,person,6,person,3,guitar
8750,3,guitar,3,guitar,3,guitar,6,person,3,guitar
8751,3,guitar,3,guitar,6,person,6,person,3,guitar
8752,3,guitar,2,giraffe,3,guitar,6,person,3,guitar
8753,3,guitar,3,guitar,3,guitar,6,person,3,guitar
8754,3,guitar,3,guitar,3,guitar,6,person,3,guitar
8755,3,guitar,3,guitar,3,guitar,6,person,3,guitar
8756,3,guitar,2,giraffe,3,guitar,6,person,3,guitar
8757,3,guitar,3,guitar,3,guitar,6,person,3,guitar
8758,3,guitar,2,giraffe,3,guitar,6,person,3,guitar
8759,3,guitar,3,guitar,3,guitar,6,person,3,guitar
8760,3,guitar,3,guitar,3,guitar,6,person,3,guitar
8761,3,guitar,3,guitar,6,person,6,person,3,guitar
8762,3,guitar,3,guitar,3,guitar,6,person,3,guitar
8763,3,guitar,3,guitar,6,person,6,person,3,guitar
8764,3,guitar,3,guitar,6,person,6,person,3,guitar
8765,3,guitar,3,guitar,6,person,6,person,3,guitar
8766,3,guitar,3,guitar,6,person,6,person,3,guitar
8767,3,guitar,3,guitar,3,guitar,6,person,3,guitar
8768,3,guitar,3,guitar,3,guitar,6,person,3,guitar
8769,3,guitar,3,guitar,6,person,6,person,3,guitar
8770,3,guitar,2,giraffe,2,giraffe,6,person,3,guitar
8771,3,guitar,3,guitar,3,guitar,6,person,3,guitar
8772,3,guitar,3,guitar,3,guitar,6,person,3,guitar
8773,3,guitar,2,giraffe,6,person,6,person,1,elephant
8774,3,guitar,3,guitar,3,guitar,6,person,3,guitar
8775,3,guitar,2,giraffe,6,person,6,person,4,horse
8776,3,guitar,3,guitar,3,guitar,6,person,3,guitar
8777,3,guitar,3,guitar,3,guitar,6,person,3,guitar
8778,3,guitar,3,guitar,6,person,6,person,3,guitar
8779,3,guitar,2,giraffe,3,guitar,6,person,3,guitar
8780,3,guitar,3,guitar,3,guitar,6,person,3,guitar
8781,3,guitar,3,guitar,3,guitar,6,person,3,guitar
8782,3,guitar,3,guitar,3,guitar,6,person,3,guitar
8783,3,guitar,2,giraffe,3,guitar,6,person,3,guitar
8784,3,guitar,3,guitar,3,guitar,6,person,3,guitar
8785,3,guitar,3,guitar,3,guitar,6,person,3,guitar
8786,3,guitar,3,guitar,3,guitar,6,person,3,guitar
8787,3,guitar,3,guitar,3,guitar,6,person,3,guitar
8788,3,guitar,3,guitar,3,guitar,6,person,3,guitar
8789,3,guitar,2,giraffe,6,person,6,person,3,guitar
8790,3,guitar,3,guitar,3,guitar,6,person,3,guitar
8791,3,guitar,3,guitar,3,guitar,6,person,3,guitar
8792,3,guitar,3,guitar,3,guitar,6,person,3,guitar
8793,3,guitar,2,giraffe,3,guitar,6,person,3,guitar
8794,3,guitar,3,guitar,3,guitar,6,person,3,guitar
8795,3,guitar,3,guitar,3,guitar,6,person,3,guitar
8796,3,guitar,3,guitar,3,guitar,6,person,3,guitar
8797,3,guitar,3,guitar,3,guitar,6,person,3,guitar
8798,3,guitar,2,giraffe,6,person,6,person,3,guitar
8799,3,guitar,3,guitar,3,guitar,6,person,3,guitar
8800,3,guitar,3,guitar,3,guitar,6,person,3,guitar
8801,3,guitar,3,guitar,6,person,6,person,3,guitar
8802,3,guitar,3,guitar,3,guitar,6,person,3,guitar
8803,3,guitar,3,guitar,3,guitar,6,person,3,guitar
8804,3,guitar,3,guitar,3,guitar,6,person,3,guitar
8805,3,guitar,2,giraffe,3,guitar,6,person,3,guitar
8806,3,guitar,3,guitar,3,guitar,6,person,3,guitar
8807,3,guitar,3,guitar,3,guitar,6,person,3,guitar
8808,3,guitar,2,giraffe,3,guitar,6,person,1,elephant
8809,3,guitar,2,giraffe,3,guitar,6,person,3,guitar
8810,3,guitar,3,guitar,3,guitar,6,person,3,guitar
8811,3,guitar,3,guitar,3,guitar,6,person,3,guitar
8812,3,guitar,3,guitar,3,guitar,6,person,3,guitar
8813,3,guitar,3,guitar,6,person,6,person,3,guitar
8814,3,guitar,3,guitar,6,person,6,person,3,guitar
8815,3,guitar,3,guitar,2,giraffe,6,person,3,guitar
8816,3,guitar,3,guitar,6,person,6,person,3,guitar
8817,3,guitar,3,guitar,2,giraffe,6,person,3,guitar
8818,3,guitar,3,guitar,3,guitar,6,person,3,guitar
8819,3,guitar,3,guitar,6,person,6,person,3,guitar
8820,3,guitar,3,guitar,0,dog,6,person,3,guitar
8821,3,guitar,3,guitar,3,guitar,6,person,3,guitar
8822,3,guitar,3,guitar,6,person,6,person,3,guitar
8823,3,guitar,3,guitar,2,giraffe,6,person,3,guitar
8824,3,guitar,3,guitar,3,guitar,6,person,3,guitar
8825,3,guitar,2,giraffe,3,guitar,6,person,3,guitar
8826,3,guitar,3,guitar,3,guitar,6,person,3,guitar
8827,3,guitar,3,guitar,3,guitar,6,person,3,guitar
8828,3,guitar,3,guitar,3,guitar,6,person,3,guitar
8829,3,guitar,3,guitar,6,person,6,person,3,guitar
8830,3,guitar,3,guitar,3,guitar,6,person,3,guitar
8831,3,guitar,3,guitar,6,person,6,person,3,guitar
8832,3,guitar,3,guitar,3,guitar,6,person,3,guitar
8833,3,guitar,3,guitar,3,guitar,6,person,3,guitar
8834,3,guitar,3,guitar,3,guitar,6,person,3,guitar
8835,3,guitar,3,guitar,2,giraffe,6,person,3,guitar
8836,3,guitar,3,guitar,3,guitar,6,person,3,guitar
8837,3,guitar,3,guitar,3,guitar,6,person,3,guitar
8838,3,guitar,2,giraffe,3,guitar,6,person,3,guitar
8839,3,guitar,3,guitar,3,guitar,6,person,3,guitar
8840,3,guitar,3,guitar,3,guitar,6,person,3,guitar
8841,3,guitar,0,dog,3,guitar,6,person,1,elephant
8842,3,guitar,2,giraffe,3,guitar,6,person,3,guitar
8843,3,guitar,3,guitar,3,guitar,6,person,3,guitar
8844,3,guitar,2,giraffe,2,giraffe,6,person,2,giraffe
8845,3,guitar,3,guitar,3,guitar,6,person,3,guitar
8846,3,guitar,3,guitar,3,guitar,6,person,3,guitar
8847,3,guitar,3,guitar,6,person,6,person,3,guitar
8848,3,guitar,3,guitar,6,person,6,person,3,guitar
8849,3,guitar,3,guitar,3,guitar,6,person,3,guitar
8850,3,guitar,0,dog,1,elephant,6,person,1,elephant
8851,3,guitar,2,giraffe,2,giraffe,6,person,3,guitar
8852,3,guitar,3,guitar,3,guitar,6,person,3,guitar
8853,3,guitar,2,giraffe,3,guitar,6,person,3,guitar
8854,3,guitar,3,guitar,3,guitar,6,person,3,guitar
8855,3,guitar,3,guitar,3,guitar,6,person,3,guitar
8856,3,guitar,1,elephant,1,elephant,6,person,1,elephant
8857,3,guitar,2,giraffe,6,person,6,person,3,guitar
8858,3,guitar,3,guitar,6,person,6,person,3,guitar
8859,3,guitar,3,guitar,3,guitar,6,person,3,guitar
8860,3,guitar,3,guitar,3,guitar,6,person,3,guitar
8861,3,guitar,3,guitar,3,guitar,6,person,3,guitar
8862,3,guitar,2,giraffe,2,giraffe,6,person,2,giraffe
8863,3,guitar,3,guitar,3,guitar,6,person,3,guitar
8864,3,guitar,3,guitar,3,guitar,6,person,3,guitar
8865,3,guitar,3,guitar,3,guitar,6,person,3,guitar
8866,3,guitar,3,guitar,3,guitar,6,person,3,guitar
8867,3,guitar,3,guitar,3,guitar,6,person,3,guitar
8868,3,guitar,3,guitar,6,person,6,person,3,guitar
8869,3,guitar,3,guitar,6,person,6,person,3,guitar
8870,3,guitar,3,guitar,6,person,6,person,3,guitar
8871,3,guitar,3,guitar,3,guitar,6,person,3,guitar
8872,3,guitar,3,guitar,3,guitar,6,person,3,guitar
8873,3,guitar,3,guitar,6,person,6,person,3,guitar
8874,3,guitar,3,guitar,6,person,6,person,3,guitar
8875,3,guitar,1,elephant,3,guitar,6,person,3,guitar
8876,3,guitar,2,giraffe,3,guitar,6,person,3,guitar
8877,3,guitar,2,giraffe,6,person,6,person,3,guitar
8878,3,guitar,3,guitar,3,guitar,6,person,3,guitar
8879,3,guitar,2,giraffe,6,person,6,person,3,guitar
8880,3,guitar,2,giraffe,3,guitar,6,person,3,guitar
8881,3,guitar,3,guitar,3,guitar,6,person,3,guitar
8882,3,guitar,3,guitar,3,guitar,6,person,3,guitar
8883,3,guitar,2,giraffe,3,guitar,6,person,3,guitar
8884,3,guitar,3,guitar,3,guitar,6,person,3,guitar
8885,3,guitar,3,guitar,3,guitar,6,person,3,guitar
8886,3,guitar,3,guitar,3,guitar,6,person,3,guitar
8887,3,guitar,3,guitar,3,guitar,6,person,3,guitar
8888,3,guitar,3,guitar,6,person,6,person,3,guitar
8889,3,guitar,3,guitar,3,guitar,6,person,3,guitar
8890,3,guitar,3,guitar,3,guitar,6,person,3,guitar
8891,3,guitar,3,guitar,6,person,6,person,3,guitar
8892,3,guitar,3,guitar,3,guitar,6,person,3,guitar
8893,3,guitar,3,guitar,6,person,6,person,3,guitar
8894,3,guitar,3,guitar,6,person,6,person,3,guitar
8895,3,guitar,3,guitar,3,guitar,6,person,3,guitar
8896,3,guitar,3,guitar,3,guitar,6,person,3,guitar
8897,3,guitar,3,guitar,6,person,6,person,3,guitar
8898,3,guitar,3,guitar,3,guitar,6,person,3,guitar
8899,3,guitar,3,guitar,6,person,6,person,3,guitar
8900,3,guitar,3,guitar,3,guitar,6,person,3,guitar
8901,3,guitar,3,guitar,6,person,6,person,3,guitar
8902,3,guitar,3,guitar,6,person,6,person,3,guitar
8903,3,guitar,3,guitar,3,guitar,6,person,3,guitar
8904,3,guitar,2,giraffe,3,guitar,6,person,3,guitar
8905,3,guitar,3,guitar,3,guitar,6,person,3,guitar
8906,3,guitar,3,guitar,6,person,6,person,3,guitar
8907,3,guitar,2,giraffe,2,giraffe,6,person,4,horse
8908,3,guitar,3,guitar,3,guitar,6,person,3,guitar
8909,3,guitar,2,giraffe,3,guitar,6,person,3,guitar
8910,3,guitar,3,guitar,3,guitar,6,person,3,guitar
8911,3,guitar,3,guitar,3,guitar,6,person,3,guitar
8912,3,guitar,3,guitar,3,guitar,6,person,3,guitar
8913,3,guitar,3,guitar,3,guitar,6,person,3,guitar
8914,3,guitar,3,guitar,6,person,6,person,3,guitar
8915,3,guitar,3,guitar,6,person,6,person,3,guitar
8916,3,guitar,3,guitar,3,guitar,6,person,3,guitar
8917,3,guitar,3,guitar,3,guitar,6,person,3,guitar
8918,3,guitar,3,guitar,3,guitar,6,person,3,guitar
8919,3,guitar,3,guitar,3,guitar,6,person,3,guitar
8920,3,guitar,3,guitar,3,guitar,6,person,3,guitar
8921,3,guitar,2,giraffe,3,guitar,6,person,3,guitar
8922,3,guitar,3,guitar,3,guitar,6,person,3,guitar
8923,3,guitar,2,giraffe,3,guitar,6,person,3,guitar
8924,3,guitar,2,giraffe,6,person,6,person,3,guitar
8925,3,guitar,3,guitar,3,guitar,6,person,3,guitar
8926,3,guitar,2,giraffe,3,guitar,6,person,3,guitar
8927,3,guitar,2,giraffe,3,guitar,6,person,3,guitar
8928,3,guitar,2,giraffe,3,guitar,6,person,3,guitar
8929,3,guitar,3,guitar,3,guitar,6,person,3,guitar
8930,3,guitar,2,giraffe,6,person,6,person,3,guitar
8931,3,guitar,3,guitar,3,guitar,6,person,3,guitar
8932,3,guitar,3,guitar,3,guitar,6,person,3,guitar
8933,3,guitar,3,guitar,3,guitar,6,person,3,guitar
8934,3,guitar,3,guitar,3,guitar,6,person,3,guitar
8935,4,horse,2,giraffe,5,house,6,person,1,elephant
8936,4,horse,2,giraffe,5,house,6,person,6,person
8937,4,horse,2,giraffe,5,house,6,person,2,giraffe
8938,4,horse,4,horse,5,house,6,person,4,horse
8939,4,horse,4,horse,5,house,6,person,4,horse
8940,4,horse,2,giraffe,5,house,6,person,4,horse
8941,4,horse,2,giraffe,5,house,6,person,4,horse
8942,4,horse,2,giraffe,5,house,6,person,4,horse
8943,4,horse,2,giraffe,5,house,6,person,4,horse
8944,4,horse,4,horse,5,house,6,person,6,person
8945,4,horse,2,giraffe,5,house,6,person,6,person
8946,4,horse,2,giraffe,5,house,6,person,4,horse
8947,4,horse,2,giraffe,5,house,6,person,4,horse
8948,4,horse,2,giraffe,5,house,6,person,4,horse
8949,4,horse,0,dog,5,house,6,person,4,horse
8950,4,horse,2,giraffe,5,house,6,person,4,horse
8951,4,horse,2,giraffe,5,house,6,person,6,person
8952,4,horse,0,dog,5,house,6,person,4,horse
8953,4,horse,2,giraffe,5,house,6,person,4,horse
8954,4,horse,2,giraffe,5,house,6,person,1,elephant
8955,4,horse,4,horse,5,house,6,person,4,horse
8956,4,horse,2,giraffe,5,house,6,person,4,horse
8957,4,horse,4,horse,5,house,6,person,4,horse
8958,4,horse,4,horse,5,house,6,person,4,horse
8959,4,horse,4,horse,5,house,6,person,4,horse
8960,4,horse,2,giraffe,5,house,6,person,6,person
8961,4,horse,2,giraffe,5,house,6,person,4,horse
8962,4,horse,1,elephant,5,house,6,person,4,horse
8963,4,horse,1,elephant,5,house,6,person,1,elephant
8964,4,horse,1,elephant,5,house,6,person,1,elephant
8965,4,horse,2,giraffe,5,house,6,person,6,person
8966,4,horse,2,giraffe,5,house,6,person,4,horse
8967,4,horse,4,horse,5,house,6,person,4,horse
8968,4,horse,1,elephant,5,house,6,person,4,horse
8969,4,horse,2,giraffe,5,house,6,person,1,elephant
8970,4,horse,1,elephant,5,house,6,person,1,elephant
8971,4,horse,4,horse,5,house,6,person,4,horse
8972,4,horse,2,giraffe,5,house,6,person,4,horse
8973,4,horse,2,giraffe,5,house,6,person,4,horse
8974,4,horse,2,giraffe,5,house,6,person,4,horse
8975,4,horse,1,elephant,5,house,6,person,4,horse
8976,4,horse,2,giraffe,5,house,6,person,4,horse
8977,4,horse,2,giraffe,5,house,6,person,4,horse
8978,4,horse,0,dog,5,house,6,person,4,horse
8979,4,horse,4,horse,5,house,6,person,4,horse
8980,4,horse,4,horse,5,house,6,person,4,horse
8981,4,horse,2,giraffe,5,house,6,person,4,horse
8982,4,horse,4,horse,5,house,6,person,4,horse
8983,4,horse,4,horse,5,house,6,person,1,elephant
8984,4,horse,0,dog,5,house,6,person,4,horse
8985,4,horse,1,elephant,5,house,6,person,1,elephant
8986,4,horse,0,dog,5,house,6,person,1,elephant
8987,4,horse,4,horse,5,house,6,person,4,horse
8988,4,horse,4,horse,5,house,6,person,4,horse
8989,4,horse,2,giraffe,5,house,6,person,4,horse
8990,4,horse,2,giraffe,5,house,6,person,4,horse
8991,4,horse,2,giraffe,5,house,6,person,4,horse
8992,4,horse,4,horse,5,house,6,person,4,horse
8993,4,horse,2,giraffe,5,house,6,person,4,horse
8994,4,horse,2,giraffe,5,house,6,person,4,horse
8995,4,horse,2,giraffe,5,house,6,person,4,horse
8996,4,horse,0,dog,5,house,6,person,4,horse
8997,4,horse,4,horse,5,house,6,person,4,horse
8998,4,horse,4,horse,5,house,6,person,4,horse
8999,4,horse,2,giraffe,5,house,6,person,4,horse
9000,4,horse,2,giraffe,5,house,6,person,4,horse
9001,4,horse,2,giraffe,5,house,6,person,4,horse
9002,4,horse,0,dog,5,house,6,person,4,horse
9003,4,horse,2,giraffe,5,house,6,person,6,person
9004,4,horse,4,horse,5,house,6,person,4,horse
9005,4,horse,2,giraffe,5,house,6,person,4,horse
9006,4,horse,2,giraffe,5,house,6,person,6,person
9007,4,horse,1,elephant,5,house,6,person,4,horse
9008,4,horse,2,giraffe,5,house,6,person,3,guitar
9009,4,horse,1,elephant,5,house,6,person,1,elephant
9010,4,horse,0,dog,5,house,6,person,4,horse
9011,4,horse,2,giraffe,5,house,6,person,2,giraffe
9012,4,horse,2,giraffe,5,house,6,person,4,horse
9013,4,horse,4,horse,5,house,6,person,4,horse
9014,4,horse,2,giraffe,5,house,6,person,4,horse
9015,4,horse,4,horse,4,horse,6,person,4,horse
9016,4,horse,0,dog,6,person,6,person,4,horse
9017,4,horse,0,dog,0,dog,6,person,4,horse
9018,4,horse,0,dog,4,horse,6,person,4,horse
9019,4,horse,4,horse,4,horse,6,person,4,horse
9020,4,horse,4,horse,4,horse,6,person,4,horse
9021,4,horse,4,horse,4,horse,6,person,4,horse
9022,4,horse,4,horse,6,person,6,person,4,horse
9023,4,horse,4,horse,4,horse,6,person,4,horse
9024,4,horse,4,horse,4,horse,6,person,4,horse
9025,4,horse,4,horse,4,horse,6,person,4,horse
9026,4,horse,0,dog,4,horse,6,person,4,horse
9027,4,horse,4,horse,4,horse,6,person,4,horse
9028,4,horse,4,horse,4,horse,6,person,4,horse
9029,4,horse,0,dog,0,dog,6,person,0,dog
9030,4,horse,4,horse,4,horse,6,person,4,horse
9031,4,horse,4,horse,4,horse,6,person,4,horse
9032,4,horse,4,horse,4,horse,6,person,4,horse
9033,4,horse,4,horse,6,person,6,person,4,horse
9034,4,horse,4,horse,4,horse,6,person,4,horse
9035,4,horse,4,horse,4,horse,6,person,4,horse
9036,4,horse,4,horse,4,horse,6,person,4,horse
9037,4,horse,4,horse,4,horse,6,person,4,horse
9038,4,horse,4,horse,4,horse,6,person,4,horse
9039,4,horse,4,horse,4,horse,6,person,4,horse
9040,4,horse,4,horse,4,horse,6,person,4,horse
9041,4,horse,4,horse,4,horse,6,person,4,horse
9042,4,horse,2,giraffe,4,horse,6,person,4,horse
9043,4,horse,4,horse,0,dog,6,person,4,horse
9044,4,horse,2,giraffe,4,horse,6,person,4,horse
9045,4,horse,0,dog,4,horse,6,person,4,horse
9046,4,horse,2,giraffe,4,horse,6,person,5,house
9047,4,horse,0,dog,4,horse,6,person,4,horse
9048,4,horse,4,horse,4,horse,6,person,4,horse
9049,4,horse,2,giraffe,1,elephant,6,person,1,elephant
9050,4,horse,4,horse,4,horse,6,person,1,elephant
9051,4,horse,0,dog,1,elephant,6,person,1,elephant
9052,4,horse,4,horse,1,elephant,6,person,1,elephant
9053,4,horse,4,horse,4,horse,6,person,4,horse
9054,4,horse,4,horse,4,horse,6,person,4,horse
9055,4,horse,2,giraffe,4,horse,6,person,1,elephant
9056,4,horse,0,dog,4,horse,6,person,4,horse
9057,4,horse,2,giraffe,2,giraffe,6,person,4,horse
9058,4,horse,2,giraffe,6,person,6,person,4,horse
9059,4,horse,4,horse,0,dog,6,person,4,horse
9060,4,horse,2,giraffe,6,person,6,person,1,elephant
9061,4,horse,2,giraffe,1,elephant,6,person,4,horse
9062,4,horse,2,giraffe,6,person,6,person,1,elephant
9063,4,horse,4,horse,4,horse,6,person,4,horse
9064,4,horse,2,giraffe,4,horse,6,person,4,horse
9065,4,horse,0,dog,6,person,6,person,4,horse
9066,4,horse,4,horse,4,horse,6,person,4,horse
9067,4,horse,2,giraffe,4,horse,6,person,4,horse
9068,4,horse,4,horse,4,horse,6,person,4,horse
9069,4,horse,4,horse,4,horse,6,person,4,horse
9070,4,horse,2,giraffe,4,horse,6,person,4,horse
9071,4,horse,4,horse,4,horse,6,person,4,horse
9072,4,horse,2,giraffe,4,horse,6,person,4,horse
9073,4,horse,2,giraffe,1,elephant,6,person,4,horse
9074,4,horse,0,dog,2,giraffe,6,person,4,horse
9075,4,horse,4,horse,4,horse,6,person,4,horse
9076,4,horse,0,dog,4,horse,6,person,1,elephant
9077,4,horse,4,horse,2,giraffe,6,person,4,horse
9078,4,horse,4,horse,4,horse,6,person,4,horse
9079,4,horse,4,horse,4,horse,6,person,4,horse
9080,4,horse,2,giraffe,6,person,6,person,4,horse
9081,4,horse,4,horse,4,horse,6,person,4,horse
9082,4,horse,4,horse,4,horse,6,person,4,horse
9083,4,horse,4,horse,2,giraffe,6,person,4,horse
9084,4,horse,4,horse,4,horse,6,person,4,horse
9085,4,horse,4,horse,2,giraffe,6,person,4,horse
9086,4,horse,0,dog,2,giraffe,6,person,4,horse
9087,4,horse,2,giraffe,4,horse,6,person,4,horse
9088,4,horse,0,dog,2,giraffe,6,person,4,horse
9089,4,horse,2,giraffe,0,dog,6,person,0,dog
9090,4,horse,4,horse,4,horse,6,person,4,horse
9091,4,horse,2,giraffe,4,horse,6,person,0,dog
9092,4,horse,4,horse,6,person,6,person,4,horse
9093,4,horse,2,giraffe,2,giraffe,6,person,4,horse
9094,4,horse,2,giraffe,2,giraffe,6,person,4,horse
9095,4,horse,2,giraffe,4,horse,6,person,1,elephant
9096,4,horse,4,horse,4,horse,6,person,4,horse
9097,4,horse,4,horse,4,horse,6,person,4,horse
9098,4,horse,4,horse,4,horse,6,person,4,horse
9099,4,horse,4,horse,4,horse,6,person,4,horse
9100,4,horse,4,horse,4,horse,6,person,4,horse
9101,4,horse,4,horse,4,horse,6,person,4,horse
9102,4,horse,4,horse,6,person,6,person,4,horse
9103,4,horse,0,dog,6,person,6,person,6,person
9104,4,horse,0,dog,6,person,6,person,4,horse
9105,4,horse,0,dog,6,person,6,person,4,horse
9106,4,horse,4,horse,6,person,6,person,4,horse
9107,4,horse,4,horse,4,horse,6,person,4,horse
9108,4,horse,2,giraffe,4,horse,6,person,4,horse
9109,4,horse,4,horse,4,horse,6,person,4,horse
9110,4,horse,2,giraffe,4,horse,6,person,4,horse
9111,4,horse,4,horse,0,dog,6,person,4,horse
9112,4,horse,4,horse,4,horse,6,person,4,horse
9113,4,horse,2,giraffe,4,horse,6,person,4,horse
9114,4,horse,4,horse,4,horse,6,person,4,horse
9115,4,horse,2,giraffe,6,person,6,person,4,horse
9116,4,horse,4,horse,4,horse,6,person,4,horse
9117,4,horse,0,dog,0,dog,6,person,4,horse
9118,4,horse,4,horse,4,horse,6,person,4,horse
9119,4,horse,4,horse,4,horse,6,person,4,horse
9120,4,horse,4,horse,4,horse,6,person,4,horse
9121,4,horse,4,horse,4,horse,6,person,4,horse
9122,4,horse,4,horse,4,horse,6,person,4,horse
9123,4,horse,4,horse,4,horse,6,person,4,horse
9124,4,horse,4,horse,4,horse,6,person,4,horse
9125,4,horse,4,horse,6,person,6,person,1,elephant
9126,4,horse,0,dog,6,person,6,person,4,horse
9127,4,horse,4,horse,4,horse,6,person,4,horse
9128,4,horse,4,horse,4,horse,6,person,4,horse
9129,4,horse,4,horse,4,horse,6,person,4,horse
9130,4,horse,0,dog,6,person,6,person,4,horse
9131,4,horse,4,horse,4,horse,6,person,4,horse
9132,4,horse,4,horse,4,horse,6,person,4,horse
9133,4,horse,2,giraffe,0,dog,6,person,6,person
9134,4,horse,2,giraffe,4,horse,6,person,4,horse
9135,4,horse,2,giraffe,4,horse,6,person,4,horse
9136,4,horse,4,horse,6,person,6,person,4,horse
9137,4,horse,2,giraffe,4,horse,6,person,4,horse
9138,4,horse,2,giraffe,4,horse,6,person,4,horse
9139,4,horse,2,giraffe,4,horse,6,person,4,horse
9140,4,horse,4,horse,6,person,6,person,6,person
9141,4,horse,4,horse,4,horse,6,person,4,horse
9142,4,horse,4,horse,4,horse,6,person,4,horse
9143,4,horse,4,horse,4,horse,6,person,4,horse
9144,4,horse,2,giraffe,0,dog,6,person,4,horse
9145,4,horse,0,dog,6,person,6,person,4,horse
9146,4,horse,0,dog,6,person,6,person,4,horse
9147,4,horse,4,horse,6,person,6,person,4,horse
9148,4,horse,4,horse,4,horse,6,person,4,horse
9149,4,horse,4,horse,4,horse,6,person,4,horse
9150,4,horse,2,giraffe,4,horse,6,person,4,horse
9151,4,horse,2,giraffe,2,giraffe,6,person,4,horse
9152,4,horse,4,horse,4,horse,6,person,4,horse
9153,4,horse,4,horse,4,horse,6,person,4,horse
9154,4,horse,0,dog,6,person,6,person,4,horse
9155,4,horse,2,giraffe,4,horse,6,person,4,horse
9156,4,horse,2,giraffe,1,elephant,6,person,1,elephant
9157,4,horse,2,giraffe,4,horse,6,person,4,horse
9158,4,horse,2,giraffe,4,horse,6,person,4,horse
9159,4,horse,4,horse,4,horse,6,person,4,horse
9160,4,horse,0,dog,4,horse,6,person,4,horse
9161,4,horse,2,giraffe,4,horse,6,person,4,horse
9162,4,horse,0,dog,4,horse,6,person,4,horse
9163,4,horse,0,dog,4,horse,6,person,4,horse
9164,4,horse,4,horse,6,person,6,person,4,horse
9165,4,horse,4,horse,4,horse,6,person,4,horse
9166,4,horse,4,horse,4,horse,6,person,4,horse
9167,4,horse,4,horse,6,person,6,person,4,horse
9168,4,horse,4,horse,4,horse,6,person,4,horse
9169,4,horse,0,dog,6,person,6,person,4,horse
9170,4,horse,2,giraffe,4,horse,6,person,4,horse
9171,4,horse,4,horse,4,horse,6,person,4,horse
9172,4,horse,4,horse,4,horse,6,person,4,horse
9173,4,horse,4,horse,4,horse,6,person,4,horse
9174,4,horse,2,giraffe,4,horse,6,person,4,horse
9175,4,horse,4,horse,2,giraffe,6,person,4,horse
9176,4,horse,4,horse,4,horse,6,person,4,horse
9177,4,horse,2,giraffe,0,dog,6,person,4,horse
9178,4,horse,4,horse,4,horse,6,person,4,horse
9179,4,horse,2,giraffe,6,person,6,person,4,horse
9180,4,horse,0,dog,6,person,6,person,1,elephant
9181,4,horse,0,dog,4,horse,6,person,4,horse
9182,4,horse,4,horse,4,horse,6,person,4,horse
9183,4,horse,0,dog,0,dog,6,person,0,dog
9184,4,horse,2,giraffe,4,horse,6,person,4,horse
9185,4,horse,2,giraffe,6,person,6,person,4,horse
9186,4,horse,4,horse,6,person,6,person,4,horse
9187,4,horse,4,horse,4,horse,6,person,4,horse
9188,4,horse,4,horse,6,person,6,person,4,horse
9189,4,horse,4,horse,4,horse,6,person,4,horse
9190,4,horse,4,horse,4,horse,6,person,4,horse
9191,4,horse,4,horse,4,horse,6,person,4,horse
9192,4,horse,4,horse,0,dog,6,person,4,horse
9193,4,horse,4,horse,4,horse,6,person,4,horse
9194,4,horse,2,giraffe,4,horse,6,person,4,horse
9195,4,horse,2,giraffe,4,horse,6,person,4,horse
9196,4,horse,4,horse,4,horse,6,person,4,horse
9197,4,horse,0,dog,2,giraffe,6,person,4,horse
9198,4,horse,2,giraffe,0,dog,6,person,4,horse
9199,4,horse,2,giraffe,4,horse,6,person,4,horse
9200,4,horse,4,horse,4,horse,6,person,4,horse
9201,4,horse,4,horse,4,horse,6,person,4,horse
9202,4,horse,4,horse,4,horse,6,person,4,horse
9203,4,horse,4,horse,4,horse,6,person,4,horse
9204,4,horse,4,horse,6,person,6,person,4,horse
9205,4,horse,4,horse,4,horse,6,person,4,horse
9206,4,horse,2,giraffe,4,horse,6,person,4,horse
9207,4,horse,0,dog,5,house,6,person,5,house
9208,4,horse,4,horse,4,horse,6,person,4,horse
9209,4,horse,4,horse,4,horse,6,person,4,horse
9210,4,horse,2,giraffe,4,horse,6,person,4,horse
9211,4,horse,4,horse,4,horse,6,person,4,horse
9212,4,horse,4,horse,4,horse,6,person,4,horse
9213,4,horse,4,horse,4,horse,6,person,4,horse
9214,4,horse,2,giraffe,4,horse,6,person,4,horse
9215,4,horse,0,dog,4,horse,6,person,4,horse
9216,4,horse,0,dog,0,dog,6,person,4,horse
9217,4,horse,4,horse,4,horse,6,person,4,horse
9218,4,horse,4,horse,4,horse,6,person,4,horse
9219,4,horse,4,horse,4,horse,6,person,4,horse
9220,4,horse,2,giraffe,1,elephant,6,person,1,elephant
9221,4,horse,2,giraffe,2,giraffe,6,person,4,horse
9222,4,horse,0,dog,2,giraffe,6,person,4,horse
9223,4,horse,2,giraffe,2,giraffe,6,person,4,horse
9224,4,horse,4,horse,2,giraffe,6,person,4,horse
9225,4,horse,4,horse,6,person,6,person,4,horse
9226,4,horse,0,dog,6,person,6,person,6,person
9227,4,horse,4,horse,4,horse,6,person,4,horse
9228,4,horse,4,horse,4,horse,6,person,4,horse
9229,4,horse,4,horse,4,horse,6,person,4,horse
9230,4,horse,4,horse,4,horse,6,person,4,horse
9231,4,horse,4,horse,4,horse,6,person,4,horse
9232,4,horse,4,horse,4,horse,6,person,4,horse
9233,4,horse,4,horse,4,horse,6,person,4,horse
9234,4,horse,4,horse,4,horse,6,person,4,horse
9235,4,horse,2,giraffe,4,horse,6,person,4,horse
9236,4,horse,2,giraffe,4,horse,6,person,4,horse
9237,4,horse,4,horse,4,horse,6,person,4,horse
9238,4,horse,0,dog,6,person,6,person,0,dog
9239,4,horse,4,horse,4,horse,6,person,4,horse
9240,4,horse,0,dog,0,dog,6,person,0,dog
9241,4,horse,4,horse,4,horse,6,person,4,horse
9242,4,horse,0,dog,4,horse,6,person,4,horse
9243,4,horse,4,horse,4,horse,6,person,4,horse
9244,4,horse,2,giraffe,1,elephant,6,person,4,horse
9245,4,horse,0,dog,1,elephant,6,person,0,dog
9246,4,horse,4,horse,4,horse,6,person,1,elephant
9247,4,horse,4,horse,4,horse,6,person,4,horse
9248,4,horse,2,giraffe,4,horse,6,person,4,horse
9249,4,horse,4,horse,4,horse,6,person,4,horse
9250,4,horse,2,giraffe,6,person,6,person,4,horse
9251,4,horse,2,giraffe,6,person,6,person,6,person
9252,4,horse,4,horse,1,elephant,6,person,4,horse
9253,4,horse,4,horse,2,giraffe,6,person,1,elephant
9254,4,horse,1,elephant,1,elephant,6,person,1,elephant
9255,4,horse,4,horse,4,horse,6,person,4,horse
9256,4,horse,4,horse,4,horse,6,person,4,horse
9257,4,horse,2,giraffe,1,elephant,6,person,1,elephant
9258,4,horse,0,dog,1,elephant,6,person,4,horse
9259,4,horse,4,horse,6,person,6,person,4,horse
9260,4,horse,4,horse,4,horse,6,person,4,horse
9261,4,horse,4,horse,4,horse,6,person,4,horse
9262,4,horse,4,horse,4,horse,6,person,4,horse
9263,4,horse,4,horse,4,horse,6,person,4,horse
9264,4,horse,2,giraffe,4,horse,6,person,4,horse
9265,4,horse,0,dog,1,elephant,6,person,1,elephant
9266,4,horse,4,horse,4,horse,6,person,4,horse
9267,4,horse,0,dog,6,person,6,person,4,horse
9268,4,horse,4,horse,4,horse,6,person,4,horse
9269,4,horse,4,horse,4,horse,6,person,4,horse
9270,4,horse,4,horse,4,horse,6,person,4,horse
9271,4,horse,4,horse,4,horse,6,person,1,elephant
9272,4,horse,4,horse,4,horse,6,person,4,horse
9273,4,horse,4,horse,4,horse,6,person,4,horse
9274,4,horse,4,horse,4,horse,6,person,4,horse
9275,4,horse,0,dog,4,horse,6,person,4,horse
9276,4,horse,4,horse,4,horse,6,person,4,horse
9277,4,horse,4,horse,4,horse,6,person,4,horse
9278,4,horse,4,horse,4,horse,6,person,4,horse
9279,4,horse,4,horse,4,horse,6,person,4,horse
9280,4,horse,4,horse,6,person,6,person,4,horse
9281,4,horse,2,giraffe,2,giraffe,6,person,4,horse
9282,4,horse,0,dog,1,elephant,6,person,4,horse
9283,4,horse,6,person,6,person,6,person,1,elephant
9284,4,horse,2,giraffe,6,person,6,person,4,horse
9285,4,horse,2,giraffe,1,elephant,6,person,1,elephant
9286,4,horse,4,horse,4,horse,6,person,4,horse
9287,4,horse,4,horse,4,horse,6,person,4,horse
9288,4,horse,2,giraffe,4,horse,6,person,4,horse
9289,4,horse,0,dog,0,dog,6,person,4,horse
9290,4,horse,4,horse,4,horse,6,person,4,horse
9291,4,horse,4,horse,4,horse,6,person,4,horse
9292,4,horse,4,horse,4,horse,6,person,4,horse
9293,4,horse,2,giraffe,4,horse,6,person,4,horse
9294,4,horse,4,horse,4,horse,6,person,4,horse
9295,4,horse,4,horse,4,horse,6,person,4,horse
9296,4,horse,4,horse,4,horse,6,person,4,horse
9297,4,horse,4,horse,1,elephant,6,person,4,horse
9298,4,horse,4,horse,6,person,6,person,4,horse
9299,4,horse,2,giraffe,1,elephant,6,person,1,elephant
9300,4,horse,2,giraffe,4,horse,6,person,4,horse
9301,4,horse,4,horse,6,person,6,person,4,horse
9302,4,horse,4,horse,4,horse,6,person,4,horse
9303,4,horse,2,giraffe,4,horse,6,person,4,horse
9304,4,horse,4,horse,4,horse,6,person,4,horse
9305,4,horse,4,horse,4,horse,6,person,4,horse
9306,4,horse,0,dog,6,person,6,person,4,horse
9307,4,horse,4,horse,4,horse,6,person,4,horse
9308,4,horse,0,dog,4,horse,6,person,4,horse
9309,4,horse,4,horse,2,giraffe,6,person,4,horse
9310,4,horse,4,horse,4,horse,6,person,4,horse
9311,4,horse,4,horse,2,giraffe,6,person,4,horse
9312,4,horse,4,horse,4,horse,6,person,4,horse
9313,4,horse,4,horse,4,horse,6,person,4,horse
9314,4,horse,0,dog,4,horse,6,person,4,horse
9315,4,horse,2,giraffe,4,horse,6,person,4,horse
9316,4,horse,4,horse,4,horse,6,person,4,horse
9317,4,horse,2,giraffe,1,elephant,6,person,1,elephant
9318,4,horse,2,giraffe,2,giraffe,6,person,4,horse
9319,4,horse,4,horse,4,horse,6,person,4,horse
9320,4,horse,6,person,6,person,6,person,4,horse
9321,4,horse,4,horse,4,horse,6,person,4,horse
9322,4,horse,0,dog,6,person,6,person,4,horse
9323,4,horse,2,giraffe,4,horse,6,person,4,horse
9324,4,horse,2,giraffe,4,horse,6,person,4,horse
9325,4,horse,4,horse,4,horse,6,person,4,horse
9326,4,horse,2,giraffe,6,person,6,person,4,horse
9327,4,horse,4,horse,4,horse,6,person,4,horse
9328,4,horse,4,horse,4,horse,6,person,4,horse
9329,4,horse,4,horse,4,horse,6,person,4,horse
9330,4,horse,4,horse,4,horse,6,person,4,horse
9331,4,horse,4,horse,4,horse,6,person,4,horse
9332,4,horse,4,horse,4,horse,6,person,4,horse
9333,4,horse,4,horse,4,horse,6,person,4,horse
9334,4,horse,4,horse,2,giraffe,6,person,4,horse
9335,4,horse,4,horse,4,horse,6,person,4,horse
9336,4,horse,2,giraffe,6,person,6,person,1,elephant
9337,4,horse,0,dog,6,person,6,person,4,horse
9338,4,horse,2,giraffe,4,horse,6,person,4,horse
9339,4,horse,2,giraffe,1,elephant,6,person,0,dog
9340,4,horse,2,giraffe,4,horse,6,person,4,horse
9341,4,horse,4,horse,4,horse,6,person,4,horse
9342,4,horse,2,giraffe,4,horse,6,person,4,horse
9343,4,horse,4,horse,4,horse,6,person,4,horse
9344,4,horse,4,horse,4,horse,6,person,4,horse
9345,4,horse,4,horse,4,horse,6,person,4,horse
9346,4,horse,4,horse,4,horse,6,person,4,horse
9347,4,horse,0,dog,6,person,6,person,4,horse
9348,4,horse,4,horse,4,horse,6,person,4,horse
9349,4,horse,0,dog,6,person,6,person,4,horse
9350,4,horse,2,giraffe,6,person,6,person,4,horse
9351,4,horse,2,giraffe,2,giraffe,6,person,0,dog
9352,4,horse,2,giraffe,2,giraffe,6,person,4,horse
9353,4,horse,4,horse,6,person,6,person,4,horse
9354,4,horse,4,horse,4,horse,6,person,4,horse
9355,4,horse,0,dog,4,horse,6,person,4,horse
9356,4,horse,4,horse,4,horse,6,person,4,horse
9357,4,horse,2,giraffe,4,horse,6,person,4,horse
9358,4,horse,4,horse,4,horse,6,person,4,horse
9359,4,horse,4,horse,4,horse,6,person,4,horse
9360,4,horse,4,horse,4,horse,6,person,4,horse
9361,4,horse,0,dog,4,horse,6,person,4,horse
9362,4,horse,4,horse,4,horse,6,person,4,horse
9363,4,horse,4,horse,4,horse,6,person,4,horse
9364,4,horse,4,horse,4,horse,6,person,4,horse
9365,4,horse,4,horse,4,horse,6,person,4,horse
9366,4,horse,4,horse,4,horse,6,person,4,horse
9367,4,horse,4,horse,0,dog,6,person,4,horse
9368,4,horse,4,horse,4,horse,6,person,4,horse
9369,4,horse,4,horse,4,horse,6,person,4,horse
9370,4,horse,4,horse,4,horse,6,person,4,horse
9371,4,horse,4,horse,4,horse,6,person,4,horse
9372,4,horse,0,dog,4,horse,6,person,4,horse
9373,4,horse,2,giraffe,4,horse,6,person,4,horse
9374,4,horse,2,giraffe,4,horse,6,person,4,horse
9375,4,horse,4,horse,4,horse,6,person,4,horse
9376,4,horse,4,horse,4,horse,6,person,4,horse
9377,4,horse,4,horse,4,horse,6,person,4,horse
9378,4,horse,4,horse,0,dog,6,person,4,horse
9379,4,horse,0,dog,6,person,6,person,1,elephant
9380,4,horse,0,dog,4,horse,6,person,4,horse
9381,4,horse,4,horse,4,horse,6,person,4,horse
9382,4,horse,2,giraffe,6,person,6,person,4,horse
9383,4,horse,4,horse,4,horse,6,person,4,horse
9384,4,horse,4,horse,4,horse,6,person,4,horse
9385,4,horse,4,horse,1,elephant,6,person,4,horse
9386,4,horse,4,horse,4,horse,6,person,4,horse
9387,4,horse,0,dog,1,elephant,6,person,4,horse
9388,4,horse,2,giraffe,6,person,6,person,4,horse
9389,4,horse,4,horse,4,horse,6,person,4,horse
9390,4,horse,0,dog,6,person,6,person,4,horse
9391,4,horse,0,dog,0,dog,6,person,0,dog
9392,4,horse,2,giraffe,4,horse,6,person,4,horse
9393,4,horse,4,horse,4,horse,6,person,4,horse
9394,4,horse,0,dog,6,person,6,person,1,elephant
9395,4,horse,4,horse,4,horse,6,person,4,horse
9396,4,horse,0,dog,4,horse,6,person,4,horse
9397,4,horse,4,horse,4,horse,6,person,4,horse
9398,4,horse,4,horse,4,horse,6,person,4,horse
9399,4,horse,4,horse,6,person,6,person,4,horse
9400,4,horse,2,giraffe,0,dog,6,person,4,horse
9401,4,horse,2,giraffe,4,horse,6,person,4,horse
9402,4,horse,4,horse,4,horse,6,person,4,horse
9403,4,horse,0,dog,6,person,6,person,4,horse
9404,4,horse,2,giraffe,4,horse,6,person,4,horse
9405,4,horse,4,horse,6,person,6,person,4,horse
9406,4,horse,4,horse,4,horse,6,person,4,horse
9407,4,horse,4,horse,6,person,6,person,4,horse
9408,4,horse,4,horse,4,horse,6,person,4,horse
9409,4,horse,4,horse,4,horse,6,person,4,horse
9410,4,horse,4,horse,4,horse,6,person,4,horse
9411,4,horse,4,horse,4,horse,6,person,4,horse
9412,4,horse,4,horse,4,horse,6,person,4,horse
9413,4,horse,4,horse,4,horse,6,person,4,horse
9414,4,horse,4,horse,4,horse,6,person,4,horse
9415,4,horse,4,horse,4,horse,6,person,4,horse
9416,4,horse,4,horse,4,horse,6,person,4,horse
9417,4,horse,4,horse,4,horse,6,person,4,horse
9418,4,horse,1,elephant,4,horse,6,person,4,horse
9419,4,horse,4,horse,4,horse,6,person,4,horse
9420,4,horse,4,horse,4,horse,6,person,4,horse
9421,4,horse,0,dog,1,elephant,6,person,4,horse
9422,4,horse,0,dog,4,horse,6,person,4,horse
9423,4,horse,4,horse,4,horse,6,person,4,horse
9424,4,horse,4,horse,4,horse,6,person,4,horse
9425,4,horse,4,horse,4,horse,6,person,4,horse
9426,4,horse,2,giraffe,4,horse,6,person,4,horse
9427,4,horse,2,giraffe,4,horse,6,person,4,horse
9428,4,horse,4,horse,4,horse,6,person,4,horse
9429,4,horse,2,giraffe,4,horse,6,person,4,horse
9430,4,horse,4,horse,4,horse,6,person,4,horse
9431,4,horse,0,dog,4,horse,6,person,1,elephant
9432,4,horse,0,dog,4,horse,6,person,4,horse
9433,4,horse,4,horse,4,horse,6,person,4,horse
9434,4,horse,2,giraffe,4,horse,6,person,4,horse
9435,4,horse,4,horse,4,horse,6,person,4,horse
9436,4,horse,4,horse,4,horse,6,person,4,horse
9437,4,horse,0,dog,6,person,6,person,6,person
9438,4,horse,4,horse,4,horse,6,person,4,horse
9439,4,horse,2,giraffe,6,person,6,person,4,horse
9440,4,horse,0,dog,6,person,6,person,4,horse
9441,4,horse,4,horse,4,horse,6,person,4,horse
9442,4,horse,0,dog,4,horse,6,person,4,horse
9443,4,horse,4,horse,4,horse,6,person,4,horse
9444,4,horse,2,giraffe,6,person,6,person,4,horse
9445,4,horse,4,horse,4,horse,6,person,4,horse
9446,4,horse,4,horse,4,horse,6,person,4,horse
9447,4,horse,4,horse,4,horse,6,person,4,horse
9448,4,horse,4,horse,4,horse,6,person,4,horse
9449,4,horse,4,horse,4,horse,6,person,4,horse
9450,4,horse,4,horse,4,horse,6,person,4,horse
9451,4,horse,0,dog,4,horse,6,person,4,horse
9452,4,horse,4,horse,4,horse,6,person,4,horse
9453,4,horse,4,horse,4,horse,6,person,4,horse
9454,4,horse,4,horse,4,horse,6,person,4,horse
9455,4,horse,0,dog,1,elephant,6,person,4,horse
9456,4,horse,4,horse,4,horse,6,person,4,horse
9457,4,horse,0,dog,4,horse,6,person,4,horse
9458,4,horse,0,dog,0,dog,6,person,4,horse
9459,4,horse,4,horse,6,person,6,person,4,horse
9460,4,horse,2,giraffe,4,horse,6,person,4,horse
9461,4,horse,2,giraffe,4,horse,6,person,4,horse
9462,4,horse,4,horse,6,person,6,person,0,dog
9463,4,horse,4,horse,4,horse,6,person,4,horse
9464,4,horse,4,horse,6,person,6,person,4,horse
9465,4,horse,0,dog,4,horse,6,person,4,horse
9466,4,horse,4,horse,4,horse,6,person,4,horse
9467,4,horse,1,elephant,1,elephant,6,person,4,horse
9468,4,horse,2,giraffe,6,person,6,person,1,elephant
9469,4,horse,2,giraffe,4,horse,6,person,4,horse
9470,4,horse,4,horse,4,horse,6,person,4,horse
9471,4,horse,4,horse,4,horse,6,person,4,horse
9472,4,horse,4,horse,4,horse,6,person,4,horse
9473,4,horse,0,dog,6,person,6,person,4,horse
9474,4,horse,2,giraffe,6,person,6,person,4,horse
9475,4,horse,4,horse,4,horse,6,person,4,horse
9476,4,horse,0,dog,4,horse,6,person,4,horse
9477,4,horse,2,giraffe,6,person,6,person,4,horse
9478,4,horse,4,horse,4,horse,6,person,4,horse
9479,4,horse,2,giraffe,6,person,6,person,4,horse
9480,4,horse,0,dog,4,horse,6,person,4,horse
9481,4,horse,4,horse,6,person,6,person,4,horse
9482,4,horse,4,horse,4,horse,6,person,4,horse
9483,4,horse,4,horse,4,horse,6,person,4,horse
9484,4,horse,4,horse,4,horse,6,person,4,horse
9485,4,horse,4,horse,4,horse,6,person,4,horse
9486,4,horse,4,horse,4,horse,6,person,4,horse
9487,4,horse,4,horse,4,horse,6,person,4,horse
9488,4,horse,4,horse,4,horse,6,person,4,horse
9489,4,horse,4,horse,4,horse,6,person,4,horse
9490,4,horse,2,giraffe,6,person,6,person,4,horse
9491,4,horse,4,horse,4,horse,6,person,4,horse
9492,4,horse,4,horse,4,horse,6,person,4,horse
9493,4,horse,4,horse,4,horse,6,person,4,horse
9494,4,horse,4,horse,4,horse,6,person,4,horse
9495,4,horse,2,giraffe,4,horse,6,person,4,horse
9496,4,horse,4,horse,4,horse,6,person,4,horse
9497,4,horse,0,dog,4,horse,6,person,4,horse
9498,4,horse,4,horse,6,person,6,person,4,horse
9499,4,horse,0,dog,0,dog,6,person,0,dog
9500,4,horse,2,giraffe,0,dog,6,person,3,guitar
9501,4,horse,2,giraffe,0,dog,6,person,6,person
9502,4,horse,4,horse,4,horse,6,person,4,horse
9503,4,horse,4,horse,0,dog,6,person,4,horse
9504,4,horse,4,horse,0,dog,6,person,4,horse
9505,4,horse,4,horse,4,horse,6,person,4,horse
9506,4,horse,4,horse,0,dog,6,person,4,horse
9507,4,horse,2,giraffe,4,horse,6,person,4,horse
9508,4,horse,0,dog,0,dog,6,person,0,dog
9509,4,horse,4,horse,4,horse,6,person,4,horse
9510,4,horse,0,dog,2,giraffe,6,person,0,dog
9511,4,horse,0,dog,6,person,6,person,5,house
9512,4,horse,2,giraffe,2,giraffe,6,person,4,horse
9513,4,horse,0,dog,6,person,6,person,4,horse
9514,4,horse,2,giraffe,6,person,6,person,1,elephant
9515,4,horse,0,dog,6,person,6,person,0,dog
9516,4,horse,0,dog,6,person,6,person,1,elephant
9517,4,horse,0,dog,2,giraffe,6,person,0,dog
9518,4,horse,0,dog,6,person,6,person,4,horse
9519,4,horse,4,horse,4,horse,6,person,4,horse
9520,4,horse,2,giraffe,1,elephant,6,person,4,horse
9521,4,horse,2,giraffe,6,person,6,person,4,horse
9522,4,horse,4,horse,4,horse,6,person,1,elephant
9523,4,horse,4,horse,4,horse,6,person,4,horse
9524,4,horse,4,horse,4,horse,6,person,4,horse
9525,4,horse,2,giraffe,2,giraffe,6,person,4,horse
9526,4,horse,4,horse,4,horse,6,person,4,horse
9527,4,horse,4,horse,6,person,6,person,4,horse
9528,4,horse,2,giraffe,6,person,6,person,6,person
9529,4,horse,0,dog,6,person,6,person,0,dog
9530,4,horse,4,horse,6,person,6,person,4,horse
9531,4,horse,6,person,6,person,6,person,4,horse
9532,4,horse,4,horse,4,horse,6,person,4,horse
9533,4,horse,4,horse,6,person,6,person,4,horse
9534,4,horse,6,person,2,giraffe,6,person,4,horse
9535,4,horse,0,dog,6,person,6,person,4,horse
9536,4,horse,2,giraffe,4,horse,6,person,4,horse
9537,4,horse,0,dog,4,horse,6,person,4,horse
9538,4,horse,4,horse,4,horse,6,person,4,horse
9539,4,horse,0,dog,6,person,6,person,4,horse
9540,4,horse,0,dog,6,person,6,person,4,horse
9541,4,horse,0,dog,6,person,6,person,4,horse
9542,4,horse,4,horse,4,horse,6,person,4,horse
9543,4,horse,0,dog,6,person,6,person,4,horse
9544,4,horse,0,dog,6,person,6,person,4,horse
9545,4,horse,0,dog,4,horse,6,person,4,horse
9546,4,horse,4,horse,4,horse,6,person,4,horse
9547,4,horse,2,giraffe,0,dog,6,person,4,horse
9548,4,horse,4,horse,4,horse,6,person,4,horse
9549,4,horse,4,horse,4,horse,6,person,4,horse
9550,4,horse,4,horse,4,horse,6,person,4,horse
9551,4,horse,4,horse,4,horse,6,person,4,horse
9552,4,horse,0,dog,4,horse,6,person,4,horse
9553,4,horse,4,horse,4,horse,6,person,4,horse
9554,4,horse,2,giraffe,2,giraffe,6,person,4,horse
9555,4,horse,2,giraffe,4,horse,6,person,4,horse
9556,4,horse,2,giraffe,6,person,6,person,4,horse
9557,4,horse,2,giraffe,2,giraffe,6,person,4,horse
9558,4,horse,4,horse,6,person,6,person,4,horse
9559,4,horse,2,giraffe,4,horse,6,person,4,horse
9560,4,horse,2,giraffe,4,horse,6,person,4,horse
9561,4,horse,4,horse,4,horse,6,person,4,horse
9562,4,horse,4,horse,4,horse,6,person,4,horse
9563,4,horse,4,horse,4,horse,6,person,4,horse
9564,4,horse,4,horse,4,horse,6,person,4,horse
9565,4,horse,4,horse,4,horse,6,person,4,horse
9566,4,horse,4,horse,4,horse,6,person,4,horse
9567,4,horse,4,horse,4,horse,6,person,4,horse
9568,4,horse,4,horse,4,horse,6,person,4,horse
9569,4,horse,4,horse,4,horse,6,person,4,horse
9570,4,horse,2,giraffe,4,horse,6,person,4,horse
9571,4,horse,4,horse,4,horse,6,person,4,horse
9572,4,horse,4,horse,6,person,6,person,4,horse
9573,4,horse,4,horse,4,horse,6,person,4,horse
9574,4,horse,2,giraffe,4,horse,6,person,4,horse
9575,4,horse,4,horse,4,horse,6,person,4,horse
9576,4,horse,2,giraffe,4,horse,6,person,4,horse
9577,4,horse,4,horse,4,horse,6,person,4,horse
9578,4,horse,4,horse,2,giraffe,6,person,4,horse
9579,4,horse,4,horse,4,horse,6,person,4,horse
9580,4,horse,4,horse,4,horse,6,person,4,horse
9581,4,horse,4,horse,4,horse,6,person,4,horse
9582,4,horse,4,horse,1,elephant,6,person,1,elephant
9583,4,horse,0,dog,6,person,6,person,4,horse
9584,4,horse,4,horse,4,horse,6,person,4,horse
9585,4,horse,4,horse,1,elephant,6,person,4,horse
9586,4,horse,4,horse,4,horse,6,person,4,horse
9587,4,horse,4,horse,4,horse,6,person,4,horse
9588,4,horse,4,horse,4,horse,6,person,4,horse
9589,4,horse,4,horse,4,horse,6,person,4,horse
9590,4,horse,4,horse,4,horse,6,person,4,horse
9591,4,horse,4,horse,4,horse,6,person,4,horse
9592,4,horse,4,horse,4,horse,6,person,4,horse
9593,4,horse,4,horse,4,horse,6,person,4,horse
9594,4,horse,2,giraffe,4,horse,6,person,4,horse
9595,4,horse,4,horse,4,horse,6,person,4,horse
9596,4,horse,4,horse,4,horse,6,person,4,horse
9597,4,horse,4,horse,4,horse,6,person,4,horse
9598,4,horse,2,giraffe,4,horse,6,person,4,horse
9599,4,horse,4,horse,4,horse,6,person,4,horse
9600,4,horse,4,horse,4,horse,6,person,4,horse
9601,4,horse,4,horse,4,horse,6,person,4,horse
9602,4,horse,2,giraffe,4,horse,6,person,4,horse
9603,4,horse,4,horse,4,horse,6,person,4,horse
9604,4,horse,4,horse,4,horse,6,person,4,horse
9605,4,horse,4,horse,4,horse,6,person,4,horse
9606,4,horse,4,horse,4,horse,6,person,4,horse
9607,4,horse,2,giraffe,2,giraffe,6,person,4,horse
9608,4,horse,4,horse,6,person,6,person,4,horse
9609,4,horse,4,horse,6,person,6,person,4,horse
9610,4,horse,2,giraffe,4,horse,6,person,4,horse
9611,4,horse,0,dog,2,giraffe,6,person,4,horse
9612,4,horse,4,horse,4,horse,6,person,4,horse
9613,4,horse,4,horse,4,horse,6,person,4,horse
9614,4,horse,4,horse,4,horse,6,person,4,horse
9615,4,horse,4,horse,4,horse,6,person,4,horse
9616,4,horse,2,giraffe,1,elephant,6,person,4,horse
9617,4,horse,2,giraffe,2,giraffe,6,person,4,horse
9618,4,horse,0,dog,2,giraffe,6,person,4,horse
9619,4,horse,4,horse,4,horse,6,person,4,horse
9620,4,horse,0,dog,6,person,6,person,0,dog
9621,4,horse,0,dog,2,giraffe,6,person,4,horse
9622,4,horse,0,dog,4,horse,6,person,4,horse
9623,4,horse,2,giraffe,2,giraffe,6,person,4,horse
9624,4,horse,4,horse,4,horse,6,person,4,horse
9625,4,horse,4,horse,4,horse,6,person,4,horse
9626,4,horse,4,horse,4,horse,6,person,4,horse
9627,4,horse,2,giraffe,4,horse,6,person,4,horse
9628,4,horse,4,horse,4,horse,6,person,4,horse
9629,4,horse,4,horse,4,horse,6,person,4,horse
9630,4,horse,4,horse,4,horse,6,person,4,horse
9631,4,horse,4,horse,0,dog,6,person,4,horse
9632,4,horse,4,horse,6,person,6,person,4,horse
9633,4,horse,4,horse,0,dog,6,person,4,horse
9634,4,horse,4,horse,4,horse,6,person,4,horse
9635,4,horse,4,horse,4,horse,6,person,4,horse
9636,4,horse,0,dog,4,horse,6,person,4,horse
9637,4,horse,2,giraffe,4,horse,6,person,4,horse
9638,4,horse,4,horse,4,horse,6,person,4,horse
9639,4,horse,4,horse,4,horse,6,person,4,horse
9640,4,horse,4,horse,4,horse,6,person,4,horse
9641,4,horse,4,horse,4,horse,6,person,4,horse
9642,4,horse,2,giraffe,1,elephant,6,person,4,horse
9643,4,horse,4,horse,4,horse,6,person,4,horse
9644,4,horse,2,giraffe,4,horse,6,person,4,horse
9645,4,horse,4,horse,6,person,6,person,4,horse
9646,4,horse,0,dog,6,person,6,person,6,person
9647,4,horse,0,dog,4,horse,6,person,4,horse
9648,4,horse,2,giraffe,4,horse,6,person,4,horse
9649,4,horse,2,giraffe,4,horse,6,person,4,horse
9650,4,horse,4,horse,6,person,6,person,4,horse
9651,4,horse,2,giraffe,4,horse,6,person,4,horse
9652,4,horse,4,horse,4,horse,6,person,4,horse
9653,4,horse,0,dog,4,horse,6,person,4,horse
9654,4,horse,2,giraffe,0,dog,6,person,4,horse
9655,4,horse,0,dog,4,horse,6,person,4,horse
9656,4,horse,4,horse,4,horse,6,person,4,horse
9657,4,horse,4,horse,4,horse,6,person,4,horse
9658,4,horse,4,horse,6,person,6,person,4,horse
9659,4,horse,0,dog,0,dog,6,person,4,horse
9660,4,horse,4,horse,4,horse,6,person,4,horse
9661,4,horse,2,giraffe,4,horse,6,person,4,horse
9662,4,horse,4,horse,4,horse,6,person,4,horse
9663,4,horse,4,horse,4,horse,6,person,4,horse
9664,4,horse,4,horse,4,horse,6,person,4,horse
9665,4,horse,4,horse,4,horse,6,person,4,horse
9666,4,horse,4,horse,4,horse,6,person,4,horse
9667,4,horse,4,horse,6,person,6,person,1,elephant
9668,4,horse,4,horse,4,horse,6,person,4,horse
9669,4,horse,4,horse,4,horse,6,person,4,horse
9670,4,horse,4,horse,4,horse,6,person,4,horse
9671,4,horse,4,horse,4,horse,6,person,4,horse
9672,4,horse,4,horse,4,horse,6,person,4,horse
9673,4,horse,4,horse,4,horse,6,person,4,horse
9674,4,horse,4,horse,6,person,6,person,4,horse
9675,4,horse,2,giraffe,5,house,6,person,4,horse
9676,4,horse,2,giraffe,6,person,6,person,4,horse
9677,4,horse,4,horse,2,giraffe,6,person,4,horse
9678,4,horse,2,giraffe,4,horse,6,person,4,horse
9679,4,horse,0,dog,6,person,6,person,4,horse
9680,4,horse,4,horse,4,horse,6,person,4,horse
9681,4,horse,4,horse,4,horse,6,person,4,horse
9682,4,horse,4,horse,4,horse,6,person,4,horse
9683,4,horse,4,horse,4,horse,6,person,4,horse
9684,4,horse,4,horse,4,horse,6,person,4,horse
9685,4,horse,4,horse,4,horse,6,person,4,horse
9686,4,horse,0,dog,4,horse,6,person,4,horse
9687,4,horse,4,horse,4,horse,6,person,4,horse
9688,4,horse,4,horse,4,horse,6,person,4,horse
9689,4,horse,2,giraffe,4,horse,6,person,4,horse
9690,4,horse,4,horse,4,horse,6,person,4,horse
9691,4,horse,0,dog,4,horse,6,person,6,person
9692,4,horse,2,giraffe,6,person,6,person,4,horse
9693,4,horse,4,horse,4,horse,6,person,4,horse
9694,4,horse,2,giraffe,0,dog,6,person,4,horse
9695,4,horse,4,horse,4,horse,6,person,4,horse
9696,4,horse,2,giraffe,4,horse,6,person,4,horse
9697,4,horse,4,horse,4,horse,6,person,4,horse
9698,4,horse,4,horse,4,horse,6,person,4,horse
9699,4,horse,4,horse,4,horse,6,person,4,horse
9700,4,horse,4,horse,4,horse,6,person,4,horse
9701,4,horse,4,horse,4,horse,6,person,4,horse
9702,4,horse,4,horse,6,person,6,person,4,horse
9703,4,horse,0,dog,4,horse,6,person,4,horse
9704,4,horse,4,horse,4,horse,6,person,4,horse
9705,4,horse,4,horse,4,horse,6,person,4,horse
9706,4,horse,4,horse,4,horse,6,person,4,horse
9707,4,horse,4,horse,4,horse,6,person,4,horse
9708,4,horse,4,horse,4,horse,6,person,4,horse
9709,4,horse,4,horse,4,horse,6,person,4,horse
9710,4,horse,4,horse,4,horse,6,person,4,horse
9711,4,horse,0,dog,4,horse,6,person,4,horse
9712,4,horse,4,horse,4,horse,6,person,4,horse
9713,4,horse,2,giraffe,4,horse,6,person,4,horse
9714,4,horse,4,horse,4,horse,6,person,4,horse
9715,4,horse,4,horse,4,horse,6,person,4,horse
9716,4,horse,4,horse,4,horse,6,person,4,horse
9717,4,horse,4,horse,4,horse,6,person,4,horse
9718,4,horse,4,horse,4,horse,6,person,4,horse
9719,4,horse,2,giraffe,4,horse,6,person,4,horse
9720,4,horse,4,horse,4,horse,6,person,4,horse
9721,4,horse,4,horse,4,horse,6,person,4,horse
9722,4,horse,4,horse,4,horse,6,person,4,horse
9723,4,horse,4,horse,4,horse,6,person,4,horse
9724,4,horse,4,horse,4,horse,6,person,4,horse
9725,4,horse,2,giraffe,6,person,6,person,4,horse
9726,4,horse,4,horse,4,horse,6,person,4,horse
9727,4,horse,2,giraffe,6,person,6,person,4,horse
9728,4,horse,4,horse,4,horse,6,person,4,horse
9729,4,horse,4,horse,4,horse,6,person,4,horse
9730,4,horse,4,horse,2,giraffe,6,person,4,horse
9731,4,horse,2,giraffe,4,horse,6,person,4,horse
9732,4,horse,4,horse,6,person,6,person,4,horse
9733,4,horse,4,horse,2,giraffe,6,person,4,horse
9734,4,horse,2,giraffe,2,giraffe,6,person,4,horse
9735,4,horse,2,giraffe,6,person,6,person,4,horse
9736,4,horse,0,dog,6,person,6,person,1,elephant
9737,4,horse,2,giraffe,4,horse,6,person,4,horse
9738,4,horse,4,horse,4,horse,6,person,4,horse
9739,4,horse,4,horse,4,horse,6,person,4,horse
9740,4,horse,4,horse,4,horse,6,person,4,horse
9741,4,horse,2,giraffe,4,horse,6,person,2,giraffe
9742,4,horse,4,horse,4,horse,6,person,4,horse
9743,4,horse,4,horse,6,person,6,person,4,horse
9744,4,horse,4,horse,4,horse,6,person,4,horse
9745,4,horse,4,horse,4,horse,6,person,4,horse
9746,4,horse,4,horse,0,dog,6,person,0,dog
9747,4,horse,4,horse,4,horse,6,person,4,horse
9748,4,horse,4,horse,4,horse,6,person,4,horse
9749,4,horse,4,horse,4,horse,6,person,4,horse
9750,4,horse,4,horse,4,horse,6,person,4,horse
9751,5,house,2,giraffe,5,house,6,person,5,house
9752,5,house,2,giraffe,5,house,6,person,5,house
9753,5,house,2,giraffe,5,house,6,person,5,house
9754,5,house,2,giraffe,5,house,6,person,5,house
9755,5,house,5,house,5,house,6,person,5,house
9756,5,house,5,house,5,house,6,person,5,house
9757,5,house,2,giraffe,5,house,6,person,5,house
9758,5,house,5,house,5,house,6,person,5,house
9759,5,house,2,giraffe,5,house,6,person,5,house
9760,5,house,2,giraffe,5,house,6,person,5,house
9761,5,house,5,house,5,house,6,person,5,house
9762,5,house,5,house,5,house,6,person,5,house
9763,5,house,1,elephant,5,house,6,person,5,house
9764,5,house,2,giraffe,5,house,6,person,5,house
9765,5,house,5,house,5,house,6,person,5,house
9766,5,house,5,house,5,house,6,person,5,house
9767,5,house,2,giraffe,5,house,6,person,5,house
9768,5,house,2,giraffe,5,house,6,person,6,person
9769,5,house,5,house,5,house,6,person,5,house
9770,5,house,5,house,5,house,6,person,5,house
9771,5,house,2,giraffe,5,house,6,person,5,house
9772,5,house,5,house,5,house,6,person,5,house
9773,5,house,5,house,5,house,6,person,5,house
9774,5,house,2,giraffe,5,house,6,person,5,house
9775,5,house,5,house,5,house,6,person,5,house
9776,5,house,1,elephant,5,house,6,person,5,house
9777,5,house,2,giraffe,5,house,6,person,5,house
9778,5,house,5,house,5,house,6,person,5,house
9779,5,house,5,house,5,house,6,person,5,house
9780,5,house,5,house,5,house,6,person,5,house
9781,5,house,1,elephant,5,house,6,person,5,house
9782,5,house,5,house,5,house,6,person,5,house
9783,5,house,5,house,5,house,6,person,5,house
9784,5,house,5,house,5,house,6,person,5,house
9785,5,house,5,house,5,house,6,person,5,house
9786,5,house,5,house,5,house,6,person,5,house
9787,5,house,5,house,5,house,6,person,5,house
9788,5,house,2,giraffe,5,house,6,person,5,house
9789,5,house,2,giraffe,5,house,6,person,5,house
9790,5,house,2,giraffe,5,house,6,person,5,house
9791,5,house,5,house,5,house,6,person,5,house
9792,5,house,2,giraffe,5,house,6,person,5,house
9793,5,house,2,giraffe,5,house,6,person,5,house
9794,5,house,2,giraffe,5,house,6,person,5,house
9795,5,house,1,elephant,5,house,6,person,5,house
9796,5,house,2,giraffe,5,house,6,person,5,house
9797,5,house,2,giraffe,5,house,6,person,5,house
9798,5,house,5,house,5,house,6,person,5,house
9799,5,house,2,giraffe,5,house,6,person,5,house
9800,5,house,5,house,5,house,6,person,5,house
9801,5,house,5,house,5,house,6,person,5,house
9802,5,house,2,giraffe,5,house,6,person,5,house
9803,5,house,5,house,5,house,6,person,5,house
9804,5,house,5,house,5,house,6,person,5,house
9805,5,house,2,giraffe,5,house,6,person,5,house
9806,5,house,2,giraffe,5,house,6,person,5,house
9807,5,house,5,house,5,house,6,person,5,house
9808,5,house,5,house,5,house,6,person,5,house
9809,5,house,5,house,5,house,6,person,5,house
9810,5,house,5,house,5,house,6,person,5,house
9811,5,house,2,giraffe,5,house,6,person,5,house
9812,5,house,2,giraffe,5,house,6,person,5,house
9813,5,house,5,house,5,house,6,person,5,house
9814,5,house,2,giraffe,5,house,6,person,5,house
9815,5,house,2,giraffe,5,house,6,person,5,house
9816,5,house,2,giraffe,5,house,6,person,5,house
9817,5,house,5,house,5,house,6,person,5,house
9818,5,house,2,giraffe,5,house,6,person,5,house
9819,5,house,5,house,5,house,6,person,5,house
9820,5,house,2,giraffe,5,house,6,person,5,house
9821,5,house,5,house,5,house,6,person,5,house
9822,5,house,2,giraffe,5,house,6,person,5,house
9823,5,house,5,house,5,house,6,person,5,house
9824,5,house,5,house,5,house,6,person,5,house
9825,5,house,2,giraffe,5,house,6,person,5,house
9826,5,house,2,giraffe,5,house,6,person,5,house
9827,5,house,5,house,5,house,6,person,5,house
9828,5,house,1,elephant,5,house,6,person,5,house
9829,5,house,2,giraffe,5,house,6,person,5,house
9830,5,house,5,house,5,house,6,person,5,house
9831,6,person,2,giraffe,6,person,6,person,6,person
9832,6,person,6,person,6,person,6,person,6,person
9833,6,person,2,giraffe,6,person,6,person,6,person
9834,6,person,2,giraffe,5,house,6,person,6,person
9835,6,person,2,giraffe,5,house,6,person,6,person
9836,6,person,6,person,6,person,6,person,6,person
9837,6,person,2,giraffe,5,house,6,person,6,person
9838,6,person,2,giraffe,6,person,6,person,6,person
9839,6,person,2,giraffe,6,person,6,person,6,person
9840,6,person,6,person,5,house,6,person,6,person
9841,6,person,6,person,6,person,6,person,6,person
9842,6,person,2,giraffe,6,person,6,person,6,person
9843,6,person,2,giraffe,6,person,6,person,6,person
9844,6,person,2,giraffe,5,house,6,person,6,person
9845,6,person,6,person,6,person,6,person,6,person
9846,6,person,6,person,6,person,6,person,6,person
9847,6,person,0,dog,5,house,6,person,6,person
9848,6,person,2,giraffe,6,person,6,person,6,person
9849,6,person,2,giraffe,6,person,6,person,6,person
9850,6,person,1,elephant,5,house,6,person,6,person
9851,6,person,2,giraffe,6,person,6,person,6,person
9852,6,person,2,giraffe,6,person,6,person,6,person
9853,6,person,2,giraffe,5,house,6,person,6,person
9854,6,person,2,giraffe,5,house,6,person,6,person
9855,6,person,0,dog,5,house,6,person,6,person
9856,6,person,6,person,6,person,6,person,6,person
9857,6,person,0,dog,5,house,6,person,6,person
9858,6,person,2,giraffe,5,house,6,person,6,person
9859,6,person,2,giraffe,6,person,6,person,6,person
9860,6,person,2,giraffe,5,house,6,person,6,person
9861,6,person,1,elephant,5,house,6,person,6,person
9862,6,person,6,person,6,person,6,person,6,person
9863,6,person,6,person,5,house,6,person,6,person
9864,6,person,2,giraffe,5,house,6,person,6,person
9865,6,person,6,person,6,person,6,person,6,person
9866,6,person,0,dog,5,house,6,person,6,person
9867,6,person,2,giraffe,6,person,6,person,6,person
9868,6,person,6,person,6,person,6,person,6,person
9869,6,person,2,giraffe,6,person,6,person,6,person
9870,6,person,2,giraffe,6,person,6,person,6,person
9871,6,person,2,giraffe,6,person,6,person,6,person
9872,6,person,2,giraffe,5,house,6,person,6,person
9873,6,person,2,giraffe,6,person,6,person,6,person
9874,6,person,0,dog,6,person,6,person,6,person
9875,6,person,2,giraffe,5,house,6,person,6,person
9876,6,person,2,giraffe,5,house,6,person,6,person
9877,6,person,6,person,5,house,6,person,6,person
9878,6,person,1,elephant,6,person,6,person,6,person
9879,6,person,2,giraffe,6,person,6,person,6,person
9880,6,person,2,giraffe,5,house,6,person,6,person
9881,6,person,2,giraffe,5,house,6,person,6,person
9882,6,person,2,giraffe,5,house,6,person,6,person
9883,6,person,2,giraffe,6,person,6,person,6,person
9884,6,person,2,giraffe,5,house,6,person,6,person
9885,6,person,0,dog,6,person,6,person,6,person
9886,6,person,0,dog,6,person,6,person,6,person
9887,6,person,2,giraffe,5,house,6,person,6,person
9888,6,person,6,person,5,house,6,person,6,person
9889,6,person,2,giraffe,5,house,6,person,6,person
9890,6,person,6,person,5,house,6,person,6,person
9891,6,person,2,giraffe,6,person,6,person,6,person
9892,6,person,1,elephant,6,person,6,person,6,person
9893,6,person,2,giraffe,6,person,6,person,6,person
9894,6,person,2,giraffe,6,person,6,person,6,person
9895,6,person,2,giraffe,6,person,6,person,6,person
9896,6,person,6,person,6,person,6,person,6,person
9897,6,person,2,giraffe,5,house,6,person,6,person
9898,6,person,2,giraffe,5,house,6,person,6,person
9899,6,person,6,person,5,house,6,person,6,person
9900,6,person,1,elephant,6,person,6,person,6,person
9901,6,person,1,elephant,6,person,6,person,6,person
9902,6,person,6,person,6,person,6,person,6,person
9903,6,person,2,giraffe,5,house,6,person,6,person
9904,6,person,2,giraffe,6,person,6,person,6,person
9905,6,person,2,giraffe,5,house,6,person,5,house
9906,6,person,2,giraffe,6,person,6,person,6,person
9907,6,person,0,dog,5,house,6,person,6,person
9908,6,person,1,elephant,5,house,6,person,6,person
9909,6,person,0,dog,6,person,6,person,6,person
9910,6,person,1,elephant,6,person,6,person,6,person
9911,6,person,2,giraffe,6,person,6,person,6,person
9912,6,person,1,elephant,6,person,6,person,6,person
9913,6,person,6,person,6,person,6,person,6,person
9914,6,person,0,dog,6,person,6,person,6,person
9915,6,person,0,dog,6,person,6,person,6,person
9916,6,person,2,giraffe,6,person,6,person,6,person
9917,6,person,2,giraffe,6,person,6,person,6,person
9918,6,person,6,person,6,person,6,person,6,person
9919,6,person,2,giraffe,6,person,6,person,6,person
9920,6,person,0,dog,5,house,6,person,1,elephant
9921,6,person,1,elephant,6,person,6,person,6,person
9922,6,person,2,giraffe,6,person,6,person,6,person
9923,6,person,6,person,6,person,6,person,6,person
9924,6,person,2,giraffe,6,person,6,person,6,person
9925,6,person,2,giraffe,5,house,6,person,6,person
9926,6,person,2,giraffe,6,person,6,person,6,person
9927,6,person,0,dog,6,person,6,person,6,person
9928,6,person,2,giraffe,6,person,6,person,6,person
9929,6,person,6,person,6,person,6,person,6,person
9930,6,person,6,person,6,person,6,person,6,person
9931,6,person,2,giraffe,6,person,6,person,6,person
9932,6,person,2,giraffe,6,person,6,person,6,person
9933,6,person,0,dog,5,house,6,person,6,person
9934,6,person,2,giraffe,6,person,6,person,6,person
9935,6,person,2,giraffe,6,person,6,person,6,person
9936,6,person,2,giraffe,6,person,6,person,6,person
9937,6,person,6,person,6,person,6,person,6,person
9938,6,person,2,giraffe,6,person,6,person,6,person
9939,6,person,0,dog,6,person,6,person,6,person
9940,6,person,2,giraffe,6,person,6,person,6,person
9941,6,person,0,dog,6,person,6,person,6,person
9942,6,person,2,giraffe,6,person,6,person,6,person
9943,6,person,0,dog,6,person,6,person,6,person
9944,6,person,0,dog,6,person,6,person,6,person
9945,6,person,6,person,6,person,6,person,6,person
9946,6,person,2,giraffe,6,person,6,person,6,person
9947,6,person,0,dog,6,person,6,person,6,person
9948,6,person,2,giraffe,6,person,6,person,6,person
9949,6,person,2,giraffe,6,person,6,person,6,person
9950,6,person,6,person,6,person,6,person,6,person
9951,6,person,2,giraffe,6,person,6,person,6,person
9952,6,person,0,dog,6,person,6,person,6,person
9953,6,person,6,person,6,person,6,person,6,person
9954,6,person,2,giraffe,6,person,6,person,6,person
9955,6,person,2,giraffe,6,person,6,person,6,person
9956,6,person,2,giraffe,6,person,6,person,6,person
9957,6,person,2,giraffe,6,person,6,person,6,person
9958,6,person,6,person,6,person,6,person,6,person
9959,6,person,6,person,6,person,6,person,6,person
9960,6,person,0,dog,6,person,6,person,6,person
9961,6,person,6,person,6,person,6,person,6,person
9962,6,person,0,dog,6,person,6,person,6,person
9963,6,person,2,giraffe,6,person,6,person,6,person
9964,6,person,2,giraffe,6,person,6,person,6,person
9965,6,person,0,dog,6,person,6,person,6,person
9966,6,person,6,person,6,person,6,person,6,person
9967,6,person,2,giraffe,6,person,6,person,6,person
9968,6,person,0,dog,6,person,6,person,6,person
9969,6,person,0,dog,6,person,6,person,6,person
9970,6,person,2,giraffe,6,person,6,person,6,person
9971,6,person,2,giraffe,6,person,6,person,6,person
9972,6,person,0,dog,6,person,6,person,6,person
9973,6,person,0,dog,6,person,6,person,6,person
9974,6,person,2,giraffe,6,person,6,person,6,person
9975,6,person,6,person,6,person,6,person,6,person
9976,6,person,6,person,6,person,6,person,6,person
9977,6,person,2,giraffe,6,person,6,person,6,person
9978,6,person,2,giraffe,6,person,6,person,6,person
9979,6,person,6,person,6,person,6,person,6,person
9980,6,person,6,person,6,person,6,person,6,person
9981,6,person,2,giraffe,6,person,6,person,6,person
9982,6,person,6,person,6,person,6,person,6,person
9983,6,person,6,person,6,person,6,person,6,person
9984,6,person,6,person,6,person,6,person,6,person
9985,6,person,2,giraffe,6,person,6,person,6,person
9986,6,person,6,person,6,person,6,person,6,person
9987,6,person,0,dog,6,person,6,person,6,person
9988,6,person,2,giraffe,6,person,6,person,6,person
9989,6,person,0,dog,5,house,6,person,6,person
9990,6,person,2,giraffe,6,person,6,person,6,person
