model,score,group,dataset_index,unknown_class,predicted_known_class,unknownness,threshold,rejected
vanilla,mls,near,6,camel,cat,-3.6807336807250977,-5.903560161590576,True
vanilla,mls,near,17,wolf,cat,-7.420977592468262,-5.903560161590576,False
vanilla,mls,near,36,pickup_truck,truck,-5.598313331604004,-5.903560161590576,True
vanilla,mls,near,47,pickup_truck,truck,-7.10231876373291,-5.903560161590576,False
vanilla,mls,near,58,leopard,cat,-8.275388717651367,-5.903560161590576,False
vanilla,mls,near,62,camel,deer,-3.601665496826172,-5.903560161590576,True
vanilla,mls,near,85,tractor,truck,-4.751585960388184,-5.903560161590576,True
vanilla,mls,near,94,bus,truck,-10.119524955749512,-5.903560161590576,False
vanilla,mls,near,149,pickup_truck,automobile,-8.00940227508545,-5.903560161590576,False
vanilla,mls,near,150,pickup_truck,truck,-7.108541011810303,-5.903560161590576,False
vanilla,mls,near,156,pickup_truck,truck,-9.486612319946289,-5.903560161590576,False
vanilla,mls,near,193,bus,truck,-10.342771530151367,-5.903560161590576,False
vanilla,mls,near,196,pickup_truck,airplane,-6.189213752746582,-5.903560161590576,False
vanilla,mls,near,214,wolf,cat,-8.938742637634277,-5.903560161590576,False
vanilla,mls,near,230,tractor,ship,-3.8558623790740967,-5.903560161590576,True
vanilla,mls,near,242,fox,horse,-5.615473747253418,-5.903560161590576,True
vanilla,mls,near,255,wolf,cat,-10.322195053100586,-5.903560161590576,False
vanilla,mls,near,256,pickup_truck,automobile,-6.94435453414917,-5.903560161590576,False
vanilla,mls,near,259,leopard,cat,-7.60733699798584,-5.903560161590576,False
vanilla,mls,near,262,tractor,truck,-6.643580913543701,-5.903560161590576,False
vanilla,mls,near,274,leopard,frog,-6.405470848083496,-5.903560161590576,False
vanilla,mls,near,283,tractor,truck,-7.295321941375732,-5.903560161590576,False
vanilla,mls,near,288,leopard,frog,-6.314266681671143,-5.903560161590576,False
vanilla,mls,near,299,tractor,truck,-5.80547571182251,-5.903560161590576,True
vanilla,mls,near,313,leopard,frog,-6.019996166229248,-5.903560161590576,False
vanilla,mls,near,317,camel,dog,-6.588933944702148,-5.903560161590576,False
vanilla,mls,near,321,tractor,truck,-8.7086820602417,-5.903560161590576,False
vanilla,mls,near,338,fox,dog,-7.056106090545654,-5.903560161590576,False
vanilla,mls,near,351,fox,cat,-9.555376052856445,-5.903560161590576,False
vanilla,mls,near,353,pickup_truck,automobile,-9.835474967956543,-5.903560161590576,False
vanilla,mls,near,354,motorcycle,automobile,-4.530237674713135,-5.903560161590576,True
vanilla,mls,near,366,tractor,frog,-5.02783727645874,-5.903560161590576,True
vanilla,mls,near,409,tractor,truck,-5.7090840339660645,-5.903560161590576,True
vanilla,mls,near,425,leopard,frog,-6.760467529296875,-5.903560161590576,False
vanilla,mls,near,460,pickup_truck,automobile,-8.55515193939209,-5.903560161590576,False
vanilla,mls,near,471,wolf,cat,-7.86505126953125,-5.903560161590576,False
vanilla,mls,near,477,leopard,cat,-5.658621788024902,-5.903560161590576,True
vanilla,mls,near,498,tractor,deer,-4.200692176818848,-5.903560161590576,True
vanilla,mls,near,507,pickup_truck,truck,-8.411025047302246,-5.903560161590576,False
vanilla,mls,near,540,camel,bird,-5.234375953674316,-5.903560161590576,True
vanilla,mls,near,555,leopard,cat,-6.851596832275391,-5.903560161590576,False
vanilla,mls,near,578,pickup_truck,automobile,-9.427480697631836,-5.903560161590576,False
vanilla,mls,near,615,motorcycle,frog,-4.740847587585449,-5.903560161590576,True
vanilla,mls,near,619,bus,automobile,-5.974486827850342,-5.903560161590576,False
vanilla,mls,near,626,motorcycle,airplane,-6.569604873657227,-5.903560161590576,False
vanilla,mls,near,632,wolf,cat,-6.804623603820801,-5.903560161590576,False
vanilla,mls,near,650,camel,dog,-6.473268508911133,-5.903560161590576,False
vanilla,mls,near,652,tractor,truck,-6.311681270599365,-5.903560161590576,False
vanilla,mls,near,653,wolf,cat,-7.223814010620117,-5.903560161590576,False
vanilla,mls,near,669,fox,deer,-7.133172035217285,-5.903560161590576,False
vanilla,mls,near,684,wolf,dog,-5.002283096313477,-5.903560161590576,True
vanilla,mls,near,702,leopard,bird,-6.950067520141602,-5.903560161590576,False
vanilla,mls,near,712,wolf,dog,-6.599466323852539,-5.903560161590576,False
vanilla,mls,near,717,camel,horse,-8.014145851135254,-5.903560161590576,False
vanilla,mls,near,720,wolf,dog,-9.737992286682129,-5.903560161590576,False
vanilla,mls,near,751,camel,bird,-3.938403367996216,-5.903560161590576,True
vanilla,mls,near,752,motorcycle,truck,-4.443889617919922,-5.903560161590576,True
vanilla,mls,near,766,bus,truck,-10.52696418762207,-5.903560161590576,False
vanilla,mls,near,769,camel,airplane,-7.966495037078857,-5.903560161590576,False
vanilla,mls,near,790,motorcycle,truck,-6.208199977874756,-5.903560161590576,False
vanilla,mls,near,796,pickup_truck,truck,-7.644652366638184,-5.903560161590576,False
vanilla,mls,near,803,pickup_truck,automobile,-7.835788726806641,-5.903560161590576,False
vanilla,mls,near,809,wolf,dog,-9.230244636535645,-5.903560161590576,False
vanilla,mls,near,811,camel,bird,-6.637917995452881,-5.903560161590576,False
vanilla,mls,near,822,bus,truck,-5.831414222717285,-5.903560161590576,True
vanilla,mls,near,897,wolf,cat,-9.396329879760742,-5.903560161590576,False
vanilla,mls,near,900,camel,deer,-3.2811388969421387,-5.903560161590576,True
vanilla,mls,near,902,camel,horse,-4.709632396697998,-5.903560161590576,True
vanilla,mls,near,915,camel,cat,-5.831074237823486,-5.903560161590576,True
vanilla,mls,near,921,tractor,truck,-9.053443908691406,-5.903560161590576,False
vanilla,mls,near,923,motorcycle,truck,-2.9207348823547363,-5.903560161590576,True
vanilla,mls,near,939,wolf,dog,-8.856898307800293,-5.903560161590576,False
vanilla,mls,near,945,leopard,frog,-8.594250679016113,-5.903560161590576,False
vanilla,mls,near,952,leopard,cat,-5.677182674407959,-5.903560161590576,True
vanilla,mls,near,957,bus,truck,-9.76344108581543,-5.903560161590576,False
vanilla,mls,near,959,fox,dog,-11.179773330688477,-5.903560161590576,False
vanilla,mls,near,969,fox,dog,-5.684722423553467,-5.903560161590576,True
vanilla,mls,near,992,camel,cat,-3.3852884769439697,-5.903560161590576,True
vanilla,mls,near,995,tractor,truck,-8.237834930419922,-5.903560161590576,False
vanilla,mls,near,1023,motorcycle,truck,-6.909091472625732,-5.903560161590576,False
vanilla,mls,near,1026,wolf,dog,-9.321385383605957,-5.903560161590576,False
vanilla,mls,near,1034,bus,truck,-11.008674621582031,-5.903560161590576,False
vanilla,mls,near,1060,camel,horse,-10.661347389221191,-5.903560161590576,False
vanilla,mls,near,1081,tractor,truck,-7.472999095916748,-5.903560161590576,False
vanilla,mls,near,1084,leopard,frog,-4.515249252319336,-5.903560161590576,True
vanilla,mls,near,1085,camel,dog,-5.074004173278809,-5.903560161590576,True
vanilla,mls,near,1096,motorcycle,cat,-6.352808952331543,-5.903560161590576,False
vanilla,mls,near,1133,fox,deer,-8.504544258117676,-5.903560161590576,False
vanilla,mls,near,1143,bus,truck,-5.513749599456787,-5.903560161590576,True
vanilla,mls,near,1145,pickup_truck,automobile,-8.960864067077637,-5.903560161590576,False
vanilla,mls,near,1155,pickup_truck,automobile,-7.042048454284668,-5.903560161590576,False
vanilla,mls,near,1181,tractor,cat,-4.0146660804748535,-5.903560161590576,True
vanilla,mls,near,1184,camel,deer,-7.988591194152832,-5.903560161590576,False
vanilla,mls,near,1212,pickup_truck,automobile,-9.312273979187012,-5.903560161590576,False
vanilla,mls,near,1218,motorcycle,automobile,-4.833451747894287,-5.903560161590576,True
vanilla,mls,near,1227,fox,cat,-9.11822509765625,-5.903560161590576,False
vanilla,mls,near,1260,tractor,truck,-8.852313995361328,-5.903560161590576,False
vanilla,mls,near,1261,tractor,truck,-6.9996843338012695,-5.903560161590576,False
vanilla,mls,near,1271,bus,truck,-10.284221649169922,-5.903560161590576,False
vanilla,mls,near,1320,fox,dog,-6.829860687255859,-5.903560161590576,False
vanilla,mls,near,1321,motorcycle,truck,-4.839019298553467,-5.903560161590576,True
vanilla,mls,near,1324,leopard,frog,-7.839251518249512,-5.903560161590576,False
vanilla,mls,near,1327,pickup_truck,automobile,-9.37723445892334,-5.903560161590576,False
vanilla,mls,near,1328,leopard,cat,-7.724824905395508,-5.903560161590576,False
vanilla,mls,near,1345,wolf,cat,-9.599870681762695,-5.903560161590576,False
vanilla,mls,near,1403,fox,cat,-4.934289455413818,-5.903560161590576,True
vanilla,mls,near,1404,motorcycle,cat,-8.402486801147461,-5.903560161590576,False
vanilla,mls,near,1423,camel,dog,-8.968490600585938,-5.903560161590576,False
vanilla,mls,near,1425,fox,deer,-7.978818893432617,-5.903560161590576,False
vanilla,mls,near,1427,bus,automobile,-5.153648376464844,-5.903560161590576,True
vanilla,mls,near,1432,fox,dog,-8.288556098937988,-5.903560161590576,False
vanilla,mls,near,1445,bus,truck,-9.485692024230957,-5.903560161590576,False
vanilla,mls,near,1463,motorcycle,dog,-6.95646333694458,-5.903560161590576,False
vanilla,mls,near,1464,motorcycle,truck,-7.863687038421631,-5.903560161590576,False
vanilla,mls,near,1478,bus,truck,-10.573322296142578,-5.903560161590576,False
vanilla,mls,near,1489,bus,truck,-9.745935440063477,-5.903560161590576,False
vanilla,mls,near,1491,pickup_truck,automobile,-5.924469470977783,-5.903560161590576,False
vanilla,mls,near,1498,fox,cat,-6.5237274169921875,-5.903560161590576,False
vanilla,mls,near,1510,camel,horse,-4.303509712219238,-5.903560161590576,True
vanilla,mls,near,1519,wolf,dog,-6.456960201263428,-5.903560161590576,False
vanilla,mls,near,1568,pickup_truck,automobile,-8.684005737304688,-5.903560161590576,False
vanilla,mls,near,1570,leopard,cat,-7.7697272300720215,-5.903560161590576,False
vanilla,mls,near,1572,camel,deer,-9.889466285705566,-5.903560161590576,False
vanilla,mls,near,1573,camel,airplane,-5.489046573638916,-5.903560161590576,True
vanilla,mls,near,1588,camel,bird,-6.351442337036133,-5.903560161590576,False
vanilla,mls,near,1607,leopard,cat,-5.75364875793457,-5.903560161590576,True
vanilla,mls,near,1616,bus,horse,-3.1791019439697266,-5.903560161590576,True
vanilla,mls,near,1620,leopard,bird,-5.3425140380859375,-5.903560161590576,True
vanilla,mls,near,1645,fox,deer,-4.967631816864014,-5.903560161590576,True
vanilla,mls,near,1662,bus,truck,-11.101360321044922,-5.903560161590576,False
vanilla,mls,near,1671,motorcycle,truck,-3.6871049404144287,-5.903560161590576,True
vanilla,mls,near,1687,camel,horse,-5.973794460296631,-5.903560161590576,False
vanilla,mls,near,1698,fox,deer,-5.80141544342041,-5.903560161590576,True
vanilla,mls,near,1752,wolf,cat,-7.030552387237549,-5.903560161590576,False
vanilla,mls,near,1753,tractor,truck,-6.9067511558532715,-5.903560161590576,False
vanilla,mls,near,1771,leopard,deer,-5.355674743652344,-5.903560161590576,True
vanilla,mls,near,1783,fox,cat,-6.757791996002197,-5.903560161590576,False
vanilla,mls,near,1799,fox,cat,-5.748291492462158,-5.903560161590576,True
vanilla,mls,near,1812,motorcycle,frog,-3.5736336708068848,-5.903560161590576,True
vanilla,mls,near,1829,motorcycle,horse,-2.4625394344329834,-5.903560161590576,True
vanilla,mls,near,1843,leopard,deer,-7.105964660644531,-5.903560161590576,False
vanilla,mls,near,1864,tractor,truck,-8.439861297607422,-5.903560161590576,False
vanilla,mls,near,1881,tractor,truck,-3.425738573074341,-5.903560161590576,True
vanilla,mls,near,1882,camel,dog,-10.451665878295898,-5.903560161590576,False
vanilla,mls,near,1889,bus,automobile,-3.0889370441436768,-5.903560161590576,True
vanilla,mls,near,1913,pickup_truck,truck,-8.74356460571289,-5.903560161590576,False
vanilla,mls,near,1937,wolf,dog,-6.097620010375977,-5.903560161590576,False
vanilla,mls,near,1976,tractor,truck,-6.9610276222229,-5.903560161590576,False
vanilla,mls,near,1985,bus,automobile,-9.672927856445312,-5.903560161590576,False
vanilla,mls,near,1994,leopard,frog,-8.73606014251709,-5.903560161590576,False
vanilla,mls,near,2012,pickup_truck,truck,-7.9648542404174805,-5.903560161590576,False
vanilla,mls,near,2019,bus,automobile,-7.862988471984863,-5.903560161590576,False
vanilla,mls,near,2029,tractor,truck,-4.79470682144165,-5.903560161590576,True
vanilla,mls,near,2033,motorcycle,airplane,-3.4279849529266357,-5.903560161590576,True
vanilla,mls,near,2051,camel,horse,-8.814200401306152,-5.903560161590576,False
vanilla,mls,near,2064,wolf,dog,-11.731189727783203,-5.903560161590576,False
vanilla,mls,near,2066,motorcycle,truck,-4.906433582305908,-5.903560161590576,True
vanilla,mls,near,2072,motorcycle,frog,-4.166809558868408,-5.903560161590576,True
vanilla,mls,near,2082,motorcycle,automobile,-5.931853771209717,-5.903560161590576,False
vanilla,mls,near,2100,pickup_truck,automobile,-9.558333396911621,-5.903560161590576,False
vanilla,mls,near,2101,tractor,frog,-4.551455020904541,-5.903560161590576,True
vanilla,mls,near,2102,wolf,bird,-9.675626754760742,-5.903560161590576,False
vanilla,mls,near,2123,tractor,truck,-8.602289199829102,-5.903560161590576,False
vanilla,mls,near,2131,fox,horse,-4.086244106292725,-5.903560161590576,True
vanilla,mls,near,2144,tractor,truck,-8.972956657409668,-5.903560161590576,False
vanilla,mls,near,2145,camel,horse,-5.930007457733154,-5.903560161590576,False
vanilla,mls,near,2148,motorcycle,cat,-5.121484756469727,-5.903560161590576,True
vanilla,mls,near,2171,tractor,truck,-4.699416160583496,-5.903560161590576,True
vanilla,mls,near,2203,bus,automobile,-8.470973014831543,-5.903560161590576,False
vanilla,mls,near,2211,leopard,deer,-6.045522689819336,-5.903560161590576,False
vanilla,mls,near,2219,wolf,dog,-8.93607234954834,-5.903560161590576,False
vanilla,mls,near,2242,motorcycle,frog,-3.7530314922332764,-5.903560161590576,True
vanilla,mls,near,2267,camel,cat,-3.5420315265655518,-5.903560161590576,True
vanilla,mls,near,2315,camel,horse,-6.819826126098633,-5.903560161590576,False
vanilla,mls,near,2321,pickup_truck,automobile,-8.638396263122559,-5.903560161590576,False
vanilla,mls,near,2336,fox,deer,-5.523469924926758,-5.903560161590576,True
vanilla,mls,near,2337,wolf,horse,-8.042573928833008,-5.903560161590576,False
vanilla,mls,near,2340,wolf,cat,-9.365234375,-5.903560161590576,False
vanilla,mls,near,2349,fox,deer,-7.142159938812256,-5.903560161590576,False
vanilla,mls,near,2356,fox,deer,-6.652775287628174,-5.903560161590576,False
vanilla,mls,near,2396,pickup_truck,automobile,-7.3001227378845215,-5.903560161590576,False
vanilla,mls,near,2415,camel,deer,-7.16358757019043,-5.903560161590576,False
vanilla,mls,near,2421,pickup_truck,truck,-5.694624423980713,-5.903560161590576,True
vanilla,mls,near,2435,fox,cat,-7.225296497344971,-5.903560161590576,False
vanilla,mls,near,2484,bus,truck,-8.535468101501465,-5.903560161590576,False
vanilla,mls,near,2503,tractor,ship,-6.216953754425049,-5.903560161590576,False
vanilla,mls,near,2518,fox,deer,-7.775470733642578,-5.903560161590576,False
vanilla,mls,near,2544,fox,deer,-7.946084976196289,-5.903560161590576,False
vanilla,mls,near,2556,pickup_truck,truck,-7.452647686004639,-5.903560161590576,False
vanilla,mls,near,2569,tractor,truck,-5.6557230949401855,-5.903560161590576,True
vanilla,mls,near,2570,leopard,cat,-7.260193824768066,-5.903560161590576,False
vanilla,mls,near,2591,bus,truck,-9.662858963012695,-5.903560161590576,False
vanilla,mls,near,2603,pickup_truck,automobile,-9.825721740722656,-5.903560161590576,False
vanilla,mls,near,2618,wolf,cat,-8.077898979187012,-5.903560161590576,False
vanilla,mls,near,2624,tractor,truck,-6.474242210388184,-5.903560161590576,False
vanilla,mls,near,2647,leopard,frog,-8.043904304504395,-5.903560161590576,False
vanilla,mls,near,2665,bus,truck,-9.524431228637695,-5.903560161590576,False
vanilla,mls,near,2675,tractor,truck,-5.851365089416504,-5.903560161590576,True
vanilla,mls,near,2678,leopard,cat,-7.661911487579346,-5.903560161590576,False
vanilla,mls,near,2698,bus,truck,-7.638870716094971,-5.903560161590576,False
vanilla,mls,near,2712,camel,horse,-5.968144416809082,-5.903560161590576,False
vanilla,mls,near,2719,bus,truck,-10.469598770141602,-5.903560161590576,False
vanilla,mls,near,2756,fox,cat,-5.836117267608643,-5.903560161590576,True
vanilla,mls,near,2774,camel,frog,-6.398402214050293,-5.903560161590576,False
vanilla,mls,near,2826,wolf,deer,-9.103547096252441,-5.903560161590576,False
vanilla,mls,near,2828,fox,cat,-7.149054527282715,-5.903560161590576,False
vanilla,mls,near,2832,bus,truck,-11.336137771606445,-5.903560161590576,False
vanilla,mls,near,2834,camel,horse,-9.007973670959473,-5.903560161590576,False
vanilla,mls,near,2835,wolf,dog,-7.362837314605713,-5.903560161590576,False
vanilla,mls,near,2842,wolf,cat,-9.004337310791016,-5.903560161590576,False
vanilla,mls,near,2843,bus,truck,-9.19837474822998,-5.903560161590576,False
vanilla,mls,near,2871,tractor,truck,-4.537224292755127,-5.903560161590576,True
vanilla,mls,near,2882,pickup_truck,automobile,-9.378022193908691,-5.903560161590576,False
vanilla,mls,near,2891,fox,cat,-7.051187038421631,-5.903560161590576,False
vanilla,mls,near,2911,tractor,ship,-7.2920684814453125,-5.903560161590576,False
vanilla,mls,near,2933,wolf,cat,-6.997988224029541,-5.903560161590576,False
vanilla,mls,near,2946,camel,dog,-9.57157039642334,-5.903560161590576,False
vanilla,mls,near,2948,camel,deer,-7.313412189483643,-5.903560161590576,False
vanilla,mls,near,2956,tractor,truck,-8.040319442749023,-5.903560161590576,False
vanilla,mls,near,2986,wolf,deer,-4.465566158294678,-5.903560161590576,True
vanilla,mls,near,2992,tractor,airplane,-5.375290393829346,-5.903560161590576,True
vanilla,mls,near,3009,leopard,deer,-4.850717544555664,-5.903560161590576,True
vanilla,mls,near,3026,bus,truck,-10.37670612335205,-5.903560161590576,False
vanilla,mls,near,3027,motorcycle,cat,-3.2116549015045166,-5.903560161590576,True
vanilla,mls,near,3054,motorcycle,airplane,-6.675209045410156,-5.903560161590576,False
vanilla,mls,near,3074,leopard,frog,-7.688699722290039,-5.903560161590576,False
vanilla,mls,near,3104,leopard,cat,-9.611871719360352,-5.903560161590576,False
vanilla,mls,near,3106,bus,truck,-5.633584499359131,-5.903560161590576,True
vanilla,mls,near,3111,motorcycle,truck,-4.699102401733398,-5.903560161590576,True
vanilla,mls,near,3136,fox,cat,-8.152548789978027,-5.903560161590576,False
vanilla,mls,near,3153,camel,horse,-3.916421413421631,-5.903560161590576,True
vanilla,mls,near,3177,tractor,truck,-7.9811110496521,-5.903560161590576,False
vanilla,mls,near,3197,bus,truck,-10.227228164672852,-5.903560161590576,False
vanilla,mls,near,3200,leopard,deer,-5.510829448699951,-5.903560161590576,True
vanilla,mls,near,3219,wolf,dog,-6.178507328033447,-5.903560161590576,False
vanilla,mls,near,3236,bus,automobile,-8.378256797790527,-5.903560161590576,False
vanilla,mls,near,3240,motorcycle,airplane,-4.196789741516113,-5.903560161590576,True
vanilla,mls,near,3256,motorcycle,horse,-3.0716915130615234,-5.903560161590576,True
vanilla,mls,near,3276,bus,truck,-9.591349601745605,-5.903560161590576,False
vanilla,mls,near,3291,leopard,bird,-5.982171058654785,-5.903560161590576,False
vanilla,mls,near,3319,camel,dog,-5.65173864364624,-5.903560161590576,True
vanilla,mls,near,3338,leopard,cat,-5.484643936157227,-5.903560161590576,True
vanilla,mls,near,3346,leopard,cat,-7.280768394470215,-5.903560161590576,False
vanilla,mls,near,3368,fox,deer,-5.466087818145752,-5.903560161590576,True
vanilla,mls,near,3376,motorcycle,automobile,-7.38574743270874,-5.903560161590576,False
vanilla,mls,near,3379,leopard,cat,-7.582228660583496,-5.903560161590576,False
vanilla,mls,near,3412,tractor,truck,-5.740655422210693,-5.903560161590576,True
vanilla,mls,near,3478,bus,truck,-7.900038242340088,-5.903560161590576,False
vanilla,mls,near,3484,tractor,truck,-8.808184623718262,-5.903560161590576,False
vanilla,mls,near,3487,wolf,dog,-10.025594711303711,-5.903560161590576,False
vanilla,mls,near,3525,motorcycle,horse,-5.6505866050720215,-5.903560161590576,True
vanilla,mls,near,3532,tractor,truck,-8.517095565795898,-5.903560161590576,False
vanilla,mls,near,3537,pickup_truck,truck,-6.836245059967041,-5.903560161590576,False
vanilla,mls,near,3538,wolf,dog,-10.612488746643066,-5.903560161590576,False
vanilla,mls,near,3549,leopard,deer,-5.532643795013428,-5.903560161590576,True
vanilla,mls,near,3558,motorcycle,automobile,-7.922989368438721,-5.903560161590576,False
vanilla,mls,near,3564,bus,truck,-4.627122402191162,-5.903560161590576,True
vanilla,mls,near,3567,leopard,dog,-6.04811954498291,-5.903560161590576,False
vanilla,mls,near,3605,fox,cat,-4.611164093017578,-5.903560161590576,True
vanilla,mls,near,3606,motorcycle,truck,-3.868852138519287,-5.903560161590576,True
vanilla,mls,near,3607,fox,deer,-4.895508766174316,-5.903560161590576,True
vanilla,mls,near,3608,fox,cat,-9.141092300415039,-5.903560161590576,False
vanilla,mls,near,3613,wolf,dog,-7.703481197357178,-5.903560161590576,False
vanilla,mls,near,3630,pickup_truck,truck,-9.45833969116211,-5.903560161590576,False
vanilla,mls,near,3644,fox,deer,-11.015135765075684,-5.903560161590576,False
vanilla,mls,near,3655,pickup_truck,automobile,-8.009404182434082,-5.903560161590576,False
vanilla,mls,near,3663,wolf,cat,-5.960819244384766,-5.903560161590576,False
vanilla,mls,near,3701,bus,truck,-6.737881183624268,-5.903560161590576,False
vanilla,mls,near,3715,motorcycle,automobile,-2.9794981479644775,-5.903560161590576,True
vanilla,mls,near,3731,wolf,dog,-7.982322692871094,-5.903560161590576,False
vanilla,mls,near,3732,motorcycle,truck,-8.565751075744629,-5.903560161590576,False
vanilla,mls,near,3747,wolf,cat,-5.323206901550293,-5.903560161590576,True
vanilla,mls,near,3748,motorcycle,frog,-6.117732048034668,-5.903560161590576,False
vanilla,mls,near,3755,bus,truck,-10.496696472167969,-5.903560161590576,False
vanilla,mls,near,3760,fox,cat,-9.609039306640625,-5.903560161590576,False
vanilla,mls,near,3817,wolf,dog,-7.447878360748291,-5.903560161590576,False
vanilla,mls,near,3823,fox,cat,-4.936340808868408,-5.903560161590576,True
vanilla,mls,near,3831,camel,horse,-7.046128749847412,-5.903560161590576,False
vanilla,mls,near,3840,tractor,truck,-3.0965871810913086,-5.903560161590576,True
vanilla,mls,near,3849,wolf,cat,-7.223529815673828,-5.903560161590576,False
vanilla,mls,near,3857,motorcycle,automobile,-3.553464889526367,-5.903560161590576,True
vanilla,mls,near,3868,bus,automobile,-6.063125133514404,-5.903560161590576,False
vanilla,mls,near,3877,wolf,cat,-8.603713035583496,-5.903560161590576,False
vanilla,mls,near,3884,camel,dog,-3.6285738945007324,-5.903560161590576,True
vanilla,mls,near,3886,wolf,dog,-6.596288204193115,-5.903560161590576,False
vanilla,mls,near,3887,bus,truck,-7.79916524887085,-5.903560161590576,False
vanilla,mls,near,3893,motorcycle,airplane,-4.998813152313232,-5.903560161590576,True
vanilla,mls,near,3908,fox,cat,-7.5527729988098145,-5.903560161590576,False
vanilla,mls,near,3913,tractor,truck,-8.593425750732422,-5.903560161590576,False
vanilla,mls,near,3927,wolf,dog,-8.48690128326416,-5.903560161590576,False
vanilla,mls,near,3930,camel,ship,-5.576879501342773,-5.903560161590576,True
vanilla,mls,near,3933,pickup_truck,automobile,-7.844091892242432,-5.903560161590576,False
vanilla,mls,near,3947,bus,truck,-6.516883373260498,-5.903560161590576,False
vanilla,mls,near,3985,camel,deer,-7.116744041442871,-5.903560161590576,False
vanilla,mls,near,4003,fox,deer,-8.265639305114746,-5.903560161590576,False
vanilla,mls,near,4004,fox,dog,-6.194884300231934,-5.903560161590576,False
vanilla,mls,near,4027,tractor,truck,-6.707150936126709,-5.903560161590576,False
vanilla,mls,near,4028,motorcycle,airplane,-4.95379638671875,-5.903560161590576,True
vanilla,mls,near,4049,fox,dog,-5.94630241394043,-5.903560161590576,False
vanilla,mls,near,4104,bus,airplane,-9.683258056640625,-5.903560161590576,False
vanilla,mls,near,4109,tractor,truck,-6.354733467102051,-5.903560161590576,False
vanilla,mls,near,4118,leopard,frog,-6.526595115661621,-5.903560161590576,False
vanilla,mls,near,4128,motorcycle,cat,-3.6025617122650146,-5.903560161590576,True
vanilla,mls,near,4129,bus,truck,-4.016183376312256,-5.903560161590576,True
vanilla,mls,near,4147,motorcycle,automobile,-3.633913993835449,-5.903560161590576,True
vanilla,mls,near,4153,wolf,cat,-6.770981788635254,-5.903560161590576,False
vanilla,mls,near,4173,bus,truck,-10.630447387695312,-5.903560161590576,False
vanilla,mls,near,4182,fox,deer,-5.0031232833862305,-5.903560161590576,True
vanilla,mls,near,4185,bus,truck,-10.145816802978516,-5.903560161590576,False
vanilla,mls,near,4201,bus,truck,-7.5800557136535645,-5.903560161590576,False
vanilla,mls,near,4225,wolf,frog,-8.438262939453125,-5.903560161590576,False
vanilla,mls,near,4234,camel,deer,-11.356701850891113,-5.903560161590576,False
vanilla,mls,near,4238,leopard,dog,-8.704989433288574,-5.903560161590576,False
vanilla,mls,near,4255,fox,deer,-8.845017433166504,-5.903560161590576,False
vanilla,mls,near,4264,fox,deer,-9.440315246582031,-5.903560161590576,False
vanilla,mls,near,4277,fox,dog,-6.644639015197754,-5.903560161590576,False
vanilla,mls,near,4278,leopard,deer,-5.3031392097473145,-5.903560161590576,True
vanilla,mls,near,4283,wolf,cat,-6.588809490203857,-5.903560161590576,False
vanilla,mls,near,4285,wolf,dog,-9.743559837341309,-5.903560161590576,False
vanilla,mls,near,4294,wolf,deer,-5.2758636474609375,-5.903560161590576,True
vanilla,mls,near,4296,bus,truck,-10.672616004943848,-5.903560161590576,False
vanilla,mls,near,4307,bus,truck,-9.972851753234863,-5.903560161590576,False
vanilla,mls,near,4313,fox,cat,-4.694398403167725,-5.903560161590576,True
vanilla,mls,near,4316,pickup_truck,truck,-11.55223274230957,-5.903560161590576,False
vanilla,mls,near,4320,leopard,cat,-8.894110679626465,-5.903560161590576,False
vanilla,mls,near,4335,pickup_truck,truck,-10.040762901306152,-5.903560161590576,False
vanilla,mls,near,4341,fox,airplane,-9.245771408081055,-5.903560161590576,False
vanilla,mls,near,4345,camel,horse,-5.1485915184021,-5.903560161590576,True
vanilla,mls,near,4378,wolf,dog,-8.654623985290527,-5.903560161590576,False
vanilla,mls,near,4387,pickup_truck,truck,-7.841549396514893,-5.903560161590576,False
vanilla,mls,near,4404,tractor,truck,-7.200093746185303,-5.903560161590576,False
vanilla,mls,near,4415,camel,dog,-2.9223673343658447,-5.903560161590576,True
vanilla,mls,near,4426,bus,automobile,-5.710380554199219,-5.903560161590576,True
vanilla,mls,near,4434,bus,truck,-7.7750935554504395,-5.903560161590576,False
vanilla,mls,near,4435,camel,dog,-7.799631118774414,-5.903560161590576,False
vanilla,mls,near,4441,fox,dog,-8.572957038879395,-5.903560161590576,False
vanilla,mls,near,4461,motorcycle,airplane,-6.834048748016357,-5.903560161590576,False
vanilla,mls,near,4463,pickup_truck,automobile,-7.534714698791504,-5.903560161590576,False
vanilla,mls,near,4464,bus,truck,-8.14944839477539,-5.903560161590576,False
vanilla,mls,near,4468,bus,truck,-6.090541362762451,-5.903560161590576,False
vanilla,mls,near,4470,wolf,cat,-4.650295257568359,-5.903560161590576,True
vanilla,mls,near,4487,motorcycle,airplane,-4.175354957580566,-5.903560161590576,True
vanilla,mls,near,4506,pickup_truck,automobile,-10.96977710723877,-5.903560161590576,False
vanilla,mls,near,4515,pickup_truck,automobile,-10.539490699768066,-5.903560161590576,False
vanilla,mls,near,4517,tractor,truck,-4.455901622772217,-5.903560161590576,True
vanilla,mls,near,4519,camel,bird,-8.24351692199707,-5.903560161590576,False
vanilla,mls,near,4586,bus,automobile,-8.978445053100586,-5.903560161590576,False
vanilla,mls,near,4588,pickup_truck,automobile,-9.871967315673828,-5.903560161590576,False
vanilla,mls,near,4602,wolf,dog,-9.105901718139648,-5.903560161590576,False
vanilla,mls,near,4609,leopard,cat,-4.878409385681152,-5.903560161590576,True
vanilla,mls,near,4610,tractor,truck,-8.67597770690918,-5.903560161590576,False
vanilla,mls,near,4611,leopard,frog,-4.461034774780273,-5.903560161590576,True
vanilla,mls,near,4621,fox,deer,-8.995841979980469,-5.903560161590576,False
vanilla,mls,near,4663,tractor,truck,-10.070035934448242,-5.903560161590576,False
vanilla,mls,near,4677,leopard,cat,-6.4816155433654785,-5.903560161590576,False
vanilla,mls,near,4691,tractor,truck,-9.162137985229492,-5.903560161590576,False
vanilla,mls,near,4693,pickup_truck,airplane,-5.360183238983154,-5.903560161590576,True
vanilla,mls,near,4703,fox,cat,-6.251944541931152,-5.903560161590576,False
vanilla,mls,near,4706,fox,deer,-3.8490962982177734,-5.903560161590576,True
vanilla,mls,near,4731,tractor,truck,-7.5433783531188965,-5.903560161590576,False
vanilla,mls,near,4736,camel,bird,-6.981597423553467,-5.903560161590576,False
vanilla,mls,near,4740,bus,truck,-6.401160717010498,-5.903560161590576,False
vanilla,mls,near,4754,fox,deer,-7.048398494720459,-5.903560161590576,False
vanilla,mls,near,4756,bus,horse,-5.892644882202148,-5.903560161590576,True
vanilla,mls,near,4788,bus,automobile,-6.251854419708252,-5.903560161590576,False
vanilla,mls,near,4808,bus,ship,-5.6122565269470215,-5.903560161590576,True
vanilla,mls,near,4821,pickup_truck,automobile,-8.721503257751465,-5.903560161590576,False
vanilla,mls,near,4870,pickup_truck,automobile,-10.03960132598877,-5.903560161590576,False
vanilla,mls,near,4878,fox,horse,-2.7000486850738525,-5.903560161590576,True
vanilla,mls,near,4881,pickup_truck,automobile,-9.548392295837402,-5.903560161590576,False
vanilla,mls,near,4889,fox,horse,-9.624484062194824,-5.903560161590576,False
vanilla,mls,near,4892,motorcycle,horse,-2.8636696338653564,-5.903560161590576,True
vanilla,mls,near,4894,camel,horse,-4.877474784851074,-5.903560161590576,True
vanilla,mls,near,4927,motorcycle,truck,-5.22108793258667,-5.903560161590576,True
vanilla,mls,near,4943,leopard,deer,-7.423972129821777,-5.903560161590576,False
vanilla,mls,near,4960,motorcycle,horse,-4.775284290313721,-5.903560161590576,True
vanilla,mls,near,4971,leopard,cat,-10.286280632019043,-5.903560161590576,False
vanilla,mls,near,4991,fox,horse,-4.053472518920898,-5.903560161590576,True
vanilla,mls,near,4992,leopard,cat,-6.546689987182617,-5.903560161590576,False
vanilla,mls,near,4998,bus,truck,-7.978734493255615,-5.903560161590576,False
vanilla,mls,near,5003,motorcycle,dog,-4.701817989349365,-5.903560161590576,True
vanilla,mls,near,5008,pickup_truck,automobile,-9.635534286499023,-5.903560161590576,False
vanilla,mls,near,5009,pickup_truck,automobile,-9.803821563720703,-5.903560161590576,False
vanilla,mls,near,5015,bus,truck,-8.32135009765625,-5.903560161590576,False
vanilla,mls,near,5016,leopard,deer,-7.603281021118164,-5.903560161590576,False
vanilla,mls,near,5020,bus,truck,-6.903573989868164,-5.903560161590576,False
vanilla,mls,near,5025,tractor,truck,-10.45785903930664,-5.903560161590576,False
vanilla,mls,near,5029,camel,deer,-7.413246154785156,-5.903560161590576,False
vanilla,mls,near,5031,wolf,cat,-7.567544937133789,-5.903560161590576,False
vanilla,mls,near,5032,camel,bird,-2.826446771621704,-5.903560161590576,True
vanilla,mls,near,5064,bus,truck,-6.381092548370361,-5.903560161590576,False
vanilla,mls,near,5078,wolf,dog,-10.674673080444336,-5.903560161590576,False
vanilla,mls,near,5084,fox,cat,-7.414012908935547,-5.903560161590576,False
vanilla,mls,near,5109,leopard,bird,-5.274442195892334,-5.903560161590576,True
vanilla,mls,near,5110,pickup_truck,automobile,-9.444504737854004,-5.903560161590576,False
vanilla,mls,near,5112,motorcycle,cat,-6.902396202087402,-5.903560161590576,False
vanilla,mls,near,5113,camel,dog,-6.444278240203857,-5.903560161590576,False
vanilla,mls,near,5114,motorcycle,truck,-7.936608791351318,-5.903560161590576,False
vanilla,mls,near,5119,camel,airplane,-5.500345230102539,-5.903560161590576,True
vanilla,mls,near,5129,pickup_truck,automobile,-8.423171997070312,-5.903560161590576,False
vanilla,mls,near,5141,tractor,automobile,-5.701193809509277,-5.903560161590576,True
vanilla,mls,near,5142,leopard,cat,-7.752127647399902,-5.903560161590576,False
vanilla,mls,near,5149,pickup_truck,truck,-9.125555038452148,-5.903560161590576,False
vanilla,mls,near,5162,motorcycle,cat,-4.348939418792725,-5.903560161590576,True
vanilla,mls,near,5163,bus,truck,-10.618890762329102,-5.903560161590576,False
vanilla,mls,near,5175,motorcycle,truck,-6.796255588531494,-5.903560161590576,False
vanilla,mls,near,5182,tractor,ship,-4.374763011932373,-5.903560161590576,True
vanilla,mls,near,5184,bus,truck,-9.261674880981445,-5.903560161590576,False
vanilla,mls,near,5185,leopard,frog,-4.542418003082275,-5.903560161590576,True
vanilla,mls,near,5189,tractor,truck,-6.312675952911377,-5.903560161590576,False
vanilla,mls,near,5201,bus,truck,-10.625602722167969,-5.903560161590576,False
vanilla,mls,near,5210,leopard,frog,-4.045616626739502,-5.903560161590576,True
vanilla,mls,near,5216,motorcycle,horse,-3.656484603881836,-5.903560161590576,True
vanilla,mls,near,5218,camel,frog,-5.544679164886475,-5.903560161590576,True
vanilla,mls,near,5231,leopard,frog,-6.5101823806762695,-5.903560161590576,False
vanilla,mls,near,5249,camel,dog,-5.997312545776367,-5.903560161590576,False
vanilla,mls,near,5253,camel,bird,-2.66595458984375,-5.903560161590576,True
vanilla,mls,near,5285,camel,dog,-7.8038530349731445,-5.903560161590576,False
vanilla,mls,near,5287,tractor,truck,-5.423488140106201,-5.903560161590576,True
vanilla,mls,near,5291,wolf,dog,-7.768705368041992,-5.903560161590576,False
vanilla,mls,near,5293,camel,horse,-7.775537014007568,-5.903560161590576,False
vanilla,mls,near,5311,motorcycle,frog,-4.607540607452393,-5.903560161590576,True
vanilla,mls,near,5314,tractor,automobile,-3.925419330596924,-5.903560161590576,True
vanilla,mls,near,5316,leopard,deer,-5.277982711791992,-5.903560161590576,True
vanilla,mls,near,5317,pickup_truck,automobile,-7.726637363433838,-5.903560161590576,False
vanilla,mls,near,5327,tractor,truck,-7.802077293395996,-5.903560161590576,False
vanilla,mls,near,5328,leopard,deer,-6.796081066131592,-5.903560161590576,False
vanilla,mls,near,5342,motorcycle,airplane,-3.5028488636016846,-5.903560161590576,True
vanilla,mls,near,5350,motorcycle,truck,-5.94102144241333,-5.903560161590576,False
vanilla,mls,near,5399,leopard,cat,-9.988104820251465,-5.903560161590576,False
vanilla,mls,near,5408,wolf,cat,-5.553793907165527,-5.903560161590576,True
vanilla,mls,near,5425,wolf,dog,-7.751965522766113,-5.903560161590576,False
vanilla,mls,near,5430,motorcycle,automobile,-5.979284763336182,-5.903560161590576,False
vanilla,mls,near,5437,pickup_truck,truck,-5.175341606140137,-5.903560161590576,True
vanilla,mls,near,5445,tractor,truck,-5.949568748474121,-5.903560161590576,False
vanilla,mls,near,5449,leopard,frog,-7.143869400024414,-5.903560161590576,False
vanilla,mls,near,5455,camel,horse,-8.87295913696289,-5.903560161590576,False
vanilla,mls,near,5458,leopard,dog,-7.361902713775635,-5.903560161590576,False
vanilla,mls,near,5460,motorcycle,automobile,-3.107839345932007,-5.903560161590576,True
vanilla,mls,near,5465,bus,airplane,-2.21364426612854,-5.903560161590576,True
vanilla,mls,near,5469,motorcycle,truck,-2.804842472076416,-5.903560161590576,True
vanilla,mls,near,5472,leopard,cat,-6.573641777038574,-5.903560161590576,False
vanilla,mls,near,5478,leopard,frog,-5.3707594871521,-5.903560161590576,True
vanilla,mls,near,5486,motorcycle,automobile,-7.407038688659668,-5.903560161590576,False
vanilla,mls,near,5494,camel,horse,-5.8140716552734375,-5.903560161590576,True
vanilla,mls,near,5495,tractor,truck,-9.325197219848633,-5.903560161590576,False
vanilla,mls,near,5516,camel,bird,-5.299712181091309,-5.903560161590576,True
vanilla,mls,near,5519,camel,deer,-6.080227851867676,-5.903560161590576,False
vanilla,mls,near,5532,camel,dog,-5.168501853942871,-5.903560161590576,True
vanilla,mls,near,5550,tractor,truck,-9.61396598815918,-5.903560161590576,False
vanilla,mls,near,5568,pickup_truck,automobile,-8.152722358703613,-5.903560161590576,False
vanilla,mls,near,5572,motorcycle,automobile,-9.161898612976074,-5.903560161590576,False
vanilla,mls,near,5612,motorcycle,airplane,-4.633934497833252,-5.903560161590576,True
vanilla,mls,near,5619,fox,cat,-4.158437728881836,-5.903560161590576,True
vanilla,mls,near,5634,bus,truck,-8.674760818481445,-5.903560161590576,False
vanilla,mls,near,5650,motorcycle,truck,-6.182260036468506,-5.903560161590576,False
vanilla,mls,near,5654,bus,automobile,-10.632397651672363,-5.903560161590576,False
vanilla,mls,near,5664,camel,dog,-5.523682594299316,-5.903560161590576,True
vanilla,mls,near,5691,motorcycle,airplane,-4.248648643493652,-5.903560161590576,True
vanilla,mls,near,5696,tractor,truck,-7.6037468910217285,-5.903560161590576,False
vanilla,mls,near,5698,leopard,frog,-8.718123435974121,-5.903560161590576,False
vanilla,mls,near,5715,pickup_truck,truck,-6.970301151275635,-5.903560161590576,False
vanilla,mls,near,5726,fox,bird,-6.193911552429199,-5.903560161590576,False
vanilla,mls,near,5732,pickup_truck,automobile,-9.203573226928711,-5.903560161590576,False
vanilla,mls,near,5736,pickup_truck,truck,-6.866243362426758,-5.903560161590576,False
vanilla,mls,near,5738,pickup_truck,automobile,-8.263718605041504,-5.903560161590576,False
vanilla,mls,near,5748,bus,truck,-10.956260681152344,-5.903560161590576,False
vanilla,mls,near,5756,pickup_truck,automobile,-8.674689292907715,-5.903560161590576,False
vanilla,mls,near,5762,camel,bird,-11.199873924255371,-5.903560161590576,False
vanilla,mls,near,5781,wolf,cat,-8.11818790435791,-5.903560161590576,False
vanilla,mls,near,5818,tractor,horse,-7.180154323577881,-5.903560161590576,False
vanilla,mls,near,5819,leopard,cat,-7.88169002532959,-5.903560161590576,False
vanilla,mls,near,5832,fox,deer,-7.973221302032471,-5.903560161590576,False
vanilla,mls,near,5853,bus,truck,-11.26394271850586,-5.903560161590576,False
vanilla,mls,near,5889,fox,deer,-4.617187023162842,-5.903560161590576,True
vanilla,mls,near,5893,pickup_truck,automobile,-7.356330394744873,-5.903560161590576,False
vanilla,mls,near,5896,fox,bird,-7.390904426574707,-5.903560161590576,False
vanilla,mls,near,5905,leopard,frog,-4.671227931976318,-5.903560161590576,True
vanilla,mls,near,5911,wolf,cat,-6.301654815673828,-5.903560161590576,False
vanilla,mls,near,5912,wolf,bird,-5.32790994644165,-5.903560161590576,True
vanilla,mls,near,5920,bus,truck,-7.044380187988281,-5.903560161590576,False
vanilla,mls,near,5932,pickup_truck,truck,-8.00565242767334,-5.903560161590576,False
vanilla,mls,near,5945,fox,horse,-3.782850742340088,-5.903560161590576,True
vanilla,mls,near,6010,wolf,deer,-7.490318775177002,-5.903560161590576,False
vanilla,mls,near,6022,motorcycle,airplane,-3.670722246170044,-5.903560161590576,True
vanilla,mls,near,6037,camel,dog,-6.127925872802734,-5.903560161590576,False
vanilla,mls,near,6044,camel,bird,-6.082889080047607,-5.903560161590576,False
vanilla,mls,near,6055,leopard,cat,-9.860939025878906,-5.903560161590576,False
vanilla,mls,near,6061,leopard,cat,-6.631044387817383,-5.903560161590576,False
vanilla,mls,near,6063,tractor,truck,-5.3822479248046875,-5.903560161590576,True
vanilla,mls,near,6075,pickup_truck,automobile,-7.787330150604248,-5.903560161590576,False
vanilla,mls,near,6080,fox,deer,-6.479150772094727,-5.903560161590576,False
vanilla,mls,near,6116,bus,truck,-11.735547065734863,-5.903560161590576,False
vanilla,mls,near,6132,wolf,cat,-7.501260280609131,-5.903560161590576,False
vanilla,mls,near,6144,motorcycle,truck,-3.839799165725708,-5.903560161590576,True
vanilla,mls,near,6160,wolf,cat,-8.560194969177246,-5.903560161590576,False
vanilla,mls,near,6162,fox,cat,-9.944050788879395,-5.903560161590576,False
vanilla,mls,near,6163,fox,deer,-10.343035697937012,-5.903560161590576,False
vanilla,mls,near,6176,bus,truck,-8.336028099060059,-5.903560161590576,False
vanilla,mls,near,6178,wolf,dog,-8.622546195983887,-5.903560161590576,False
vanilla,mls,near,6279,motorcycle,automobile,-9.582409858703613,-5.903560161590576,False
vanilla,mls,near,6293,leopard,bird,-5.95276403427124,-5.903560161590576,False
vanilla,mls,near,6303,bus,truck,-5.320845603942871,-5.903560161590576,True
vanilla,mls,near,6324,wolf,cat,-6.92204475402832,-5.903560161590576,False
vanilla,mls,near,6339,bus,truck,-10.920534133911133,-5.903560161590576,False
vanilla,mls,near,6343,motorcycle,truck,-8.304871559143066,-5.903560161590576,False
vanilla,mls,near,6360,tractor,automobile,-6.429266929626465,-5.903560161590576,False
vanilla,mls,near,6379,tractor,ship,-4.342859745025635,-5.903560161590576,True
vanilla,mls,near,6382,motorcycle,automobile,-4.276462554931641,-5.903560161590576,True
vanilla,mls,near,6395,leopard,frog,-8.486628532409668,-5.903560161590576,False
vanilla,mls,near,6398,tractor,truck,-8.853181838989258,-5.903560161590576,False
vanilla,mls,near,6401,leopard,frog,-7.769866466522217,-5.903560161590576,False
vanilla,mls,near,6409,leopard,cat,-6.512007713317871,-5.903560161590576,False
vanilla,mls,near,6411,bus,truck,-5.340668201446533,-5.903560161590576,True
vanilla,mls,near,6416,motorcycle,automobile,-5.3100361824035645,-5.903560161590576,True
vanilla,mls,near,6417,camel,bird,-8.913941383361816,-5.903560161590576,False
vanilla,mls,near,6418,camel,deer,-10.040026664733887,-5.903560161590576,False
vanilla,mls,near,6430,tractor,truck,-9.76833724975586,-5.903560161590576,False
vanilla,mls,near,6433,wolf,cat,-7.087582588195801,-5.903560161590576,False
vanilla,mls,near,6447,wolf,cat,-8.035809516906738,-5.903560161590576,False
vanilla,mls,near,6449,motorcycle,automobile,-5.834619998931885,-5.903560161590576,True
vanilla,mls,near,6469,fox,cat,-8.12336540222168,-5.903560161590576,False
vanilla,mls,near,6475,camel,horse,-5.854897975921631,-5.903560161590576,True
vanilla,mls,near,6505,fox,frog,-5.751705646514893,-5.903560161590576,True
vanilla,mls,near,6528,wolf,dog,-5.748347282409668,-5.903560161590576,True
vanilla,mls,near,6545,fox,deer,-4.039248943328857,-5.903560161590576,True
vanilla,mls,near,6546,tractor,frog,-4.603276252746582,-5.903560161590576,True
vanilla,mls,near,6547,motorcycle,automobile,-5.635260105133057,-5.903560161590576,True
vanilla,mls,near,6552,wolf,cat,-8.595808029174805,-5.903560161590576,False
vanilla,mls,near,6561,wolf,cat,-7.93171501159668,-5.903560161590576,False
vanilla,mls,near,6574,pickup_truck,automobile,-8.688309669494629,-5.903560161590576,False
vanilla,mls,near,6616,camel,dog,-8.686591148376465,-5.903560161590576,False
vanilla,mls,near,6652,wolf,dog,-7.430842399597168,-5.903560161590576,False
vanilla,mls,near,6653,pickup_truck,automobile,-10.31524658203125,-5.903560161590576,False
vanilla,mls,near,6693,fox,deer,-7.9357147216796875,-5.903560161590576,False
vanilla,mls,near,6712,bus,truck,-10.049973487854004,-5.903560161590576,False
vanilla,mls,near,6730,motorcycle,airplane,-8.413287162780762,-5.903560161590576,False
vanilla,mls,near,6735,leopard,cat,-6.550975322723389,-5.903560161590576,False
vanilla,mls,near,6746,wolf,cat,-5.866655349731445,-5.903560161590576,True
vanilla,mls,near,6767,leopard,frog,-6.5346574783325195,-5.903560161590576,False
vanilla,mls,near,6778,camel,dog,-5.232954978942871,-5.903560161590576,True
vanilla,mls,near,6791,bus,airplane,-7.83815336227417,-5.903560161590576,False
vanilla,mls,near,6807,tractor,truck,-9.209202766418457,-5.903560161590576,False
vanilla,mls,near,6816,fox,dog,-10.039710998535156,-5.903560161590576,False
vanilla,mls,near,6866,tractor,truck,-9.117338180541992,-5.903560161590576,False
vanilla,mls,near,6914,motorcycle,truck,-7.424723148345947,-5.903560161590576,False
vanilla,mls,near,6924,leopard,frog,-8.497442245483398,-5.903560161590576,False
vanilla,mls,near,6930,tractor,truck,-9.14303207397461,-5.903560161590576,False
vanilla,mls,near,6954,motorcycle,truck,-6.031827449798584,-5.903560161590576,False
vanilla,mls,near,6967,wolf,dog,-9.538825035095215,-5.903560161590576,False
vanilla,mls,near,7006,tractor,truck,-3.4779858589172363,-5.903560161590576,True
vanilla,mls,near,7021,fox,cat,-3.9196298122406006,-5.903560161590576,True
vanilla,mls,near,7028,wolf,cat,-7.918034076690674,-5.903560161590576,False
vanilla,mls,near,7078,leopard,cat,-7.2104573249816895,-5.903560161590576,False
vanilla,mls,near,7086,tractor,truck,-4.760164737701416,-5.903560161590576,True
vanilla,mls,near,7087,wolf,cat,-9.614750862121582,-5.903560161590576,False
vanilla,mls,near,7109,motorcycle,truck,-6.531154632568359,-5.903560161590576,False
vanilla,mls,near,7110,motorcycle,airplane,-5.167992115020752,-5.903560161590576,True
vanilla,mls,near,7119,pickup_truck,truck,-7.178244590759277,-5.903560161590576,False
vanilla,mls,near,7125,wolf,dog,-6.7664947509765625,-5.903560161590576,False
vanilla,mls,near,7128,camel,horse,-6.250845909118652,-5.903560161590576,False
vanilla,mls,near,7131,pickup_truck,truck,-6.2210187911987305,-5.903560161590576,False
vanilla,mls,near,7133,bus,truck,-11.826656341552734,-5.903560161590576,False
vanilla,mls,near,7135,wolf,dog,-9.48099422454834,-5.903560161590576,False
vanilla,mls,near,7141,fox,deer,-5.850694179534912,-5.903560161590576,True
vanilla,mls,near,7146,tractor,truck,-4.122677326202393,-5.903560161590576,True
vanilla,mls,near,7160,motorcycle,automobile,-5.24152135848999,-5.903560161590576,True
vanilla,mls,near,7194,camel,deer,-6.847175598144531,-5.903560161590576,False
vanilla,mls,near,7200,camel,bird,-5.556310176849365,-5.903560161590576,True
vanilla,mls,near,7207,pickup_truck,automobile,-8.742424964904785,-5.903560161590576,False
vanilla,mls,near,7209,motorcycle,truck,-5.539133548736572,-5.903560161590576,True
vanilla,mls,near,7225,fox,cat,-9.51841926574707,-5.903560161590576,False
vanilla,mls,near,7248,fox,dog,-9.269035339355469,-5.903560161590576,False
vanilla,mls,near,7249,motorcycle,automobile,-6.042452335357666,-5.903560161590576,False
vanilla,mls,near,7279,fox,cat,-9.277989387512207,-5.903560161590576,False
vanilla,mls,near,7283,leopard,cat,-5.682496070861816,-5.903560161590576,True
vanilla,mls,near,7289,motorcycle,truck,-4.673528671264648,-5.903560161590576,True
vanilla,mls,near,7298,camel,deer,-6.970580101013184,-5.903560161590576,False
vanilla,mls,near,7308,wolf,dog,-9.233195304870605,-5.903560161590576,False
vanilla,mls,near,7317,fox,dog,-5.325752258300781,-5.903560161590576,True
vanilla,mls,near,7333,camel,horse,-5.995284557342529,-5.903560161590576,False
vanilla,mls,near,7367,leopard,frog,-4.973642349243164,-5.903560161590576,True
vanilla,mls,near,7373,fox,cat,-3.844963788986206,-5.903560161590576,True
vanilla,mls,near,7375,wolf,cat,-7.911160945892334,-5.903560161590576,False
vanilla,mls,near,7376,bus,truck,-8.964951515197754,-5.903560161590576,False
vanilla,mls,near,7379,camel,bird,-1.8649089336395264,-5.903560161590576,True
vanilla,mls,near,7388,tractor,airplane,-4.985373020172119,-5.903560161590576,True
vanilla,mls,near,7389,pickup_truck,automobile,-10.637807846069336,-5.903560161590576,False
vanilla,mls,near,7407,leopard,cat,-7.26159143447876,-5.903560161590576,False
vanilla,mls,near,7412,leopard,frog,-7.714108943939209,-5.903560161590576,False
vanilla,mls,near,7417,leopard,deer,-3.9966158866882324,-5.903560161590576,True
vanilla,mls,near,7427,leopard,cat,-7.662973880767822,-5.903560161590576,False
vanilla,mls,near,7441,bus,truck,-8.82296371459961,-5.903560161590576,False
vanilla,mls,near,7445,camel,deer,-6.830793380737305,-5.903560161590576,False
vanilla,mls,near,7471,motorcycle,cat,-7.731826305389404,-5.903560161590576,False
vanilla,mls,near,7472,wolf,horse,-6.873996257781982,-5.903560161590576,False
vanilla,mls,near,7489,motorcycle,horse,-4.2707085609436035,-5.903560161590576,True
vanilla,mls,near,7495,leopard,deer,-7.141136646270752,-5.903560161590576,False
vanilla,mls,near,7503,fox,dog,-7.151187419891357,-5.903560161590576,False
vanilla,mls,near,7507,tractor,cat,-4.462010383605957,-5.903560161590576,True
vanilla,mls,near,7508,bus,truck,-8.850650787353516,-5.903560161590576,False
vanilla,mls,near,7559,pickup_truck,automobile,-9.404301643371582,-5.903560161590576,False
vanilla,mls,near,7561,wolf,cat,-6.158841133117676,-5.903560161590576,False
vanilla,mls,near,7564,fox,dog,-8.691243171691895,-5.903560161590576,False
vanilla,mls,near,7567,bus,dog,-3.2133524417877197,-5.903560161590576,True
vanilla,mls,near,7569,motorcycle,automobile,-5.2038798332214355,-5.903560161590576,True
vanilla,mls,near,7570,pickup_truck,truck,-6.897177696228027,-5.903560161590576,False
vanilla,mls,near,7582,wolf,deer,-8.9274263381958,-5.903560161590576,False
vanilla,mls,near,7590,tractor,truck,-6.130044460296631,-5.903560161590576,False
vanilla,mls,near,7609,leopard,cat,-5.492362976074219,-5.903560161590576,True
vanilla,mls,near,7621,fox,deer,-4.955944061279297,-5.903560161590576,True
vanilla,mls,near,7640,motorcycle,automobile,-6.2762861251831055,-5.903560161590576,False
vanilla,mls,near,7643,tractor,cat,-4.184071063995361,-5.903560161590576,True
vanilla,mls,near,7650,wolf,cat,-5.604981422424316,-5.903560161590576,True
vanilla,mls,near,7658,pickup_truck,automobile,-10.655458450317383,-5.903560161590576,False
vanilla,mls,near,7660,tractor,airplane,-5.211840629577637,-5.903560161590576,True
vanilla,mls,near,7736,tractor,truck,-6.532758712768555,-5.903560161590576,False
vanilla,mls,near,7750,camel,bird,-7.917962551116943,-5.903560161590576,False
vanilla,mls,near,7752,wolf,cat,-7.816920280456543,-5.903560161590576,False
vanilla,mls,near,7772,leopard,deer,-6.07503080368042,-5.903560161590576,False
vanilla,mls,near,7799,fox,horse,-5.382569789886475,-5.903560161590576,True
vanilla,mls,near,7800,camel,dog,-5.2502031326293945,-5.903560161590576,True
vanilla,mls,near,7806,motorcycle,truck,-6.158271789550781,-5.903560161590576,False
vanilla,mls,near,7812,bus,truck,-10.483588218688965,-5.903560161590576,False
vanilla,mls,near,7816,bus,truck,-8.744088172912598,-5.903560161590576,False
vanilla,mls,near,7823,pickup_truck,automobile,-5.131860256195068,-5.903560161590576,True
vanilla,mls,near,7829,tractor,truck,-5.01392936706543,-5.903560161590576,True
vanilla,mls,near,7866,pickup_truck,automobile,-4.846124172210693,-5.903560161590576,True
vanilla,mls,near,7871,motorcycle,automobile,-4.4640679359436035,-5.903560161590576,True
vanilla,mls,near,7875,wolf,cat,-8.07968807220459,-5.903560161590576,False
vanilla,mls,near,7884,tractor,ship,-7.9601287841796875,-5.903560161590576,False
vanilla,mls,near,7900,pickup_truck,automobile,-8.367640495300293,-5.903560161590576,False
vanilla,mls,near,7912,camel,cat,-3.103595495223999,-5.903560161590576,True
vanilla,mls,near,7924,fox,cat,-6.35871696472168,-5.903560161590576,False
vanilla,mls,near,7950,leopard,dog,-6.737633228302002,-5.903560161590576,False
vanilla,mls,near,7962,pickup_truck,truck,-9.704957962036133,-5.903560161590576,False
vanilla,mls,near,7973,fox,deer,-5.579306602478027,-5.903560161590576,True
vanilla,mls,near,7974,leopard,cat,-7.136833667755127,-5.903560161590576,False
vanilla,mls,near,7980,wolf,dog,-10.361250877380371,-5.903560161590576,False
vanilla,mls,near,7994,pickup_truck,airplane,-5.258408069610596,-5.903560161590576,True
vanilla,mls,near,7999,pickup_truck,automobile,-4.133893013000488,-5.903560161590576,True
vanilla,mls,near,8023,bus,truck,-7.616990566253662,-5.903560161590576,False
vanilla,mls,near,8026,tractor,airplane,-5.976000785827637,-5.903560161590576,False
vanilla,mls,near,8082,pickup_truck,automobile,-8.137589454650879,-5.903560161590576,False
vanilla,mls,near,8085,bus,truck,-10.38564395904541,-5.903560161590576,False
vanilla,mls,near,8100,fox,horse,-4.151273727416992,-5.903560161590576,True
vanilla,mls,near,8101,wolf,cat,-6.9178314208984375,-5.903560161590576,False
vanilla,mls,near,8109,fox,deer,-7.461748123168945,-5.903560161590576,False
vanilla,mls,near,8126,bus,automobile,-7.492978096008301,-5.903560161590576,False
vanilla,mls,near,8132,fox,dog,-6.325664520263672,-5.903560161590576,False
vanilla,mls,near,8141,tractor,truck,-7.295369625091553,-5.903560161590576,False
vanilla,mls,near,8143,camel,cat,-10.135958671569824,-5.903560161590576,False
vanilla,mls,near,8150,fox,cat,-9.212519645690918,-5.903560161590576,False
vanilla,mls,near,8165,pickup_truck,automobile,-6.547196865081787,-5.903560161590576,False
vanilla,mls,near,8169,tractor,airplane,-5.677209377288818,-5.903560161590576,True
vanilla,mls,near,8183,motorcycle,airplane,-2.66178822517395,-5.903560161590576,True
vanilla,mls,near,8185,fox,deer,-5.484612464904785,-5.903560161590576,True
vanilla,mls,near,8187,fox,cat,-7.941755771636963,-5.903560161590576,False
vanilla,mls,near,8219,pickup_truck,automobile,-6.459648609161377,-5.903560161590576,False
vanilla,mls,near,8231,camel,horse,-5.163913249969482,-5.903560161590576,True
vanilla,mls,near,8257,motorcycle,horse,-6.318896770477295,-5.903560161590576,False
vanilla,mls,near,8258,tractor,truck,-4.8047051429748535,-5.903560161590576,True
vanilla,mls,near,8300,motorcycle,truck,-3.3069498538970947,-5.903560161590576,True
vanilla,mls,near,8310,leopard,frog,-3.8753902912139893,-5.903560161590576,True
vanilla,mls,near,8324,leopard,cat,-10.045222282409668,-5.903560161590576,False
vanilla,mls,near,8329,tractor,truck,-7.371434211730957,-5.903560161590576,False
vanilla,mls,near,8334,leopard,frog,-7.663730144500732,-5.903560161590576,False
vanilla,mls,near,8381,fox,frog,-4.148966312408447,-5.903560161590576,True
vanilla,mls,near,8391,pickup_truck,truck,-8.817980766296387,-5.903560161590576,False
vanilla,mls,near,8405,fox,deer,-10.446356773376465,-5.903560161590576,False
vanilla,mls,near,8407,wolf,cat,-5.649662017822266,-5.903560161590576,True
vanilla,mls,near,8418,wolf,cat,-7.7928466796875,-5.903560161590576,False
vanilla,mls,near,8447,camel,truck,-5.956947326660156,-5.903560161590576,False
vanilla,mls,near,8454,leopard,cat,-6.139082908630371,-5.903560161590576,False
vanilla,mls,near,8455,pickup_truck,automobile,-9.077848434448242,-5.903560161590576,False
vanilla,mls,near,8457,motorcycle,automobile,-3.7833261489868164,-5.903560161590576,True
vanilla,mls,near,8460,motorcycle,horse,-3.175279140472412,-5.903560161590576,True
vanilla,mls,near,8497,bus,truck,-3.2716405391693115,-5.903560161590576,True
vanilla,mls,near,8503,pickup_truck,automobile,-8.41220474243164,-5.903560161590576,False
vanilla,mls,near,8504,leopard,frog,-2.5083236694335938,-5.903560161590576,True
vanilla,mls,near,8519,pickup_truck,automobile,-6.481088161468506,-5.903560161590576,False
vanilla,mls,near,8535,wolf,dog,-7.805147171020508,-5.903560161590576,False
vanilla,mls,near,8580,tractor,ship,-6.323825359344482,-5.903560161590576,False
vanilla,mls,near,8596,bus,truck,-6.455137729644775,-5.903560161590576,False
vanilla,mls,near,8598,camel,horse,-5.7504801750183105,-5.903560161590576,True
vanilla,mls,near,8604,camel,deer,-7.425528526306152,-5.903560161590576,False
vanilla,mls,near,8609,bus,truck,-9.37166976928711,-5.903560161590576,False
vanilla,mls,near,8618,fox,dog,-7.445377826690674,-5.903560161590576,False
vanilla,mls,near,8627,motorcycle,automobile,-3.8279271125793457,-5.903560161590576,True
vanilla,mls,near,8634,wolf,cat,-7.128985404968262,-5.903560161590576,False
vanilla,mls,near,8648,camel,bird,-8.99777889251709,-5.903560161590576,False
vanilla,mls,near,8655,bus,truck,-10.326674461364746,-5.903560161590576,False
vanilla,mls,near,8663,bus,truck,-7.151318550109863,-5.903560161590576,False
vanilla,mls,near,8672,fox,dog,-6.432734489440918,-5.903560161590576,False
vanilla,mls,near,8693,pickup_truck,truck,-7.799835681915283,-5.903560161590576,False
vanilla,mls,near,8695,leopard,frog,-8.923707962036133,-5.903560161590576,False
vanilla,mls,near,8713,wolf,dog,-9.02626895904541,-5.903560161590576,False
vanilla,mls,near,8715,fox,cat,-9.041110038757324,-5.903560161590576,False
vanilla,mls,near,8717,bus,truck,-7.742429256439209,-5.903560161590576,False
vanilla,mls,near,8731,fox,cat,-11.3674955368042,-5.903560161590576,False
vanilla,mls,near,8732,camel,airplane,-5.415881156921387,-5.903560161590576,True
vanilla,mls,near,8735,fox,cat,-5.406131267547607,-5.903560161590576,True
vanilla,mls,near,8762,fox,deer,-4.918766975402832,-5.903560161590576,True
vanilla,mls,near,8763,motorcycle,automobile,-3.653585910797119,-5.903560161590576,True
vanilla,mls,near,8774,leopard,cat,-5.951034069061279,-5.903560161590576,False
vanilla,mls,near,8780,camel,horse,-8.285094261169434,-5.903560161590576,False
vanilla,mls,near,8800,camel,horse,-5.340137481689453,-5.903560161590576,True
vanilla,mls,near,8834,camel,dog,-6.848355770111084,-5.903560161590576,False
vanilla,mls,near,8904,leopard,frog,-9.94251823425293,-5.903560161590576,False
vanilla,mls,near,8906,tractor,ship,-5.158257961273193,-5.903560161590576,True
vanilla,mls,near,8918,wolf,dog,-6.675858974456787,-5.903560161590576,False
vanilla,mls,near,8920,bus,truck,-5.15360689163208,-5.903560161590576,True
vanilla,mls,near,8929,motorcycle,truck,-5.702761650085449,-5.903560161590576,True
vanilla,mls,near,8942,tractor,truck,-4.152610778808594,-5.903560161590576,True
vanilla,mls,near,8944,pickup_truck,airplane,-5.751414775848389,-5.903560161590576,True
vanilla,mls,near,8947,pickup_truck,truck,-3.6717660427093506,-5.903560161590576,True
vanilla,mls,near,8953,pickup_truck,automobile,-9.423810005187988,-5.903560161590576,False
vanilla,mls,near,8958,bus,automobile,-8.545685768127441,-5.903560161590576,False
vanilla,mls,near,8960,wolf,frog,-2.8980138301849365,-5.903560161590576,True
vanilla,mls,near,8966,pickup_truck,automobile,-9.003830909729004,-5.903560161590576,False
vanilla,mls,near,8981,motorcycle,truck,-4.792362213134766,-5.903560161590576,True
vanilla,mls,near,8996,tractor,ship,-9.736096382141113,-5.903560161590576,False
vanilla,mls,near,9007,motorcycle,airplane,-4.348974227905273,-5.903560161590576,True
vanilla,mls,near,9014,camel,cat,-4.379969596862793,-5.903560161590576,True
vanilla,mls,near,9017,motorcycle,automobile,-5.540204048156738,-5.903560161590576,True
vanilla,mls,near,9019,tractor,truck,-8.88968276977539,-5.903560161590576,False
vanilla,mls,near,9027,bus,automobile,-4.225384712219238,-5.903560161590576,True
vanilla,mls,near,9030,pickup_truck,automobile,-7.578775882720947,-5.903560161590576,False
vanilla,mls,near,9039,tractor,truck,-9.33318042755127,-5.903560161590576,False
vanilla,mls,near,9058,leopard,frog,-9.408597946166992,-5.903560161590576,False
vanilla,mls,near,9081,pickup_truck,automobile,-11.127338409423828,-5.903560161590576,False
vanilla,mls,near,9093,camel,deer,-5.171483993530273,-5.903560161590576,True
vanilla,mls,near,9110,camel,horse,-10.01248550415039,-5.903560161590576,False
vanilla,mls,near,9142,camel,horse,-9.838493347167969,-5.903560161590576,False
vanilla,mls,near,9148,fox,cat,-6.994956016540527,-5.903560161590576,False
vanilla,mls,near,9187,leopard,cat,-9.960817337036133,-5.903560161590576,False
vanilla,mls,near,9203,tractor,truck,-5.838334560394287,-5.903560161590576,True
vanilla,mls,near,9205,motorcycle,automobile,-7.097497940063477,-5.903560161590576,False
vanilla,mls,near,9231,wolf,cat,-9.51049518585205,-5.903560161590576,False
vanilla,mls,near,9232,bus,truck,-10.844902038574219,-5.903560161590576,False
vanilla,mls,near,9238,leopard,frog,-8.212486267089844,-5.903560161590576,False
vanilla,mls,near,9252,bus,truck,-7.263789653778076,-5.903560161590576,False
vanilla,mls,near,9259,tractor,truck,-8.093456268310547,-5.903560161590576,False
vanilla,mls,near,9261,leopard,frog,-10.603795051574707,-5.903560161590576,False
vanilla,mls,near,9266,camel,dog,-8.549967765808105,-5.903560161590576,False
vanilla,mls,near,9276,motorcycle,airplane,-6.498908996582031,-5.903560161590576,False
vanilla,mls,near,9288,tractor,truck,-8.541109085083008,-5.903560161590576,False
vanilla,mls,near,9317,wolf,cat,-6.1517653465271,-5.903560161590576,False
vanilla,mls,near,9318,leopard,cat,-8.831703186035156,-5.903560161590576,False
vanilla,mls,near,9345,motorcycle,truck,-7.7542901039123535,-5.903560161590576,False
vanilla,mls,near,9346,wolf,dog,-6.416613578796387,-5.903560161590576,False
vanilla,mls,near,9362,camel,deer,-5.290579795837402,-5.903560161590576,True
vanilla,mls,near,9368,pickup_truck,truck,-9.49956226348877,-5.903560161590576,False
vanilla,mls,near,9377,pickup_truck,automobile,-7.737159729003906,-5.903560161590576,False
vanilla,mls,near,9388,pickup_truck,automobile,-10.044621467590332,-5.903560161590576,False
vanilla,mls,near,9395,tractor,truck,-3.8410255908966064,-5.903560161590576,True
vanilla,mls,near,9406,leopard,cat,-9.960115432739258,-5.903560161590576,False
vanilla,mls,near,9412,camel,horse,-4.426668643951416,-5.903560161590576,True
vanilla,mls,near,9429,pickup_truck,automobile,-8.885481834411621,-5.903560161590576,False
vanilla,mls,near,9447,pickup_truck,automobile,-9.398530006408691,-5.903560161590576,False
vanilla,mls,near,9453,fox,cat,-9.963213920593262,-5.903560161590576,False
vanilla,mls,near,9496,fox,bird,-4.68491268157959,-5.903560161590576,True
vanilla,mls,near,9504,pickup_truck,truck,-8.201399803161621,-5.903560161590576,False
vanilla,mls,near,9531,camel,horse,-3.2483901977539062,-5.903560161590576,True
vanilla,mls,near,9546,bus,truck,-8.01152229309082,-5.903560161590576,False
vanilla,mls,near,9572,bus,truck,-8.999723434448242,-5.903560161590576,False
vanilla,mls,near,9575,leopard,frog,-9.857514381408691,-5.903560161590576,False
vanilla,mls,near,9587,wolf,cat,-8.872225761413574,-5.903560161590576,False
vanilla,mls,near,9611,camel,airplane,-6.386014938354492,-5.903560161590576,False
vanilla,mls,near,9612,leopard,frog,-6.789831161499023,-5.903560161590576,False
vanilla,mls,near,9647,camel,airplane,-5.537275791168213,-5.903560161590576,True
vanilla,mls,near,9654,motorcycle,cat,-4.819413185119629,-5.903560161590576,True
vanilla,mls,near,9662,pickup_truck,automobile,-5.8482561111450195,-5.903560161590576,True
vanilla,mls,near,9673,tractor,truck,-3.1906673908233643,-5.903560161590576,True
vanilla,mls,near,9676,pickup_truck,automobile,-7.4743475914001465,-5.903560161590576,False
vanilla,mls,near,9686,fox,bird,-4.292677402496338,-5.903560161590576,True
vanilla,mls,near,9704,tractor,truck,-8.07473373413086,-5.903560161590576,False
vanilla,mls,near,9708,tractor,truck,-6.049154758453369,-5.903560161590576,False
vanilla,mls,near,9743,camel,dog,-6.019814968109131,-5.903560161590576,False
vanilla,mls,near,9768,wolf,cat,-7.506360054016113,-5.903560161590576,False
vanilla,mls,near,9790,wolf,cat,-9.096699714660645,-5.903560161590576,False
vanilla,mls,near,9807,tractor,automobile,-5.816648960113525,-5.903560161590576,True
vanilla,mls,near,9815,bus,automobile,-7.746208190917969,-5.903560161590576,False
vanilla,mls,near,9833,motorcycle,automobile,-4.918190002441406,-5.903560161590576,True
vanilla,mls,near,9835,bus,truck,-10.133584976196289,-5.903560161590576,False
vanilla,mls,near,9842,fox,deer,-7.04219913482666,-5.903560161590576,False
vanilla,mls,near,9871,pickup_truck,truck,-6.470459938049316,-5.903560161590576,False
vanilla,mls,near,9878,pickup_truck,automobile,-9.906218528747559,-5.903560161590576,False
vanilla,mls,near,9880,pickup_truck,truck,-8.025991439819336,-5.903560161590576,False
vanilla,mls,near,9886,wolf,dog,-5.867773056030273,-5.903560161590576,True
vanilla,mls,near,9914,leopard,frog,-6.389227867126465,-5.903560161590576,False
vanilla,mls,near,9922,tractor,deer,-3.970350742340088,-5.903560161590576,True
vanilla,mls,near,9927,pickup_truck,automobile,-9.66117000579834,-5.903560161590576,False
vanilla,mls,near,9930,bus,automobile,-8.622212409973145,-5.903560161590576,False
vanilla,mls,near,9936,leopard,cat,-6.549405097961426,-5.903560161590576,False
vanilla,mls,near,9942,wolf,dog,-8.16904067993164,-5.903560161590576,False
vanilla,mls,near,9948,wolf,deer,-3.4220058917999268,-5.903560161590576,True
vanilla,mls,near,9965,wolf,dog,-9.011931419372559,-5.903560161590576,False
vanilla,mls,near,9969,tractor,truck,-5.277491569519043,-5.903560161590576,True
vanilla,mls,near,9998,leopard,frog,-6.531785011291504,-5.903560161590576,False
vanilla,mls,far,3,mushroom,bird,-5.840371608734131,-5.903560161590576,True
vanilla,mls,far,26,keyboard,ship,-4.965998649597168,-5.903560161590576,True
vanilla,mls,far,30,chair,airplane,-8.699089050292969,-5.903560161590576,False
vanilla,mls,far,45,clock,automobile,-5.852071285247803,-5.903560161590576,True
vanilla,mls,far,52,bottle,bird,-9.330703735351562,-5.903560161590576,False
vanilla,mls,far,67,sunflower,dog,-5.182972431182861,-5.903560161590576,True
vanilla,mls,far,76,sunflower,cat,-4.289302825927734,-5.903560161590576,True
vanilla,mls,far,77,bowl,truck,-9.559024810791016,-5.903560161590576,False
vanilla,mls,far,79,clock,airplane,-4.173747539520264,-5.903560161590576,True
vanilla,mls,far,90,clock,cat,-5.859230041503906,-5.903560161590576,True
vanilla,mls,far,111,chair,dog,-2.255520820617676,-5.903560161590576,True
vanilla,mls,far,114,bottle,cat,-4.342804431915283,-5.903560161590576,True
vanilla,mls,far,121,bowl,bird,-5.283910751342773,-5.903560161590576,True
vanilla,mls,far,125,chair,cat,-4.84237003326416,-5.903560161590576,True
vanilla,mls,far,147,keyboard,frog,-5.442678928375244,-5.903560161590576,True
vanilla,mls,far,148,mushroom,bird,-3.93296480178833,-5.903560161590576,True
vanilla,mls,far,157,chair,airplane,-6.8492751121521,-5.903560161590576,False
vanilla,mls,far,163,bowl,automobile,-5.4384589195251465,-5.903560161590576,True
vanilla,mls,far,168,mushroom,bird,-4.253931999206543,-5.903560161590576,True
vanilla,mls,far,170,bottle,ship,-3.851576328277588,-5.903560161590576,True
vanilla,mls,far,180,keyboard,airplane,-7.5502800941467285,-5.903560161590576,False
vanilla,mls,far,182,clock,automobile,-3.0751051902770996,-5.903560161590576,True
vanilla,mls,far,194,wardrobe,cat,-8.446005821228027,-5.903560161590576,False
vanilla,mls,far,220,wardrobe,truck,-8.51501178741455,-5.903560161590576,False
vanilla,mls,far,238,sunflower,bird,-8.0187349319458,-5.903560161590576,False
vanilla,mls,far,249,keyboard,airplane,-7.077598571777344,-5.903560161590576,False
vanilla,mls,far,271,mushroom,airplane,-5.570512294769287,-5.903560161590576,True
vanilla,mls,far,318,bowl,cat,-7.581958770751953,-5.903560161590576,False
vanilla,mls,far,328,wardrobe,truck,-9.07262134552002,-5.903560161590576,False
vanilla,mls,far,340,bottle,ship,-7.793257236480713,-5.903560161590576,False
vanilla,mls,far,348,bowl,automobile,-2.979625701904297,-5.903560161590576,True
vanilla,mls,far,349,bowl,cat,-5.416500568389893,-5.903560161590576,True
vanilla,mls,far,361,keyboard,frog,-4.748030662536621,-5.903560161590576,True
vanilla,mls,far,363,wardrobe,truck,-8.187671661376953,-5.903560161590576,False
vanilla,mls,far,365,bowl,frog,-5.1579670906066895,-5.903560161590576,True
vanilla,mls,far,378,wardrobe,cat,-7.020847320556641,-5.903560161590576,False
vanilla,mls,far,427,bowl,automobile,-5.836456298828125,-5.903560161590576,True
vanilla,mls,far,433,mushroom,deer,-5.526262283325195,-5.903560161590576,True
vanilla,mls,far,439,bowl,cat,-7.143799304962158,-5.903560161590576,False
vanilla,mls,far,447,clock,dog,-4.602420806884766,-5.903560161590576,True
vanilla,mls,far,450,clock,automobile,-3.5932083129882812,-5.903560161590576,True
vanilla,mls,far,451,clock,ship,-5.854245662689209,-5.903560161590576,True
vanilla,mls,far,452,bowl,automobile,-8.808960914611816,-5.903560161590576,False
vanilla,mls,far,455,bottle,truck,-3.7366302013397217,-5.903560161590576,True
vanilla,mls,far,562,chair,truck,-6.817292213439941,-5.903560161590576,False
vanilla,mls,far,575,bottle,horse,-2.8636767864227295,-5.903560161590576,True
vanilla,mls,far,582,sunflower,bird,-8.432520866394043,-5.903560161590576,False
vanilla,mls,far,583,clock,automobile,-4.355729579925537,-5.903560161590576,True
vanilla,mls,far,588,bowl,ship,-8.31898307800293,-5.903560161590576,False
vanilla,mls,far,594,bottle,truck,-4.665796279907227,-5.903560161590576,True
vanilla,mls,far,599,keyboard,dog,-4.078885078430176,-5.903560161590576,True
vanilla,mls,far,611,sunflower,bird,-9.248848915100098,-5.903560161590576,False
vanilla,mls,far,613,chair,ship,-3.724982738494873,-5.903560161590576,True
vanilla,mls,far,618,clock,ship,-5.496582984924316,-5.903560161590576,True
vanilla,mls,far,621,keyboard,dog,-3.7606472969055176,-5.903560161590576,True
vanilla,mls,far,629,sunflower,dog,-5.859602928161621,-5.903560161590576,True
vanilla,mls,far,645,sunflower,ship,-5.320390701293945,-5.903560161590576,True
vanilla,mls,far,647,wardrobe,cat,-7.354767799377441,-5.903560161590576,False
vanilla,mls,far,649,clock,truck,-7.74728536605835,-5.903560161590576,False
vanilla,mls,far,662,wardrobe,cat,-4.278390884399414,-5.903560161590576,True
vanilla,mls,far,665,sunflower,bird,-4.82969856262207,-5.903560161590576,True
vanilla,mls,far,703,bowl,frog,-4.2892866134643555,-5.903560161590576,True
vanilla,mls,far,714,sunflower,bird,-9.95569896697998,-5.903560161590576,False
vanilla,mls,far,734,wardrobe,cat,-6.057930946350098,-5.903560161590576,False
vanilla,mls,far,749,sunflower,cat,-4.380784034729004,-5.903560161590576,True
vanilla,mls,far,771,keyboard,horse,-7.091468334197998,-5.903560161590576,False
vanilla,mls,far,786,clock,automobile,-6.050929069519043,-5.903560161590576,False
vanilla,mls,far,788,sunflower,bird,-8.14992618560791,-5.903560161590576,False
vanilla,mls,far,797,wardrobe,truck,-8.450850486755371,-5.903560161590576,False
vanilla,mls,far,806,bowl,frog,-9.095166206359863,-5.903560161590576,False
vanilla,mls,far,823,clock,bird,-6.994892597198486,-5.903560161590576,False
vanilla,mls,far,839,keyboard,deer,-2.7759785652160645,-5.903560161590576,True
vanilla,mls,far,840,chair,dog,-3.793017864227295,-5.903560161590576,True
vanilla,mls,far,864,bottle,truck,-5.537897109985352,-5.903560161590576,True
vanilla,mls,far,865,bowl,cat,-6.3678083419799805,-5.903560161590576,False
vanilla,mls,far,870,clock,airplane,-8.270269393920898,-5.903560161590576,False
vanilla,mls,far,874,bowl,automobile,-6.124744415283203,-5.903560161590576,False
vanilla,mls,far,880,chair,cat,-6.100439071655273,-5.903560161590576,False
vanilla,mls,far,909,mushroom,frog,-5.090234279632568,-5.903560161590576,True
vanilla,mls,far,911,keyboard,cat,-5.8633928298950195,-5.903560161590576,True
vanilla,mls,far,932,bottle,cat,-8.202424049377441,-5.903560161590576,False
vanilla,mls,far,934,clock,dog,-3.5188894271850586,-5.903560161590576,True
vanilla,mls,far,953,mushroom,cat,-8.736968994140625,-5.903560161590576,False
vanilla,mls,far,954,bowl,cat,-2.9549529552459717,-5.903560161590576,True
vanilla,mls,far,963,mushroom,deer,-8.518054962158203,-5.903560161590576,False
vanilla,mls,far,976,sunflower,truck,-10.73842716217041,-5.903560161590576,False
vanilla,mls,far,997,bottle,ship,-6.730742931365967,-5.903560161590576,False
vanilla,mls,far,1002,wardrobe,cat,-7.642706871032715,-5.903560161590576,False
vanilla,mls,far,1015,bottle,truck,-3.8780415058135986,-5.903560161590576,True
vanilla,mls,far,1032,mushroom,bird,-8.133682250976562,-5.903560161590576,False
vanilla,mls,far,1041,bowl,frog,-5.122087478637695,-5.903560161590576,True
vanilla,mls,far,1045,bottle,bird,-5.03936767578125,-5.903560161590576,True
vanilla,mls,far,1052,keyboard,cat,-7.724477291107178,-5.903560161590576,False
vanilla,mls,far,1054,chair,ship,-5.014559268951416,-5.903560161590576,True
vanilla,mls,far,1076,chair,truck,-3.3346855640411377,-5.903560161590576,True
vanilla,mls,far,1097,sunflower,truck,-4.440762996673584,-5.903560161590576,True
vanilla,mls,far,1122,sunflower,bird,-5.741521835327148,-5.903560161590576,True
vanilla,mls,far,1130,bottle,truck,-6.248873710632324,-5.903560161590576,False
vanilla,mls,far,1135,bottle,ship,-5.695438861846924,-5.903560161590576,True
vanilla,mls,far,1138,mushroom,bird,-9.782361030578613,-5.903560161590576,False
vanilla,mls,far,1163,clock,ship,-4.821643352508545,-5.903560161590576,True
vanilla,mls,far,1175,mushroom,dog,-6.123572826385498,-5.903560161590576,False
vanilla,mls,far,1196,mushroom,frog,-9.839118957519531,-5.903560161590576,False
vanilla,mls,far,1231,sunflower,bird,-7.9338483810424805,-5.903560161590576,False
vanilla,mls,far,1264,keyboard,bird,-4.58717155456543,-5.903560161590576,True
vanilla,mls,far,1273,mushroom,bird,-5.0578227043151855,-5.903560161590576,True
vanilla,mls,far,1310,clock,dog,-5.271225452423096,-5.903560161590576,True
vanilla,mls,far,1318,bottle,truck,-7.082213401794434,-5.903560161590576,False
vanilla,mls,far,1341,chair,airplane,-3.795663833618164,-5.903560161590576,True
vanilla,mls,far,1362,wardrobe,cat,-7.273056983947754,-5.903560161590576,False
vanilla,mls,far,1410,bowl,dog,-4.685062408447266,-5.903560161590576,True
vanilla,mls,far,1415,wardrobe,truck,-6.829471588134766,-5.903560161590576,False
vanilla,mls,far,1428,clock,automobile,-9.37852954864502,-5.903560161590576,False
vanilla,mls,far,1429,bottle,cat,-5.781498908996582,-5.903560161590576,True
vanilla,mls,far,1434,chair,airplane,-7.517241954803467,-5.903560161590576,False
vanilla,mls,far,1438,bottle,bird,-4.579706192016602,-5.903560161590576,True
vanilla,mls,far,1448,bowl,frog,-2.069042682647705,-5.903560161590576,True
vanilla,mls,far,1454,mushroom,bird,-7.571911334991455,-5.903560161590576,False
vanilla,mls,far,1470,wardrobe,cat,-7.0053277015686035,-5.903560161590576,False
vanilla,mls,far,1484,mushroom,bird,-7.272009372711182,-5.903560161590576,False
vanilla,mls,far,1487,bottle,bird,-4.155646800994873,-5.903560161590576,True
vanilla,mls,far,1495,keyboard,cat,-7.196188926696777,-5.903560161590576,False
vanilla,mls,far,1508,wardrobe,truck,-7.3568501472473145,-5.903560161590576,False
vanilla,mls,far,1514,bottle,ship,-6.965607166290283,-5.903560161590576,False
vanilla,mls,far,1525,chair,airplane,-6.604136943817139,-5.903560161590576,False
vanilla,mls,far,1542,sunflower,frog,-3.0817768573760986,-5.903560161590576,True
vanilla,mls,far,1546,keyboard,cat,-5.321017742156982,-5.903560161590576,True
vanilla,mls,far,1557,bowl,bird,-4.115246772766113,-5.903560161590576,True
vanilla,mls,far,1560,clock,cat,-6.4946608543396,-5.903560161590576,False
vanilla,mls,far,1562,bottle,bird,-5.79649019241333,-5.903560161590576,True
vanilla,mls,far,1586,clock,truck,-9.133392333984375,-5.903560161590576,False
vanilla,mls,far,1599,keyboard,dog,-5.512842178344727,-5.903560161590576,True
vanilla,mls,far,1610,chair,cat,-5.974009990692139,-5.903560161590576,False
vanilla,mls,far,1641,wardrobe,truck,-6.662567615509033,-5.903560161590576,False
vanilla,mls,far,1642,keyboard,airplane,-4.63310432434082,-5.903560161590576,True
vanilla,mls,far,1652,chair,airplane,-6.666520118713379,-5.903560161590576,False
vanilla,mls,far,1674,chair,bird,-3.7462079524993896,-5.903560161590576,True
vanilla,mls,far,1680,bowl,frog,-4.832522392272949,-5.903560161590576,True
vanilla,mls,far,1696,bowl,cat,-9.196131706237793,-5.903560161590576,False
vanilla,mls,far,1713,sunflower,truck,-5.488028049468994,-5.903560161590576,True
vanilla,mls,far,1714,bowl,ship,-5.119933128356934,-5.903560161590576,True
vanilla,mls,far,1740,chair,cat,-3.5107343196868896,-5.903560161590576,True
vanilla,mls,far,1760,mushroom,bird,-6.0004706382751465,-5.903560161590576,False
vanilla,mls,far,1781,sunflower,airplane,-9.40070915222168,-5.903560161590576,False
vanilla,mls,far,1782,mushroom,bird,-3.8714425563812256,-5.903560161590576,True
vanilla,mls,far,1789,chair,bird,-6.160295486450195,-5.903560161590576,False
vanilla,mls,far,1792,chair,cat,-4.869966983795166,-5.903560161590576,True
vanilla,mls,far,1806,clock,cat,-5.172575950622559,-5.903560161590576,True
vanilla,mls,far,1807,clock,cat,-3.648435592651367,-5.903560161590576,True
vanilla,mls,far,1809,bowl,truck,-5.063830375671387,-5.903560161590576,True
vanilla,mls,far,1818,sunflower,bird,-6.993375301361084,-5.903560161590576,False
vanilla,mls,far,1820,mushroom,frog,-10.364307403564453,-5.903560161590576,False
vanilla,mls,far,1837,wardrobe,cat,-3.7554447650909424,-5.903560161590576,True
vanilla,mls,far,1862,wardrobe,bird,-4.125542163848877,-5.903560161590576,True
vanilla,mls,far,1865,bowl,cat,-7.724153995513916,-5.903560161590576,False
vanilla,mls,far,1875,clock,dog,-6.283675193786621,-5.903560161590576,False
vanilla,mls,far,1899,bottle,cat,-3.8440659046173096,-5.903560161590576,True
vanilla,mls,far,1909,wardrobe,cat,-6.097667217254639,-5.903560161590576,False
vanilla,mls,far,1927,clock,truck,-6.282554626464844,-5.903560161590576,False
vanilla,mls,far,1930,clock,airplane,-6.091022968292236,-5.903560161590576,False
vanilla,mls,far,1932,bottle,ship,-8.697224617004395,-5.903560161590576,False
vanilla,mls,far,1944,wardrobe,truck,-9.179571151733398,-5.903560161590576,False
vanilla,mls,far,1947,chair,airplane,-5.433762073516846,-5.903560161590576,True
vanilla,mls,far,1963,keyboard,airplane,-4.578737735748291,-5.903560161590576,True
vanilla,mls,far,1982,clock,automobile,-7.352168560028076,-5.903560161590576,False
vanilla,mls,far,1987,mushroom,dog,-4.639408588409424,-5.903560161590576,True
vanilla,mls,far,2005,mushroom,airplane,-6.279993534088135,-5.903560161590576,False
vanilla,mls,far,2011,bottle,ship,-3.094951868057251,-5.903560161590576,True
vanilla,mls,far,2023,keyboard,ship,-5.4933953285217285,-5.903560161590576,True
vanilla,mls,far,2037,keyboard,cat,-7.343862056732178,-5.903560161590576,False
vanilla,mls,far,2038,sunflower,truck,-6.58600378036499,-5.903560161590576,False
vanilla,mls,far,2052,keyboard,frog,-4.688066005706787,-5.903560161590576,True
vanilla,mls,far,2055,keyboard,airplane,-8.018609046936035,-5.903560161590576,False
vanilla,mls,far,2086,chair,airplane,-5.424051284790039,-5.903560161590576,True
vanilla,mls,far,2108,chair,airplane,-6.431543827056885,-5.903560161590576,False
vanilla,mls,far,2109,bowl,ship,-3.832263469696045,-5.903560161590576,True
vanilla,mls,far,2125,clock,cat,-4.374370574951172,-5.903560161590576,True
vanilla,mls,far,2134,wardrobe,truck,-6.1930012702941895,-5.903560161590576,False
vanilla,mls,far,2152,chair,bird,-6.148647785186768,-5.903560161590576,False
vanilla,mls,far,2161,chair,truck,-4.362111568450928,-5.903560161590576,True
vanilla,mls,far,2169,clock,frog,-4.9571003913879395,-5.903560161590576,True
vanilla,mls,far,2176,bowl,ship,-4.87140417098999,-5.903560161590576,True
vanilla,mls,far,2181,keyboard,ship,-3.5282187461853027,-5.903560161590576,True
vanilla,mls,far,2189,clock,frog,-6.04481315612793,-5.903560161590576,False
vanilla,mls,far,2200,mushroom,bird,-6.917627811431885,-5.903560161590576,False
vanilla,mls,far,2207,clock,airplane,-2.5071890354156494,-5.903560161590576,True
vanilla,mls,far,2213,clock,cat,-5.957336902618408,-5.903560161590576,False
vanilla,mls,far,2223,clock,automobile,-5.823419094085693,-5.903560161590576,True
vanilla,mls,far,2232,mushroom,bird,-3.929239511489868,-5.903560161590576,True
vanilla,mls,far,2243,sunflower,dog,-5.74525260925293,-5.903560161590576,True
vanilla,mls,far,2269,chair,airplane,-2.013315439224243,-5.903560161590576,True
vanilla,mls,far,2295,bowl,airplane,-4.041684627532959,-5.903560161590576,True
vanilla,mls,far,2300,bowl,airplane,-6.817932605743408,-5.903560161590576,False
vanilla,mls,far,2302,bowl,frog,-8.02263355255127,-5.903560161590576,False
vanilla,mls,far,2314,bottle,automobile,-3.89211368560791,-5.903560161590576,True
vanilla,mls,far,2332,mushroom,bird,-6.647843837738037,-5.903560161590576,False
vanilla,mls,far,2384,mushroom,frog,-4.293105125427246,-5.903560161590576,True
vanilla,mls,far,2386,chair,cat,-5.72000789642334,-5.903560161590576,True
vanilla,mls,far,2389,chair,cat,-5.051077842712402,-5.903560161590576,True
vanilla,mls,far,2425,bowl,cat,-4.228852272033691,-5.903560161590576,True
vanilla,mls,far,2428,bottle,cat,-5.963089942932129,-5.903560161590576,False
vanilla,mls,far,2432,wardrobe,truck,-7.666324138641357,-5.903560161590576,False
vanilla,mls,far,2446,sunflower,airplane,-5.691033840179443,-5.903560161590576,True
vanilla,mls,far,2453,wardrobe,dog,-2.6957168579101562,-5.903560161590576,True
vanilla,mls,far,2463,clock,ship,-5.895251750946045,-5.903560161590576,True
vanilla,mls,far,2470,chair,airplane,-4.399415969848633,-5.903560161590576,True
vanilla,mls,far,2475,clock,truck,-5.475473880767822,-5.903560161590576,True
vanilla,mls,far,2487,clock,cat,-5.574756622314453,-5.903560161590576,True
vanilla,mls,far,2510,bottle,cat,-7.811710357666016,-5.903560161590576,False
vanilla,mls,far,2533,clock,dog,-3.538736343383789,-5.903560161590576,True
vanilla,mls,far,2545,sunflower,cat,-7.264200210571289,-5.903560161590576,False
vanilla,mls,far,2550,bottle,truck,-5.840118408203125,-5.903560161590576,True
vanilla,mls,far,2557,wardrobe,truck,-3.4847495555877686,-5.903560161590576,True
vanilla,mls,far,2562,keyboard,truck,-5.433729648590088,-5.903560161590576,True
vanilla,mls,far,2576,chair,truck,-7.124089241027832,-5.903560161590576,False
vanilla,mls,far,2577,chair,horse,-5.45071268081665,-5.903560161590576,True
vanilla,mls,far,2579,mushroom,bird,-7.917195796966553,-5.903560161590576,False
vanilla,mls,far,2586,clock,ship,-3.322399139404297,-5.903560161590576,True
vanilla,mls,far,2620,mushroom,bird,-7.411098003387451,-5.903560161590576,False
vanilla,mls,far,2627,keyboard,dog,-2.094837188720703,-5.903560161590576,True
vanilla,mls,far,2650,keyboard,deer,-2.683138847351074,-5.903560161590576,True
vanilla,mls,far,2656,bowl,cat,-7.254611968994141,-5.903560161590576,False
vanilla,mls,far,2661,chair,airplane,-2.467982053756714,-5.903560161590576,True
vanilla,mls,far,2670,bowl,deer,-8.021035194396973,-5.903560161590576,False
vanilla,mls,far,2684,chair,airplane,-8.113765716552734,-5.903560161590576,False
vanilla,mls,far,2715,wardrobe,truck,-7.649794101715088,-5.903560161590576,False
vanilla,mls,far,2729,keyboard,truck,-6.847618103027344,-5.903560161590576,False
vanilla,mls,far,2740,sunflower,bird,-7.701213359832764,-5.903560161590576,False
vanilla,mls,far,2790,bowl,airplane,-5.941020488739014,-5.903560161590576,False
vanilla,mls,far,2797,bowl,cat,-8.230411529541016,-5.903560161590576,False
vanilla,mls,far,2802,chair,ship,-1.9866467714309692,-5.903560161590576,True
vanilla,mls,far,2811,sunflower,frog,-6.1885576248168945,-5.903560161590576,False
vanilla,mls,far,2815,clock,bird,-3.9871747493743896,-5.903560161590576,True
vanilla,mls,far,2822,bottle,ship,-7.065311431884766,-5.903560161590576,False
vanilla,mls,far,2831,sunflower,frog,-8.54462718963623,-5.903560161590576,False
vanilla,mls,far,2836,clock,automobile,-2.851383686065674,-5.903560161590576,True
vanilla,mls,far,2856,sunflower,bird,-4.860781669616699,-5.903560161590576,True
vanilla,mls,far,2915,wardrobe,truck,-11.1066255569458,-5.903560161590576,False
vanilla,mls,far,2917,chair,airplane,-4.234461307525635,-5.903560161590576,True
vanilla,mls,far,2936,clock,cat,-7.020406723022461,-5.903560161590576,False
vanilla,mls,far,2937,mushroom,bird,-6.856217384338379,-5.903560161590576,False
vanilla,mls,far,2945,clock,cat,-5.234138488769531,-5.903560161590576,True
vanilla,mls,far,2963,bottle,truck,-6.709012508392334,-5.903560161590576,False
vanilla,mls,far,2965,chair,airplane,-6.708419322967529,-5.903560161590576,False
vanilla,mls,far,2972,sunflower,dog,-4.069133758544922,-5.903560161590576,True
vanilla,mls,far,2980,mushroom,bird,-6.70779275894165,-5.903560161590576,False
vanilla,mls,far,2989,sunflower,dog,-5.963647842407227,-5.903560161590576,False
vanilla,mls,far,2993,bottle,cat,-4.887938499450684,-5.903560161590576,True
vanilla,mls,far,3011,bottle,dog,-3.9850776195526123,-5.903560161590576,True
vanilla,mls,far,3015,wardrobe,cat,-7.057921886444092,-5.903560161590576,False
vanilla,mls,far,3039,mushroom,frog,-6.098045349121094,-5.903560161590576,False
vanilla,mls,far,3053,wardrobe,truck,-6.528380870819092,-5.903560161590576,False
vanilla,mls,far,3078,bowl,bird,-5.5245747566223145,-5.903560161590576,True
vanilla,mls,far,3089,sunflower,dog,-8.430119514465332,-5.903560161590576,False
vanilla,mls,far,3091,bowl,truck,-4.093039035797119,-5.903560161590576,True
vanilla,mls,far,3095,bowl,cat,-3.0581960678100586,-5.903560161590576,True
vanilla,mls,far,3115,sunflower,frog,-5.404905319213867,-5.903560161590576,True
vanilla,mls,far,3122,bottle,truck,-4.115939617156982,-5.903560161590576,True
vanilla,mls,far,3139,keyboard,truck,-4.956721782684326,-5.903560161590576,True
vanilla,mls,far,3149,wardrobe,truck,-5.955910682678223,-5.903560161590576,False
vanilla,mls,far,3186,chair,airplane,-8.812126159667969,-5.903560161590576,False
vanilla,mls,far,3203,chair,airplane,-6.676167011260986,-5.903560161590576,False
vanilla,mls,far,3209,bowl,dog,-4.528317451477051,-5.903560161590576,True
vanilla,mls,far,3210,clock,automobile,-9.008190155029297,-5.903560161590576,False
vanilla,mls,far,3216,bottle,bird,-5.0482683181762695,-5.903560161590576,True
vanilla,mls,far,3232,bottle,ship,-6.291671276092529,-5.903560161590576,False
vanilla,mls,far,3247,keyboard,truck,-10.232726097106934,-5.903560161590576,False
vanilla,mls,far,3253,bowl,dog,-2.880476713180542,-5.903560161590576,True
vanilla,mls,far,3282,clock,cat,-7.904763698577881,-5.903560161590576,False
vanilla,mls,far,3286,chair,automobile,-3.6371428966522217,-5.903560161590576,True
vanilla,mls,far,3293,chair,airplane,-7.594860553741455,-5.903560161590576,False
vanilla,mls,far,3298,keyboard,airplane,-6.911563396453857,-5.903560161590576,False
vanilla,mls,far,3299,chair,airplane,-4.7345404624938965,-5.903560161590576,True
vanilla,mls,far,3304,bowl,bird,-5.102535247802734,-5.903560161590576,True
vanilla,mls,far,3305,mushroom,frog,-8.608800888061523,-5.903560161590576,False
vanilla,mls,far,3316,bottle,cat,-5.749835014343262,-5.903560161590576,True
vanilla,mls,far,3317,chair,airplane,-7.523025035858154,-5.903560161590576,False
vanilla,mls,far,3322,chair,bird,-3.7050137519836426,-5.903560161590576,True
vanilla,mls,far,3337,mushroom,bird,-7.4280171394348145,-5.903560161590576,False
vanilla,mls,far,3347,keyboard,ship,-4.416441440582275,-5.903560161590576,True
vanilla,mls,far,3348,bowl,frog,-5.352123737335205,-5.903560161590576,True
vanilla,mls,far,3349,chair,truck,-5.592216968536377,-5.903560161590576,True
vanilla,mls,far,3350,bottle,truck,-6.062835216522217,-5.903560161590576,False
vanilla,mls,far,3352,mushroom,bird,-7.808811187744141,-5.903560161590576,False
vanilla,mls,far,3373,bowl,cat,-8.747450828552246,-5.903560161590576,False
vanilla,mls,far,3378,wardrobe,cat,-6.106477737426758,-5.903560161590576,False
vanilla,mls,far,3386,sunflower,cat,-8.487515449523926,-5.903560161590576,False
vanilla,mls,far,3402,sunflower,bird,-5.445666790008545,-5.903560161590576,True
vanilla,mls,far,3409,chair,airplane,-6.333488941192627,-5.903560161590576,False
vanilla,mls,far,3429,sunflower,cat,-2.6275649070739746,-5.903560161590576,True
vanilla,mls,far,3444,bottle,cat,-5.291103363037109,-5.903560161590576,True
vanilla,mls,far,3470,keyboard,airplane,-4.0595383644104,-5.903560161590576,True
vanilla,mls,far,3493,mushroom,dog,-4.086828231811523,-5.903560161590576,True
vanilla,mls,far,3502,mushroom,frog,-7.8940887451171875,-5.903560161590576,False
vanilla,mls,far,3507,bowl,cat,-5.035340309143066,-5.903560161590576,True
vanilla,mls,far,3548,bottle,ship,-4.282517433166504,-5.903560161590576,True
vanilla,mls,far,3559,sunflower,truck,-4.246853828430176,-5.903560161590576,True
vanilla,mls,far,3568,chair,dog,-5.067605018615723,-5.903560161590576,True
vanilla,mls,far,3579,keyboard,airplane,-7.826472282409668,-5.903560161590576,False
vanilla,mls,far,3586,keyboard,cat,-10.175116539001465,-5.903560161590576,False
vanilla,mls,far,3609,wardrobe,truck,-5.672766208648682,-5.903560161590576,True
vanilla,mls,far,3636,mushroom,cat,-5.552114009857178,-5.903560161590576,True
vanilla,mls,far,3659,clock,cat,-4.420199871063232,-5.903560161590576,True
vanilla,mls,far,3683,clock,cat,-6.950410842895508,-5.903560161590576,False
vanilla,mls,far,3684,mushroom,frog,-5.457122802734375,-5.903560161590576,True
vanilla,mls,far,3693,keyboard,automobile,-4.461925983428955,-5.903560161590576,True
vanilla,mls,far,3702,wardrobe,truck,-4.449275493621826,-5.903560161590576,True
vanilla,mls,far,3705,wardrobe,truck,-8.572976112365723,-5.903560161590576,False
vanilla,mls,far,3716,keyboard,bird,-2.1193737983703613,-5.903560161590576,True
vanilla,mls,far,3728,bowl,cat,-7.825640678405762,-5.903560161590576,False
vanilla,mls,far,3730,bowl,cat,-6.741064548492432,-5.903560161590576,False
vanilla,mls,far,3734,mushroom,cat,-5.65989875793457,-5.903560161590576,True
vanilla,mls,far,3742,mushroom,cat,-6.452221870422363,-5.903560161590576,False
vanilla,mls,far,3759,mushroom,frog,-4.545422554016113,-5.903560161590576,True
vanilla,mls,far,3765,bowl,ship,-7.964821815490723,-5.903560161590576,False
vanilla,mls,far,3770,sunflower,bird,-7.3188395500183105,-5.903560161590576,False
vanilla,mls,far,3787,wardrobe,cat,-6.15730094909668,-5.903560161590576,False
vanilla,mls,far,3806,wardrobe,cat,-6.0321044921875,-5.903560161590576,False
vanilla,mls,far,3853,wardrobe,truck,-8.250689506530762,-5.903560161590576,False
vanilla,mls,far,3855,keyboard,cat,-4.021492004394531,-5.903560161590576,True
vanilla,mls,far,3863,bowl,ship,-6.2020487785339355,-5.903560161590576,False
vanilla,mls,far,3872,keyboard,airplane,-8.00357437133789,-5.903560161590576,False
vanilla,mls,far,3888,bottle,cat,-9.68264102935791,-5.903560161590576,False
vanilla,mls,far,3906,bottle,ship,-6.687504291534424,-5.903560161590576,False
vanilla,mls,far,3912,chair,horse,-3.5856990814208984,-5.903560161590576,True
vanilla,mls,far,3924,wardrobe,truck,-10.25284194946289,-5.903560161590576,False
vanilla,mls,far,3942,sunflower,bird,-4.770912170410156,-5.903560161590576,True
vanilla,mls,far,3952,bowl,dog,-7.911965847015381,-5.903560161590576,False
vanilla,mls,far,3962,mushroom,cat,-5.9625349044799805,-5.903560161590576,False
vanilla,mls,far,3968,mushroom,frog,-10.457112312316895,-5.903560161590576,False
vanilla,mls,far,3975,sunflower,bird,-4.571737766265869,-5.903560161590576,True
vanilla,mls,far,4010,chair,airplane,-7.595493793487549,-5.903560161590576,False
vanilla,mls,far,4022,mushroom,dog,-5.781482696533203,-5.903560161590576,True
vanilla,mls,far,4031,wardrobe,truck,-6.35207462310791,-5.903560161590576,False
vanilla,mls,far,4033,wardrobe,truck,-3.9985578060150146,-5.903560161590576,True
vanilla,mls,far,4034,wardrobe,truck,-7.474716663360596,-5.903560161590576,False
vanilla,mls,far,4061,chair,automobile,-4.387653827667236,-5.903560161590576,True
vanilla,mls,far,4065,bottle,truck,-4.3746466636657715,-5.903560161590576,True
vanilla,mls,far,4077,bottle,cat,-2.283827543258667,-5.903560161590576,True
vanilla,mls,far,4087,wardrobe,truck,-4.685202598571777,-5.903560161590576,True
vanilla,mls,far,4103,sunflower,dog,-5.571373462677002,-5.903560161590576,True
vanilla,mls,far,4125,chair,airplane,-4.612488269805908,-5.903560161590576,True
vanilla,mls,far,4151,bowl,dog,-4.667286396026611,-5.903560161590576,True
vanilla,mls,far,4159,chair,bird,-7.710819244384766,-5.903560161590576,False
vanilla,mls,far,4171,wardrobe,cat,-6.805505752563477,-5.903560161590576,False
vanilla,mls,far,4174,clock,cat,-7.34406852722168,-5.903560161590576,False
vanilla,mls,far,4183,keyboard,cat,-3.649925708770752,-5.903560161590576,True
vanilla,mls,far,4186,chair,airplane,-6.95054817199707,-5.903560161590576,False
vanilla,mls,far,4206,clock,automobile,-6.206515789031982,-5.903560161590576,False
vanilla,mls,far,4208,wardrobe,truck,-9.7177734375,-5.903560161590576,False
vanilla,mls,far,4214,chair,airplane,-7.64621114730835,-5.903560161590576,False
vanilla,mls,far,4245,wardrobe,cat,-7.48763370513916,-5.903560161590576,False
vanilla,mls,far,4252,bowl,cat,-8.20074462890625,-5.903560161590576,False
vanilla,mls,far,4259,chair,airplane,-6.225439548492432,-5.903560161590576,False
vanilla,mls,far,4269,mushroom,horse,-3.5093064308166504,-5.903560161590576,True
vanilla,mls,far,4321,clock,truck,-9.309732437133789,-5.903560161590576,False
vanilla,mls,far,4325,bottle,automobile,-6.792304515838623,-5.903560161590576,False
vanilla,mls,far,4332,bottle,bird,-3.3294219970703125,-5.903560161590576,True
vanilla,mls,far,4334,bottle,cat,-8.938253402709961,-5.903560161590576,False
vanilla,mls,far,4348,bowl,frog,-2.736248016357422,-5.903560161590576,True
vanilla,mls,far,4367,bowl,cat,-5.12576150894165,-5.903560161590576,True
vanilla,mls,far,4369,clock,ship,-5.350831508636475,-5.903560161590576,True
vanilla,mls,far,4373,mushroom,airplane,-5.465363502502441,-5.903560161590576,True
vanilla,mls,far,4376,sunflower,cat,-3.3522980213165283,-5.903560161590576,True
vanilla,mls,far,4382,wardrobe,cat,-6.149243354797363,-5.903560161590576,False
vanilla,mls,far,4383,keyboard,ship,-2.6618127822875977,-5.903560161590576,True
vanilla,mls,far,4386,bowl,frog,-5.873901844024658,-5.903560161590576,True
vanilla,mls,far,4394,mushroom,horse,-5.592880725860596,-5.903560161590576,True
vanilla,mls,far,4417,mushroom,cat,-5.576148986816406,-5.903560161590576,True
vanilla,mls,far,4444,chair,cat,-2.8787624835968018,-5.903560161590576,True
vanilla,mls,far,4466,wardrobe,truck,-8.5405855178833,-5.903560161590576,False
vanilla,mls,far,4471,bowl,frog,-8.614421844482422,-5.903560161590576,False
vanilla,mls,far,4475,clock,cat,-6.931726932525635,-5.903560161590576,False
vanilla,mls,far,4514,mushroom,airplane,-2.676331043243408,-5.903560161590576,True
vanilla,mls,far,4520,bowl,ship,-4.808833599090576,-5.903560161590576,True
vanilla,mls,far,4631,wardrobe,cat,-6.407639503479004,-5.903560161590576,False
vanilla,mls,far,4656,clock,dog,-5.046401023864746,-5.903560161590576,True
vanilla,mls,far,4668,chair,airplane,-6.766120910644531,-5.903560161590576,False
vanilla,mls,far,4670,keyboard,cat,-5.738819599151611,-5.903560161590576,True
vanilla,mls,far,4683,bottle,cat,-9.302340507507324,-5.903560161590576,False
vanilla,mls,far,4704,clock,truck,-8.489532470703125,-5.903560161590576,False
vanilla,mls,far,4708,bottle,airplane,-4.261402606964111,-5.903560161590576,True
vanilla,mls,far,4722,chair,airplane,-4.452142715454102,-5.903560161590576,True
vanilla,mls,far,4734,wardrobe,cat,-6.565237045288086,-5.903560161590576,False
vanilla,mls,far,4746,sunflower,bird,-4.878024101257324,-5.903560161590576,True
vanilla,mls,far,4769,clock,automobile,-5.616061687469482,-5.903560161590576,True
vanilla,mls,far,4771,clock,ship,-2.647604465484619,-5.903560161590576,True
vanilla,mls,far,4779,clock,cat,-4.646617889404297,-5.903560161590576,True
vanilla,mls,far,4785,sunflower,bird,-9.166455268859863,-5.903560161590576,False
vanilla,mls,far,4800,keyboard,cat,-6.029696464538574,-5.903560161590576,False
vanilla,mls,far,4804,keyboard,horse,-7.661316394805908,-5.903560161590576,False
vanilla,mls,far,4809,keyboard,bird,-2.858757734298706,-5.903560161590576,True
vanilla,mls,far,4818,bottle,truck,-7.646084785461426,-5.903560161590576,False
vanilla,mls,far,4830,bowl,automobile,-7.526491641998291,-5.903560161590576,False
vanilla,mls,far,4838,keyboard,automobile,-4.5749287605285645,-5.903560161590576,True
vanilla,mls,far,4847,chair,bird,-10.215855598449707,-5.903560161590576,False
vanilla,mls,far,4848,bottle,automobile,-5.332602024078369,-5.903560161590576,True
vanilla,mls,far,4851,sunflower,bird,-4.850585460662842,-5.903560161590576,True
vanilla,mls,far,4859,clock,cat,-5.680934906005859,-5.903560161590576,True
vanilla,mls,far,4863,bowl,ship,-7.887639045715332,-5.903560161590576,False
vanilla,mls,far,4910,wardrobe,cat,-6.40850830078125,-5.903560161590576,False
vanilla,mls,far,4918,chair,truck,-2.371934175491333,-5.903560161590576,True
vanilla,mls,far,4933,wardrobe,truck,-8.950366973876953,-5.903560161590576,False
vanilla,mls,far,4947,wardrobe,cat,-8.673322677612305,-5.903560161590576,False
vanilla,mls,far,4956,bottle,cat,-5.712648391723633,-5.903560161590576,True
vanilla,mls,far,4968,mushroom,deer,-3.8629727363586426,-5.903560161590576,True
vanilla,mls,far,4981,bottle,ship,-7.200271129608154,-5.903560161590576,False
vanilla,mls,far,4982,mushroom,bird,-8.00564956665039,-5.903560161590576,False
vanilla,mls,far,4986,clock,truck,-8.257757186889648,-5.903560161590576,False
vanilla,mls,far,4999,keyboard,frog,-4.535207748413086,-5.903560161590576,True
vanilla,mls,far,5002,sunflower,frog,-3.359663963317871,-5.903560161590576,True
vanilla,mls,far,5005,sunflower,bird,-4.65153169631958,-5.903560161590576,True
vanilla,mls,far,5030,bottle,frog,-5.388815879821777,-5.903560161590576,True
vanilla,mls,far,5082,wardrobe,truck,-7.1291913986206055,-5.903560161590576,False
vanilla,mls,far,5083,bowl,dog,-6.482221603393555,-5.903560161590576,False
vanilla,mls,far,5096,chair,airplane,-10.416486740112305,-5.903560161590576,False
vanilla,mls,far,5102,bottle,truck,-3.19339919090271,-5.903560161590576,True
vanilla,mls,far,5127,bowl,frog,-2.152613878250122,-5.903560161590576,True
vanilla,mls,far,5147,clock,cat,-5.779088973999023,-5.903560161590576,True
vanilla,mls,far,5155,sunflower,dog,-5.043006420135498,-5.903560161590576,True
vanilla,mls,far,5181,sunflower,cat,-5.1064958572387695,-5.903560161590576,True
vanilla,mls,far,5215,wardrobe,truck,-4.193809986114502,-5.903560161590576,True
vanilla,mls,far,5219,mushroom,cat,-9.754868507385254,-5.903560161590576,False
vanilla,mls,far,5236,clock,automobile,-4.85831880569458,-5.903560161590576,True
vanilla,mls,far,5250,keyboard,dog,-2.9013359546661377,-5.903560161590576,True
vanilla,mls,far,5260,sunflower,bird,-11.358866691589355,-5.903560161590576,False
vanilla,mls,far,5282,bowl,bird,-4.392174243927002,-5.903560161590576,True
vanilla,mls,far,5319,clock,dog,-4.447833061218262,-5.903560161590576,True
vanilla,mls,far,5324,bottle,horse,-3.425117254257202,-5.903560161590576,True
vanilla,mls,far,5333,wardrobe,truck,-6.315210819244385,-5.903560161590576,False
vanilla,mls,far,5354,mushroom,bird,-5.272290229797363,-5.903560161590576,True
vanilla,mls,far,5364,clock,bird,-4.587948322296143,-5.903560161590576,True
vanilla,mls,far,5375,mushroom,deer,-3.2400617599487305,-5.903560161590576,True
vanilla,mls,far,5378,keyboard,truck,-3.6408731937408447,-5.903560161590576,True
vanilla,mls,far,5386,mushroom,bird,-4.324275493621826,-5.903560161590576,True
vanilla,mls,far,5387,wardrobe,ship,-2.6836605072021484,-5.903560161590576,True
vanilla,mls,far,5414,clock,cat,-7.862265586853027,-5.903560161590576,False
vanilla,mls,far,5428,wardrobe,truck,-7.430906772613525,-5.903560161590576,False
vanilla,mls,far,5440,bottle,ship,-5.869556427001953,-5.903560161590576,True
vanilla,mls,far,5444,bowl,cat,-4.157476425170898,-5.903560161590576,True
vanilla,mls,far,5473,chair,bird,-4.897846221923828,-5.903560161590576,True
vanilla,mls,far,5484,mushroom,airplane,-2.6662423610687256,-5.903560161590576,True
vanilla,mls,far,5505,keyboard,airplane,-4.688511371612549,-5.903560161590576,True
vanilla,mls,far,5508,bowl,cat,-3.710991621017456,-5.903560161590576,True
vanilla,mls,far,5565,wardrobe,cat,-5.3982696533203125,-5.903560161590576,True
vanilla,mls,far,5573,sunflower,frog,-7.338255405426025,-5.903560161590576,False
vanilla,mls,far,5577,keyboard,frog,-8.947921752929688,-5.903560161590576,False
vanilla,mls,far,5587,wardrobe,truck,-4.5813727378845215,-5.903560161590576,True
vanilla,mls,far,5603,chair,airplane,-6.848087787628174,-5.903560161590576,False
vanilla,mls,far,5627,mushroom,deer,-5.064113616943359,-5.903560161590576,True
vanilla,mls,far,5633,keyboard,frog,-7.934438705444336,-5.903560161590576,False
vanilla,mls,far,5638,mushroom,airplane,-4.925675868988037,-5.903560161590576,True
vanilla,mls,far,5643,wardrobe,cat,-5.921225547790527,-5.903560161590576,False
vanilla,mls,far,5646,mushroom,bird,-6.71906042098999,-5.903560161590576,False
vanilla,mls,far,5659,keyboard,truck,-5.7891154289245605,-5.903560161590576,True
vanilla,mls,far,5666,wardrobe,cat,-5.973674774169922,-5.903560161590576,False
vanilla,mls,far,5680,sunflower,truck,-4.3815531730651855,-5.903560161590576,True
vanilla,mls,far,5683,chair,airplane,-9.62005615234375,-5.903560161590576,False
vanilla,mls,far,5686,bottle,cat,-6.665319442749023,-5.903560161590576,False
vanilla,mls,far,5690,clock,airplane,-9.646659851074219,-5.903560161590576,False
vanilla,mls,far,5699,chair,ship,-5.6011481285095215,-5.903560161590576,True
vanilla,mls,far,5716,bowl,cat,-5.634511470794678,-5.903560161590576,True
vanilla,mls,far,5740,keyboard,ship,-4.262367248535156,-5.903560161590576,True
vanilla,mls,far,5742,sunflower,truck,-5.618977069854736,-5.903560161590576,True
vanilla,mls,far,5768,clock,cat,-6.332030773162842,-5.903560161590576,False
vanilla,mls,far,5777,keyboard,airplane,-9.327569961547852,-5.903560161590576,False
vanilla,mls,far,5799,chair,airplane,-5.7684102058410645,-5.903560161590576,True
vanilla,mls,far,5810,bottle,ship,-6.159478664398193,-5.903560161590576,False
vanilla,mls,far,5820,mushroom,bird,-7.943702220916748,-5.903560161590576,False
vanilla,mls,far,5825,wardrobe,truck,-5.036823749542236,-5.903560161590576,True
vanilla,mls,far,5838,mushroom,frog,-5.010007858276367,-5.903560161590576,True
vanilla,mls,far,5845,clock,airplane,-7.040763854980469,-5.903560161590576,False
vanilla,mls,far,5861,sunflower,frog,-4.670458793640137,-5.903560161590576,True
vanilla,mls,far,5882,bowl,dog,-4.258398056030273,-5.903560161590576,True
vanilla,mls,far,5926,chair,airplane,-8.35307788848877,-5.903560161590576,False
vanilla,mls,far,5940,keyboard,cat,-10.757271766662598,-5.903560161590576,False
vanilla,mls,far,5944,mushroom,cat,-3.688063383102417,-5.903560161590576,True
vanilla,mls,far,5978,clock,ship,-5.744262218475342,-5.903560161590576,True
vanilla,mls,far,5981,bottle,cat,-6.472184181213379,-5.903560161590576,False
vanilla,mls,far,5993,bottle,dog,-3.122490644454956,-5.903560161590576,True
vanilla,mls,far,5995,chair,airplane,-4.6502509117126465,-5.903560161590576,True
vanilla,mls,far,6015,keyboard,truck,-4.694467544555664,-5.903560161590576,True
vanilla,mls,far,6018,bottle,airplane,-5.065529823303223,-5.903560161590576,True
vanilla,mls,far,6025,bottle,cat,-3.5791118144989014,-5.903560161590576,True
vanilla,mls,far,6030,sunflower,bird,-8.27021598815918,-5.903560161590576,False
vanilla,mls,far,6033,bowl,automobile,-9.27392292022705,-5.903560161590576,False
vanilla,mls,far,6042,keyboard,bird,-4.19753360748291,-5.903560161590576,True
vanilla,mls,far,6046,wardrobe,cat,-8.713665008544922,-5.903560161590576,False
vanilla,mls,far,6069,bowl,cat,-4.095521926879883,-5.903560161590576,True
vanilla,mls,far,6079,bowl,dog,-9.140695571899414,-5.903560161590576,False
vanilla,mls,far,6089,bottle,ship,-6.259401798248291,-5.903560161590576,False
vanilla,mls,far,6098,chair,dog,-3.2603867053985596,-5.903560161590576,True
vanilla,mls,far,6112,keyboard,cat,-7.6403350830078125,-5.903560161590576,False
vanilla,mls,far,6117,keyboard,airplane,-3.9550580978393555,-5.903560161590576,True
vanilla,mls,far,6131,keyboard,truck,-6.707594394683838,-5.903560161590576,False
vanilla,mls,far,6134,keyboard,airplane,-3.155592203140259,-5.903560161590576,True
vanilla,mls,far,6141,chair,ship,-4.9946160316467285,-5.903560161590576,True
vanilla,mls,far,6145,keyboard,cat,-5.734747409820557,-5.903560161590576,True
vanilla,mls,far,6152,mushroom,deer,-6.5628204345703125,-5.903560161590576,False
vanilla,mls,far,6161,wardrobe,truck,-7.198624134063721,-5.903560161590576,False
vanilla,mls,far,6165,clock,cat,-2.8034188747406006,-5.903560161590576,True
vanilla,mls,far,6168,bottle,bird,-3.4250011444091797,-5.903560161590576,True
vanilla,mls,far,6194,mushroom,dog,-5.7009172439575195,-5.903560161590576,True
vanilla,mls,far,6204,wardrobe,bird,-5.605783462524414,-5.903560161590576,True
vanilla,mls,far,6214,bottle,ship,-4.578123569488525,-5.903560161590576,True
vanilla,mls,far,6215,mushroom,frog,-5.945287704467773,-5.903560161590576,False
vanilla,mls,far,6217,bottle,frog,-4.037324905395508,-5.903560161590576,True
vanilla,mls,far,6218,keyboard,frog,-5.0942254066467285,-5.903560161590576,True
vanilla,mls,far,6233,chair,airplane,-10.647624969482422,-5.903560161590576,False
vanilla,mls,far,6237,wardrobe,truck,-5.126242160797119,-5.903560161590576,True
vanilla,mls,far,6238,clock,ship,-4.520602703094482,-5.903560161590576,True
vanilla,mls,far,6239,bottle,cat,-4.634698867797852,-5.903560161590576,True
vanilla,mls,far,6245,chair,airplane,-6.7107038497924805,-5.903560161590576,False
vanilla,mls,far,6252,bowl,ship,-5.037256717681885,-5.903560161590576,True
vanilla,mls,far,6254,bowl,cat,-5.622978210449219,-5.903560161590576,True
vanilla,mls,far,6267,clock,automobile,-4.571282386779785,-5.903560161590576,True
vanilla,mls,far,6269,clock,cat,-6.654881477355957,-5.903560161590576,False
vanilla,mls,far,6297,keyboard,bird,-5.0492658615112305,-5.903560161590576,True
vanilla,mls,far,6298,keyboard,cat,-8.57955265045166,-5.903560161590576,False
vanilla,mls,far,6327,bowl,cat,-5.819474220275879,-5.903560161590576,True
vanilla,mls,far,6340,keyboard,truck,-4.099402904510498,-5.903560161590576,True
vanilla,mls,far,6364,chair,horse,-3.1488542556762695,-5.903560161590576,True
vanilla,mls,far,6370,keyboard,cat,-3.283006429672241,-5.903560161590576,True
vanilla,mls,far,6388,sunflower,bird,-8.810037612915039,-5.903560161590576,False
vanilla,mls,far,6390,wardrobe,truck,-10.610771179199219,-5.903560161590576,False
vanilla,mls,far,6413,wardrobe,truck,-6.989389419555664,-5.903560161590576,False
vanilla,mls,far,6419,keyboard,airplane,-7.005731582641602,-5.903560161590576,False
vanilla,mls,far,6421,sunflower,airplane,-2.703029155731201,-5.903560161590576,True
vanilla,mls,far,6423,wardrobe,truck,-8.911310195922852,-5.903560161590576,False
vanilla,mls,far,6440,bottle,truck,-4.798628330230713,-5.903560161590576,True
vanilla,mls,far,6472,bottle,ship,-8.76231575012207,-5.903560161590576,False
vanilla,mls,far,6482,clock,automobile,-4.851490497589111,-5.903560161590576,True
vanilla,mls,far,6490,clock,automobile,-7.765890598297119,-5.903560161590576,False
vanilla,mls,far,6491,chair,airplane,-8.869222640991211,-5.903560161590576,False
vanilla,mls,far,6500,clock,cat,-4.681370735168457,-5.903560161590576,True
vanilla,mls,far,6507,bottle,cat,-4.802966117858887,-5.903560161590576,True
vanilla,mls,far,6508,clock,bird,-5.2964277267456055,-5.903560161590576,True
vanilla,mls,far,6510,keyboard,truck,-4.921885967254639,-5.903560161590576,True
vanilla,mls,far,6512,wardrobe,horse,-4.494614124298096,-5.903560161590576,True
vanilla,mls,far,6519,bowl,frog,-4.407249450683594,-5.903560161590576,True
vanilla,mls,far,6543,keyboard,truck,-8.253950119018555,-5.903560161590576,False
vanilla,mls,far,6558,mushroom,bird,-9.286276817321777,-5.903560161590576,False
vanilla,mls,far,6559,bowl,cat,-3.6917269229888916,-5.903560161590576,True
vanilla,mls,far,6565,bowl,frog,-8.401114463806152,-5.903560161590576,False
vanilla,mls,far,6575,mushroom,truck,-4.208104133605957,-5.903560161590576,True
vanilla,mls,far,6594,chair,bird,-5.661660194396973,-5.903560161590576,True
vanilla,mls,far,6602,bottle,ship,-7.289646625518799,-5.903560161590576,False
vanilla,mls,far,6619,chair,airplane,-5.755597114562988,-5.903560161590576,True
vanilla,mls,far,6647,sunflower,bird,-4.142273426055908,-5.903560161590576,True
vanilla,mls,far,6655,chair,airplane,-4.481961250305176,-5.903560161590576,True
vanilla,mls,far,6657,clock,ship,-2.103564500808716,-5.903560161590576,True
vanilla,mls,far,6668,mushroom,cat,-5.058115482330322,-5.903560161590576,True
vanilla,mls,far,6673,clock,cat,-11.061924934387207,-5.903560161590576,False
vanilla,mls,far,6679,mushroom,ship,-3.254729747772217,-5.903560161590576,True
vanilla,mls,far,6681,mushroom,deer,-1.428391456604004,-5.903560161590576,True
vanilla,mls,far,6687,sunflower,bird,-6.822282314300537,-5.903560161590576,False
vanilla,mls,far,6695,keyboard,bird,-3.676302909851074,-5.903560161590576,True
vanilla,mls,far,6729,mushroom,bird,-6.474864482879639,-5.903560161590576,False
vanilla,mls,far,6733,keyboard,horse,-5.300108432769775,-5.903560161590576,True
vanilla,mls,far,6734,keyboard,truck,-6.104789733886719,-5.903560161590576,False
vanilla,mls,far,6760,keyboard,airplane,-4.8739800453186035,-5.903560161590576,True
vanilla,mls,far,6772,bowl,ship,-5.437793731689453,-5.903560161590576,True
vanilla,mls,far,6774,clock,bird,-7.009063243865967,-5.903560161590576,False
vanilla,mls,far,6777,keyboard,truck,-7.310600757598877,-5.903560161590576,False
vanilla,mls,far,6783,wardrobe,truck,-6.227986812591553,-5.903560161590576,False
vanilla,mls,far,6788,bottle,truck,-4.278326511383057,-5.903560161590576,True
vanilla,mls,far,6795,clock,frog,-2.905738115310669,-5.903560161590576,True
vanilla,mls,far,6804,bowl,cat,-7.142889499664307,-5.903560161590576,False
vanilla,mls,far,6809,wardrobe,cat,-6.081543445587158,-5.903560161590576,False
vanilla,mls,far,6823,wardrobe,cat,-5.124174118041992,-5.903560161590576,True
vanilla,mls,far,6841,clock,ship,-4.258823871612549,-5.903560161590576,True
vanilla,mls,far,6843,sunflower,frog,-7.091377258300781,-5.903560161590576,False
vanilla,mls,far,6845,sunflower,bird,-7.264387607574463,-5.903560161590576,False
vanilla,mls,far,6859,bowl,frog,-5.876969814300537,-5.903560161590576,True
vanilla,mls,far,6863,wardrobe,cat,-6.2204108238220215,-5.903560161590576,False
vanilla,mls,far,6886,bottle,ship,-2.2174882888793945,-5.903560161590576,True
vanilla,mls,far,6890,clock,automobile,-5.270297527313232,-5.903560161590576,True
vanilla,mls,far,6899,bottle,ship,-7.902405261993408,-5.903560161590576,False
vanilla,mls,far,6907,keyboard,truck,-8.259468078613281,-5.903560161590576,False
vanilla,mls,far,6911,mushroom,deer,-5.675660610198975,-5.903560161590576,True
vanilla,mls,far,6928,sunflower,frog,-4.400755405426025,-5.903560161590576,True
vanilla,mls,far,6943,chair,airplane,-9.090526580810547,-5.903560161590576,False
vanilla,mls,far,6965,mushroom,cat,-6.040852069854736,-5.903560161590576,False
vanilla,mls,far,6981,clock,ship,-6.576289176940918,-5.903560161590576,False
vanilla,mls,far,6998,keyboard,cat,-3.638087511062622,-5.903560161590576,True
vanilla,mls,far,7012,bottle,cat,-6.933657169342041,-5.903560161590576,False
vanilla,mls,far,7017,sunflower,truck,-3.224287271499634,-5.903560161590576,True
vanilla,mls,far,7060,mushroom,frog,-6.073380470275879,-5.903560161590576,False
vanilla,mls,far,7063,chair,airplane,-5.769618511199951,-5.903560161590576,True
vanilla,mls,far,7077,bottle,cat,-3.54154109954834,-5.903560161590576,True
vanilla,mls,far,7093,bottle,dog,-5.22490119934082,-5.903560161590576,True
vanilla,mls,far,7096,keyboard,horse,-3.2270615100860596,-5.903560161590576,True
vanilla,mls,far,7104,mushroom,dog,-6.125969409942627,-5.903560161590576,False
vanilla,mls,far,7123,wardrobe,truck,-4.522321701049805,-5.903560161590576,True
vanilla,mls,far,7161,bowl,cat,-5.65794563293457,-5.903560161590576,True
vanilla,mls,far,7171,wardrobe,truck,-10.068839073181152,-5.903560161590576,False
vanilla,mls,far,7181,mushroom,frog,-7.30196475982666,-5.903560161590576,False
vanilla,mls,far,7192,chair,cat,-7.152362823486328,-5.903560161590576,False
vanilla,mls,far,7224,clock,truck,-8.75407886505127,-5.903560161590576,False
vanilla,mls,far,7229,mushroom,bird,-3.7541229724884033,-5.903560161590576,True
vanilla,mls,far,7258,sunflower,frog,-3.128279685974121,-5.903560161590576,True
vanilla,mls,far,7259,bottle,truck,-6.405962944030762,-5.903560161590576,False
vanilla,mls,far,7275,clock,automobile,-7.086876392364502,-5.903560161590576,False
vanilla,mls,far,7284,mushroom,cat,-2.755542039871216,-5.903560161590576,True
vanilla,mls,far,7285,wardrobe,horse,-3.168586492538452,-5.903560161590576,True
vanilla,mls,far,7291,chair,bird,-4.568382263183594,-5.903560161590576,True
vanilla,mls,far,7319,chair,automobile,-4.068620204925537,-5.903560161590576,True
vanilla,mls,far,7328,sunflower,bird,-5.625184535980225,-5.903560161590576,True
vanilla,mls,far,7345,bowl,ship,-6.588622570037842,-5.903560161590576,False
vanilla,mls,far,7356,mushroom,bird,-4.519326210021973,-5.903560161590576,True
vanilla,mls,far,7362,clock,automobile,-4.915011882781982,-5.903560161590576,True
vanilla,mls,far,7406,bottle,bird,-5.933780193328857,-5.903560161590576,False
vanilla,mls,far,7415,bottle,truck,-3.9694197177886963,-5.903560161590576,True
vanilla,mls,far,7423,bottle,ship,-4.595310688018799,-5.903560161590576,True
vanilla,mls,far,7425,mushroom,dog,-5.353031158447266,-5.903560161590576,True
vanilla,mls,far,7428,bowl,ship,-6.4528703689575195,-5.903560161590576,False
vanilla,mls,far,7437,wardrobe,cat,-6.691537380218506,-5.903560161590576,False
vanilla,mls,far,7443,bottle,cat,-10.973387718200684,-5.903560161590576,False
vanilla,mls,far,7456,chair,truck,-4.547662734985352,-5.903560161590576,True
vanilla,mls,far,7469,wardrobe,truck,-8.198888778686523,-5.903560161590576,False
vanilla,mls,far,7483,mushroom,frog,-8.895425796508789,-5.903560161590576,False
vanilla,mls,far,7499,chair,truck,-7.689579486846924,-5.903560161590576,False
vanilla,mls,far,7515,bowl,frog,-4.274556636810303,-5.903560161590576,True
vanilla,mls,far,7535,chair,truck,-5.627630233764648,-5.903560161590576,True
vanilla,mls,far,7542,chair,airplane,-4.180517673492432,-5.903560161590576,True
vanilla,mls,far,7543,chair,truck,-5.290146827697754,-5.903560161590576,True
vanilla,mls,far,7604,wardrobe,truck,-6.995352268218994,-5.903560161590576,False
vanilla,mls,far,7606,wardrobe,truck,-4.995140552520752,-5.903560161590576,True
vanilla,mls,far,7607,wardrobe,truck,-6.606388568878174,-5.903560161590576,False
vanilla,mls,far,7616,sunflower,dog,-4.13997745513916,-5.903560161590576,True
vanilla,mls,far,7619,mushroom,cat,-5.318474769592285,-5.903560161590576,True
vanilla,mls,far,7626,clock,ship,-4.257585048675537,-5.903560161590576,True
vanilla,mls,far,7632,mushroom,frog,-8.706589698791504,-5.903560161590576,False
vanilla,mls,far,7654,keyboard,truck,-7.095836639404297,-5.903560161590576,False
vanilla,mls,far,7683,sunflower,dog,-4.958067893981934,-5.903560161590576,True
vanilla,mls,far,7694,wardrobe,cat,-6.705924987792969,-5.903560161590576,False
vanilla,mls,far,7698,keyboard,truck,-5.414781093597412,-5.903560161590576,True
vanilla,mls,far,7714,mushroom,truck,-5.039821147918701,-5.903560161590576,True
vanilla,mls,far,7728,bottle,cat,-4.00289249420166,-5.903560161590576,True
vanilla,mls,far,7737,bowl,automobile,-5.267514228820801,-5.903560161590576,True
vanilla,mls,far,7739,keyboard,cat,-2.7047154903411865,-5.903560161590576,True
vanilla,mls,far,7755,sunflower,truck,-3.8679232597351074,-5.903560161590576,True
vanilla,mls,far,7756,mushroom,deer,-4.093070983886719,-5.903560161590576,True
vanilla,mls,far,7776,sunflower,bird,-6.452891826629639,-5.903560161590576,False
vanilla,mls,far,7781,keyboard,ship,-3.6799447536468506,-5.903560161590576,True
vanilla,mls,far,7784,bowl,cat,-5.267328262329102,-5.903560161590576,True
vanilla,mls,far,7785,mushroom,dog,-6.257839202880859,-5.903560161590576,False
vanilla,mls,far,7787,mushroom,bird,-7.225327014923096,-5.903560161590576,False
vanilla,mls,far,7795,bowl,frog,-4.963260650634766,-5.903560161590576,True
vanilla,mls,far,7804,bowl,ship,-5.008691310882568,-5.903560161590576,True
vanilla,mls,far,7828,wardrobe,truck,-7.521390914916992,-5.903560161590576,False
vanilla,mls,far,7850,bottle,truck,-3.558217763900757,-5.903560161590576,True
vanilla,mls,far,7868,keyboard,airplane,-7.071005344390869,-5.903560161590576,False
vanilla,mls,far,7917,clock,dog,-4.787789344787598,-5.903560161590576,True
vanilla,mls,far,7923,clock,bird,-2.958087921142578,-5.903560161590576,True
vanilla,mls,far,7933,clock,truck,-7.697474956512451,-5.903560161590576,False
vanilla,mls,far,7957,keyboard,airplane,-5.83443021774292,-5.903560161590576,True
vanilla,mls,far,7959,clock,airplane,-7.207432270050049,-5.903560161590576,False
vanilla,mls,far,7982,chair,cat,-6.586986541748047,-5.903560161590576,False
vanilla,mls,far,7989,sunflower,bird,-6.2161359786987305,-5.903560161590576,False
vanilla,mls,far,7991,sunflower,dog,-4.269764423370361,-5.903560161590576,True
vanilla,mls,far,8004,bowl,cat,-6.899291038513184,-5.903560161590576,False
vanilla,mls,far,8013,bowl,frog,-4.501676082611084,-5.903560161590576,True
vanilla,mls,far,8022,chair,truck,-5.329888820648193,-5.903560161590576,True
vanilla,mls,far,8036,clock,truck,-6.355045795440674,-5.903560161590576,False
vanilla,mls,far,8058,keyboard,cat,-4.860249042510986,-5.903560161590576,True
vanilla,mls,far,8068,sunflower,frog,-8.493585586547852,-5.903560161590576,False
vanilla,mls,far,8074,clock,ship,-3.2172765731811523,-5.903560161590576,True
vanilla,mls,far,8088,bottle,horse,-3.119259834289551,-5.903560161590576,True
vanilla,mls,far,8090,bottle,ship,-4.976314067840576,-5.903560161590576,True
vanilla,mls,far,8122,clock,automobile,-3.7574095726013184,-5.903560161590576,True
vanilla,mls,far,8166,sunflower,dog,-2.093959331512451,-5.903560161590576,True
vanilla,mls,far,8209,chair,airplane,-5.30954122543335,-5.903560161590576,True
vanilla,mls,far,8233,keyboard,dog,-5.427828788757324,-5.903560161590576,True
vanilla,mls,far,8236,wardrobe,truck,-10.898965835571289,-5.903560161590576,False
vanilla,mls,far,8244,wardrobe,cat,-4.4663190841674805,-5.903560161590576,True
vanilla,mls,far,8309,bottle,ship,-5.694424152374268,-5.903560161590576,True
vanilla,mls,far,8312,keyboard,airplane,-7.224235534667969,-5.903560161590576,False
vanilla,mls,far,8317,bottle,cat,-6.1163787841796875,-5.903560161590576,False
vanilla,mls,far,8335,bowl,cat,-4.014312744140625,-5.903560161590576,True
vanilla,mls,far,8369,keyboard,truck,-9.427631378173828,-5.903560161590576,False
vanilla,mls,far,8378,sunflower,bird,-7.071821689605713,-5.903560161590576,False
vanilla,mls,far,8406,keyboard,airplane,-7.7705512046813965,-5.903560161590576,False
vanilla,mls,far,8453,keyboard,airplane,-3.4039504528045654,-5.903560161590576,True
vanilla,mls,far,8462,bottle,bird,-3.1017186641693115,-5.903560161590576,True
vanilla,mls,far,8470,sunflower,bird,-7.2563958168029785,-5.903560161590576,False
vanilla,mls,far,8472,keyboard,airplane,-6.373300552368164,-5.903560161590576,False
vanilla,mls,far,8475,sunflower,bird,-9.488909721374512,-5.903560161590576,False
vanilla,mls,far,8498,chair,bird,-9.102058410644531,-5.903560161590576,False
vanilla,mls,far,8505,mushroom,bird,-10.048728942871094,-5.903560161590576,False
vanilla,mls,far,8521,keyboard,bird,-2.333885908126831,-5.903560161590576,True
vanilla,mls,far,8531,wardrobe,truck,-7.628732681274414,-5.903560161590576,False
vanilla,mls,far,8549,mushroom,frog,-6.915482997894287,-5.903560161590576,False
vanilla,mls,far,8568,bowl,airplane,-8.188695907592773,-5.903560161590576,False
vanilla,mls,far,8572,clock,automobile,-8.909546852111816,-5.903560161590576,False
vanilla,mls,far,8576,wardrobe,cat,-7.1239914894104,-5.903560161590576,False
vanilla,mls,far,8579,keyboard,cat,-7.020224571228027,-5.903560161590576,False
vanilla,mls,far,8581,sunflower,bird,-5.72050666809082,-5.903560161590576,True
vanilla,mls,far,8590,bowl,dog,-4.825490474700928,-5.903560161590576,True
vanilla,mls,far,8616,sunflower,bird,-8.400130271911621,-5.903560161590576,False
vanilla,mls,far,8644,bottle,frog,-6.469934463500977,-5.903560161590576,False
vanilla,mls,far,8656,bowl,cat,-5.696368217468262,-5.903560161590576,True
vanilla,mls,far,8666,chair,bird,-6.098857879638672,-5.903560161590576,False
vanilla,mls,far,8689,sunflower,dog,-8.879810333251953,-5.903560161590576,False
vanilla,mls,far,8701,mushroom,dog,-10.463434219360352,-5.903560161590576,False
vanilla,mls,far,8707,mushroom,bird,-6.784470081329346,-5.903560161590576,False
vanilla,mls,far,8722,bowl,airplane,-4.382465839385986,-5.903560161590576,True
vanilla,mls,far,8730,sunflower,bird,-5.46800422668457,-5.903560161590576,True
vanilla,mls,far,8736,sunflower,bird,-8.877591133117676,-5.903560161590576,False
vanilla,mls,far,8740,wardrobe,cat,-7.022954940795898,-5.903560161590576,False
vanilla,mls,far,8753,chair,truck,-5.3566508293151855,-5.903560161590576,True
vanilla,mls,far,8757,wardrobe,cat,-3.6471686363220215,-5.903560161590576,True
vanilla,mls,far,8785,sunflower,dog,-6.353344917297363,-5.903560161590576,False
vanilla,mls,far,8788,mushroom,bird,-6.139934539794922,-5.903560161590576,False
vanilla,mls,far,8804,wardrobe,cat,-6.721430778503418,-5.903560161590576,False
vanilla,mls,far,8812,bottle,automobile,-6.090686798095703,-5.903560161590576,False
vanilla,mls,far,8829,mushroom,cat,-7.597340106964111,-5.903560161590576,False
vanilla,mls,far,8866,sunflower,bird,-8.248981475830078,-5.903560161590576,False
vanilla,mls,far,8867,sunflower,airplane,-5.844586372375488,-5.903560161590576,True
vanilla,mls,far,8868,wardrobe,truck,-7.946223735809326,-5.903560161590576,False
vanilla,mls,far,8881,sunflower,dog,-6.19775390625,-5.903560161590576,False
vanilla,mls,far,8889,wardrobe,cat,-8.015539169311523,-5.903560161590576,False
vanilla,mls,far,8930,wardrobe,cat,-3.028684377670288,-5.903560161590576,True
vanilla,mls,far,8949,clock,cat,-3.346285820007324,-5.903560161590576,True
vanilla,mls,far,8962,mushroom,bird,-3.4977099895477295,-5.903560161590576,True
vanilla,mls,far,8985,sunflower,bird,-5.757837295532227,-5.903560161590576,True
vanilla,mls,far,8994,keyboard,airplane,-9.338874816894531,-5.903560161590576,False
vanilla,mls,far,9003,chair,bird,-4.172595024108887,-5.903560161590576,True
vanilla,mls,far,9012,keyboard,cat,-5.033409118652344,-5.903560161590576,True
vanilla,mls,far,9044,bottle,bird,-8.610894203186035,-5.903560161590576,False
vanilla,mls,far,9052,bottle,truck,-6.232702255249023,-5.903560161590576,False
vanilla,mls,far,9053,sunflower,dog,-5.394146919250488,-5.903560161590576,True
vanilla,mls,far,9056,chair,airplane,-6.445167064666748,-5.903560161590576,False
vanilla,mls,far,9059,wardrobe,truck,-5.721551418304443,-5.903560161590576,True
vanilla,mls,far,9087,chair,airplane,-3.2643964290618896,-5.903560161590576,True
vanilla,mls,far,9089,chair,airplane,-6.036947727203369,-5.903560161590576,False
vanilla,mls,far,9095,mushroom,deer,-3.9113450050354004,-5.903560161590576,True
vanilla,mls,far,9102,bowl,frog,-8.334967613220215,-5.903560161590576,False
vanilla,mls,far,9103,mushroom,bird,-8.43106460571289,-5.903560161590576,False
vanilla,mls,far,9107,bottle,automobile,-3.6065759658813477,-5.903560161590576,True
vanilla,mls,far,9122,keyboard,airplane,-5.8786139488220215,-5.903560161590576,True
vanilla,mls,far,9125,mushroom,bird,-5.297163009643555,-5.903560161590576,True
vanilla,mls,far,9126,bottle,truck,-4.196445941925049,-5.903560161590576,True
vanilla,mls,far,9149,wardrobe,truck,-9.220666885375977,-5.903560161590576,False
vanilla,mls,far,9172,clock,ship,-3.162724018096924,-5.903560161590576,True
vanilla,mls,far,9174,sunflower,airplane,-1.90256667137146,-5.903560161590576,True
vanilla,mls,far,9177,bowl,frog,-3.054720640182495,-5.903560161590576,True
vanilla,mls,far,9186,wardrobe,truck,-9.24852180480957,-5.903560161590576,False
vanilla,mls,far,9193,mushroom,cat,-9.497665405273438,-5.903560161590576,False
vanilla,mls,far,9209,sunflower,bird,-7.033853530883789,-5.903560161590576,False
vanilla,mls,far,9212,wardrobe,dog,-4.604951858520508,-5.903560161590576,True
vanilla,mls,far,9256,sunflower,bird,-4.54689359664917,-5.903560161590576,True
vanilla,mls,far,9262,keyboard,airplane,-6.189863681793213,-5.903560161590576,False
vanilla,mls,far,9270,wardrobe,cat,-8.332056045532227,-5.903560161590576,False
vanilla,mls,far,9303,clock,automobile,-8.588532447814941,-5.903560161590576,False
vanilla,mls,far,9307,wardrobe,cat,-8.441190719604492,-5.903560161590576,False
vanilla,mls,far,9315,sunflower,cat,-5.595365047454834,-5.903560161590576,True
vanilla,mls,far,9321,clock,deer,-5.152125358581543,-5.903560161590576,True
vanilla,mls,far,9344,chair,airplane,-5.221782207489014,-5.903560161590576,True
vanilla,mls,far,9347,bottle,cat,-3.361908435821533,-5.903560161590576,True
vanilla,mls,far,9357,bottle,horse,-4.307720184326172,-5.903560161590576,True
vanilla,mls,far,9396,sunflower,cat,-4.048497676849365,-5.903560161590576,True
vanilla,mls,far,9397,bowl,frog,-2.686500310897827,-5.903560161590576,True
vanilla,mls,far,9409,chair,airplane,-4.924891471862793,-5.903560161590576,True
vanilla,mls,far,9421,keyboard,horse,-3.58292293548584,-5.903560161590576,True
vanilla,mls,far,9431,sunflower,dog,-7.378383636474609,-5.903560161590576,False
vanilla,mls,far,9433,sunflower,deer,-6.162988185882568,-5.903560161590576,False
vanilla,mls,far,9471,clock,deer,-5.323908805847168,-5.903560161590576,True
vanilla,mls,far,9492,bowl,ship,-8.980154991149902,-5.903560161590576,False
vanilla,mls,far,9532,sunflower,frog,-4.189040660858154,-5.903560161590576,True
vanilla,mls,far,9533,clock,bird,-6.775417804718018,-5.903560161590576,False
vanilla,mls,far,9558,clock,automobile,-6.402801990509033,-5.903560161590576,False
vanilla,mls,far,9561,bowl,frog,-8.75841999053955,-5.903560161590576,False
vanilla,mls,far,9593,chair,airplane,-4.007226467132568,-5.903560161590576,True
vanilla,mls,far,9594,clock,bird,-4.156569957733154,-5.903560161590576,True
vanilla,mls,far,9600,chair,airplane,-9.476795196533203,-5.903560161590576,False
vanilla,mls,far,9657,wardrobe,cat,-5.0142083168029785,-5.903560161590576,True
vanilla,mls,far,9669,bowl,ship,-3.744633197784424,-5.903560161590576,True
vanilla,mls,far,9681,sunflower,cat,-7.851094722747803,-5.903560161590576,False
vanilla,mls,far,9711,sunflower,bird,-6.982930660247803,-5.903560161590576,False
vanilla,mls,far,9716,bottle,automobile,-4.551788806915283,-5.903560161590576,True
vanilla,mls,far,9731,bowl,automobile,-4.524672985076904,-5.903560161590576,True
vanilla,mls,far,9734,wardrobe,cat,-3.7434518337249756,-5.903560161590576,True
vanilla,mls,far,9736,keyboard,bird,-7.1282525062561035,-5.903560161590576,False
vanilla,mls,far,9742,keyboard,bird,-3.8474647998809814,-5.903560161590576,True
vanilla,mls,far,9755,bottle,frog,-7.399625778198242,-5.903560161590576,False
vanilla,mls,far,9766,keyboard,cat,-6.153146743774414,-5.903560161590576,False
vanilla,mls,far,9775,sunflower,bird,-9.097582817077637,-5.903560161590576,False
vanilla,mls,far,9778,mushroom,bird,-9.14535903930664,-5.903560161590576,False
vanilla,mls,far,9795,bowl,cat,-5.096820831298828,-5.903560161590576,True
vanilla,mls,far,9826,mushroom,deer,-4.4830217361450195,-5.903560161590576,True
vanilla,mls,far,9847,mushroom,bird,-9.458871841430664,-5.903560161590576,False
vanilla,mls,far,9857,bottle,truck,-6.044821739196777,-5.903560161590576,False
vanilla,mls,far,9873,chair,airplane,-5.018676280975342,-5.903560161590576,True
vanilla,mls,far,9876,sunflower,truck,-2.635587453842163,-5.903560161590576,True
vanilla,mls,far,9907,sunflower,frog,-4.757736682891846,-5.903560161590576,True
vanilla,mls,far,9920,sunflower,cat,-6.773024559020996,-5.903560161590576,False
vanilla,mls,far,9940,sunflower,bird,-3.818439483642578,-5.903560161590576,True
vanilla,mls,far,9967,bottle,dog,-6.17072868347168,-5.903560161590576,False
vanilla,mls,far,9997,mushroom,airplane,-7.765726089477539,-5.903560161590576,False
gcsc,mls,near,6,camel,deer,-3.5795392990112305,-6.411793231964111,True
gcsc,mls,near,17,wolf,cat,-8.55385684967041,-6.411793231964111,False
gcsc,mls,near,36,pickup_truck,truck,-6.521923065185547,-6.411793231964111,False
gcsc,mls,near,47,pickup_truck,truck,-5.597175121307373,-6.411793231964111,True
gcsc,mls,near,58,leopard,cat,-8.868045806884766,-6.411793231964111,False
gcsc,mls,near,62,camel,deer,-6.171854496002197,-6.411793231964111,True
gcsc,mls,near,85,tractor,truck,-8.085302352905273,-6.411793231964111,False
gcsc,mls,near,94,bus,truck,-9.724501609802246,-6.411793231964111,False
gcsc,mls,near,149,pickup_truck,automobile,-8.005870819091797,-6.411793231964111,False
gcsc,mls,near,150,pickup_truck,truck,-6.479477405548096,-6.411793231964111,False
gcsc,mls,near,156,pickup_truck,truck,-9.485992431640625,-6.411793231964111,False
gcsc,mls,near,193,bus,truck,-10.077568054199219,-6.411793231964111,False
gcsc,mls,near,196,pickup_truck,truck,-5.382811546325684,-6.411793231964111,True
gcsc,mls,near,214,wolf,cat,-9.931111335754395,-6.411793231964111,False
gcsc,mls,near,230,tractor,ship,-4.459500789642334,-6.411793231964111,True
gcsc,mls,near,242,fox,cat,-6.437438011169434,-6.411793231964111,False
gcsc,mls,near,255,wolf,dog,-8.94363021850586,-6.411793231964111,False
gcsc,mls,near,256,pickup_truck,truck,-6.426843166351318,-6.411793231964111,False
gcsc,mls,near,259,leopard,cat,-8.955473899841309,-6.411793231964111,False
gcsc,mls,near,262,tractor,truck,-7.056098937988281,-6.411793231964111,False
gcsc,mls,near,274,leopard,frog,-5.806939601898193,-6.411793231964111,True
gcsc,mls,near,283,tractor,truck,-8.36886978149414,-6.411793231964111,False
gcsc,mls,near,288,leopard,cat,-4.691716194152832,-6.411793231964111,True
gcsc,mls,near,299,tractor,automobile,-7.150942802429199,-6.411793231964111,False
gcsc,mls,near,313,leopard,cat,-9.257092475891113,-6.411793231964111,False
gcsc,mls,near,317,camel,bird,-6.850435256958008,-6.411793231964111,False
gcsc,mls,near,321,tractor,truck,-6.924389362335205,-6.411793231964111,False
gcsc,mls,near,338,fox,dog,-7.735926628112793,-6.411793231964111,False
gcsc,mls,near,351,fox,cat,-11.474173545837402,-6.411793231964111,False
gcsc,mls,near,353,pickup_truck,automobile,-9.322806358337402,-6.411793231964111,False
gcsc,mls,near,354,motorcycle,frog,-3.869525194168091,-6.411793231964111,True
gcsc,mls,near,366,tractor,cat,-5.303257942199707,-6.411793231964111,True
gcsc,mls,near,409,tractor,dog,-4.936308860778809,-6.411793231964111,True
gcsc,mls,near,425,leopard,cat,-5.032539367675781,-6.411793231964111,True
gcsc,mls,near,460,pickup_truck,automobile,-8.324884414672852,-6.411793231964111,False
gcsc,mls,near,471,wolf,cat,-5.934637069702148,-6.411793231964111,True
gcsc,mls,near,477,leopard,cat,-9.1461763381958,-6.411793231964111,False
gcsc,mls,near,498,tractor,truck,-4.164554119110107,-6.411793231964111,True
gcsc,mls,near,507,pickup_truck,automobile,-7.713674068450928,-6.411793231964111,False
gcsc,mls,near,540,camel,bird,-3.7268764972686768,-6.411793231964111,True
gcsc,mls,near,555,leopard,cat,-9.629334449768066,-6.411793231964111,False
gcsc,mls,near,578,pickup_truck,automobile,-7.613476276397705,-6.411793231964111,False
gcsc,mls,near,615,motorcycle,dog,-3.1853880882263184,-6.411793231964111,True
gcsc,mls,near,619,bus,automobile,-8.566920280456543,-6.411793231964111,False
gcsc,mls,near,626,motorcycle,airplane,-6.0169806480407715,-6.411793231964111,True
gcsc,mls,near,632,wolf,cat,-8.044929504394531,-6.411793231964111,False
gcsc,mls,near,650,camel,bird,-8.428001403808594,-6.411793231964111,False
gcsc,mls,near,652,tractor,truck,-9.059550285339355,-6.411793231964111,False
gcsc,mls,near,653,wolf,cat,-4.799130916595459,-6.411793231964111,True
gcsc,mls,near,669,fox,dog,-7.09097957611084,-6.411793231964111,False
gcsc,mls,near,684,wolf,dog,-6.051476955413818,-6.411793231964111,True
gcsc,mls,near,702,leopard,bird,-5.225488662719727,-6.411793231964111,True
gcsc,mls,near,712,wolf,dog,-8.82418441772461,-6.411793231964111,False
gcsc,mls,near,717,camel,deer,-8.388474464416504,-6.411793231964111,False
gcsc,mls,near,720,wolf,dog,-10.25462818145752,-6.411793231964111,False
gcsc,mls,near,751,camel,bird,-6.357857704162598,-6.411793231964111,True
gcsc,mls,near,752,motorcycle,automobile,-4.567349433898926,-6.411793231964111,True
gcsc,mls,near,766,bus,truck,-9.171770095825195,-6.411793231964111,False
gcsc,mls,near,769,camel,airplane,-6.280344486236572,-6.411793231964111,True
gcsc,mls,near,790,motorcycle,truck,-9.125186920166016,-6.411793231964111,False
gcsc,mls,near,796,pickup_truck,truck,-8.836331367492676,-6.411793231964111,False
gcsc,mls,near,803,pickup_truck,automobile,-8.488787651062012,-6.411793231964111,False
gcsc,mls,near,809,wolf,dog,-9.768975257873535,-6.411793231964111,False
gcsc,mls,near,811,camel,deer,-8.821005821228027,-6.411793231964111,False
gcsc,mls,near,822,bus,truck,-7.944459438323975,-6.411793231964111,False
gcsc,mls,near,897,wolf,cat,-6.843378067016602,-6.411793231964111,False
gcsc,mls,near,900,camel,frog,-5.402163982391357,-6.411793231964111,True
gcsc,mls,near,902,camel,horse,-7.032547473907471,-6.411793231964111,False
gcsc,mls,near,915,camel,cat,-7.0611348152160645,-6.411793231964111,False
gcsc,mls,near,921,tractor,truck,-6.896727085113525,-6.411793231964111,False
gcsc,mls,near,923,motorcycle,automobile,-5.74356746673584,-6.411793231964111,True
gcsc,mls,near,939,wolf,cat,-5.507451057434082,-6.411793231964111,True
gcsc,mls,near,945,leopard,frog,-7.785665512084961,-6.411793231964111,False
gcsc,mls,near,952,leopard,cat,-8.190608978271484,-6.411793231964111,False
gcsc,mls,near,957,bus,truck,-9.532979965209961,-6.411793231964111,False
gcsc,mls,near,959,fox,dog,-9.952446937561035,-6.411793231964111,False
gcsc,mls,near,969,fox,cat,-7.497366905212402,-6.411793231964111,False
gcsc,mls,near,992,camel,ship,-2.2690584659576416,-6.411793231964111,True
gcsc,mls,near,995,tractor,truck,-5.459622859954834,-6.411793231964111,True
gcsc,mls,near,1023,motorcycle,truck,-6.662380695343018,-6.411793231964111,False
gcsc,mls,near,1026,wolf,dog,-9.115239143371582,-6.411793231964111,False
gcsc,mls,near,1034,bus,truck,-6.505833148956299,-6.411793231964111,False
gcsc,mls,near,1060,camel,horse,-8.087808609008789,-6.411793231964111,False
gcsc,mls,near,1081,tractor,truck,-6.1938796043396,-6.411793231964111,True
gcsc,mls,near,1084,leopard,deer,-6.361612319946289,-6.411793231964111,True
gcsc,mls,near,1085,camel,dog,-7.1720147132873535,-6.411793231964111,False
gcsc,mls,near,1096,motorcycle,cat,-7.287539482116699,-6.411793231964111,False
gcsc,mls,near,1133,fox,deer,-7.475950717926025,-6.411793231964111,False
gcsc,mls,near,1143,bus,truck,-9.721880912780762,-6.411793231964111,False
gcsc,mls,near,1145,pickup_truck,automobile,-9.481260299682617,-6.411793231964111,False
gcsc,mls,near,1155,pickup_truck,truck,-11.54365348815918,-6.411793231964111,False
gcsc,mls,near,1181,tractor,deer,-4.556817054748535,-6.411793231964111,True
gcsc,mls,near,1184,camel,horse,-8.2734375,-6.411793231964111,False
gcsc,mls,near,1212,pickup_truck,automobile,-8.627975463867188,-6.411793231964111,False
gcsc,mls,near,1218,motorcycle,automobile,-2.9106192588806152,-6.411793231964111,True
gcsc,mls,near,1227,fox,cat,-9.328413963317871,-6.411793231964111,False
gcsc,mls,near,1260,tractor,truck,-9.074857711791992,-6.411793231964111,False
gcsc,mls,near,1261,tractor,ship,-4.244874000549316,-6.411793231964111,True
gcsc,mls,near,1271,bus,truck,-8.19809627532959,-6.411793231964111,False
gcsc,mls,near,1320,fox,dog,-12.120540618896484,-6.411793231964111,False
gcsc,mls,near,1321,motorcycle,automobile,-4.450993537902832,-6.411793231964111,True
gcsc,mls,near,1324,leopard,frog,-6.273103713989258,-6.411793231964111,True
gcsc,mls,near,1327,pickup_truck,automobile,-9.537202835083008,-6.411793231964111,False
gcsc,mls,near,1328,leopard,cat,-7.088447093963623,-6.411793231964111,False
gcsc,mls,near,1345,wolf,cat,-10.186896324157715,-6.411793231964111,False
gcsc,mls,near,1403,fox,cat,-8.16675090789795,-6.411793231964111,False
gcsc,mls,near,1404,motorcycle,cat,-4.001280784606934,-6.411793231964111,True
gcsc,mls,near,1423,camel,dog,-3.174705982208252,-6.411793231964111,True
gcsc,mls,near,1425,fox,deer,-8.808368682861328,-6.411793231964111,False
gcsc,mls,near,1427,bus,automobile,-9.341425895690918,-6.411793231964111,False
gcsc,mls,near,1432,fox,cat,-8.480477333068848,-6.411793231964111,False
gcsc,mls,near,1445,bus,truck,-11.512454986572266,-6.411793231964111,False
gcsc,mls,near,1463,motorcycle,dog,-6.836825847625732,-6.411793231964111,False
gcsc,mls,near,1464,motorcycle,truck,-6.879903793334961,-6.411793231964111,False
gcsc,mls,near,1478,bus,truck,-8.901200294494629,-6.411793231964111,False
gcsc,mls,near,1489,bus,truck,-10.541741371154785,-6.411793231964111,False
gcsc,mls,near,1491,pickup_truck,automobile,-7.5111517906188965,-6.411793231964111,False
gcsc,mls,near,1498,fox,cat,-9.067059516906738,-6.411793231964111,False
gcsc,mls,near,1510,camel,bird,-4.773077011108398,-6.411793231964111,True
gcsc,mls,near,1519,wolf,dog,-9.673297882080078,-6.411793231964111,False
gcsc,mls,near,1568,pickup_truck,automobile,-8.959344863891602,-6.411793231964111,False
gcsc,mls,near,1570,leopard,cat,-6.290711879730225,-6.411793231964111,True
gcsc,mls,near,1572,camel,deer,-9.812087059020996,-6.411793231964111,False
gcsc,mls,near,1573,camel,airplane,-5.068314552307129,-6.411793231964111,True
gcsc,mls,near,1588,camel,bird,-6.657219886779785,-6.411793231964111,False
gcsc,mls,near,1607,leopard,cat,-8.104876518249512,-6.411793231964111,False
gcsc,mls,near,1616,bus,deer,-3.6497159004211426,-6.411793231964111,True
gcsc,mls,near,1620,leopard,bird,-4.409353256225586,-6.411793231964111,True
gcsc,mls,near,1645,fox,deer,-7.299293041229248,-6.411793231964111,False
gcsc,mls,near,1662,bus,truck,-9.527095794677734,-6.411793231964111,False
gcsc,mls,near,1671,motorcycle,frog,-4.718588352203369,-6.411793231964111,True
gcsc,mls,near,1687,camel,deer,-7.413331508636475,-6.411793231964111,False
gcsc,mls,near,1698,fox,deer,-6.5204386711120605,-6.411793231964111,False
gcsc,mls,near,1752,wolf,cat,-7.353490829467773,-6.411793231964111,False
gcsc,mls,near,1753,tractor,truck,-6.195472240447998,-6.411793231964111,True
gcsc,mls,near,1771,leopard,cat,-7.547119617462158,-6.411793231964111,False
gcsc,mls,near,1783,fox,cat,-5.456653118133545,-6.411793231964111,True
gcsc,mls,near,1799,fox,cat,-8.058627128601074,-6.411793231964111,False
gcsc,mls,near,1812,motorcycle,automobile,-3.178154945373535,-6.411793231964111,True
gcsc,mls,near,1829,motorcycle,automobile,-6.741132736206055,-6.411793231964111,False
gcsc,mls,near,1843,leopard,deer,-7.9957756996154785,-6.411793231964111,False
gcsc,mls,near,1864,tractor,truck,-5.2738118171691895,-6.411793231964111,True
gcsc,mls,near,1881,tractor,deer,-3.1936604976654053,-6.411793231964111,True
gcsc,mls,near,1882,camel,dog,-8.531360626220703,-6.411793231964111,False
gcsc,mls,near,1889,bus,airplane,-3.8510026931762695,-6.411793231964111,True
gcsc,mls,near,1913,pickup_truck,truck,-8.070527076721191,-6.411793231964111,False
gcsc,mls,near,1937,wolf,cat,-7.396656513214111,-6.411793231964111,False
gcsc,mls,near,1976,tractor,truck,-7.918532371520996,-6.411793231964111,False
gcsc,mls,near,1985,bus,automobile,-9.928977966308594,-6.411793231964111,False
gcsc,mls,near,1994,leopard,frog,-7.642364978790283,-6.411793231964111,False
gcsc,mls,near,2012,pickup_truck,truck,-10.477083206176758,-6.411793231964111,False
gcsc,mls,near,2019,bus,automobile,-7.662165641784668,-6.411793231964111,False
gcsc,mls,near,2029,tractor,truck,-8.255609512329102,-6.411793231964111,False
gcsc,mls,near,2033,motorcycle,airplane,-4.808180809020996,-6.411793231964111,True
gcsc,mls,near,2051,camel,horse,-9.145600318908691,-6.411793231964111,False
gcsc,mls,near,2064,wolf,dog,-10.299895286560059,-6.411793231964111,False
gcsc,mls,near,2066,motorcycle,dog,-4.171274185180664,-6.411793231964111,True
gcsc,mls,near,2072,motorcycle,cat,-5.706308364868164,-6.411793231964111,True
gcsc,mls,near,2082,motorcycle,automobile,-7.6928229331970215,-6.411793231964111,False
gcsc,mls,near,2100,pickup_truck,automobile,-8.715141296386719,-6.411793231964111,False
gcsc,mls,near,2101,tractor,ship,-2.7524023056030273,-6.411793231964111,True
gcsc,mls,near,2102,wolf,bird,-8.149349212646484,-6.411793231964111,False
gcsc,mls,near,2123,tractor,truck,-7.604650020599365,-6.411793231964111,False
gcsc,mls,near,2131,fox,deer,-4.093400955200195,-6.411793231964111,True
gcsc,mls,near,2144,tractor,truck,-9.010910034179688,-6.411793231964111,False
gcsc,mls,near,2145,camel,bird,-6.788996696472168,-6.411793231964111,False
gcsc,mls,near,2148,motorcycle,cat,-5.791426658630371,-6.411793231964111,True
gcsc,mls,near,2171,tractor,truck,-6.186610698699951,-6.411793231964111,True
gcsc,mls,near,2203,bus,automobile,-10.968303680419922,-6.411793231964111,False
gcsc,mls,near,2211,leopard,cat,-8.411606788635254,-6.411793231964111,False
gcsc,mls,near,2219,wolf,dog,-9.50572395324707,-6.411793231964111,False
gcsc,mls,near,2242,motorcycle,frog,-4.340376377105713,-6.411793231964111,True
gcsc,mls,near,2267,camel,cat,-2.93377947807312,-6.411793231964111,True
gcsc,mls,near,2315,camel,horse,-7.972660541534424,-6.411793231964111,False
gcsc,mls,near,2321,pickup_truck,automobile,-8.42098617553711,-6.411793231964111,False
gcsc,mls,near,2336,fox,deer,-6.304549217224121,-6.411793231964111,True
gcsc,mls,near,2337,wolf,horse,-6.164671421051025,-6.411793231964111,True
gcsc,mls,near,2340,wolf,cat,-8.215075492858887,-6.411793231964111,False
gcsc,mls,near,2349,fox,deer,-6.573144435882568,-6.411793231964111,False
gcsc,mls,near,2356,fox,dog,-6.540474891662598,-6.411793231964111,False
gcsc,mls,near,2396,pickup_truck,automobile,-9.001260757446289,-6.411793231964111,False
gcsc,mls,near,2415,camel,deer,-6.682651996612549,-6.411793231964111,False
gcsc,mls,near,2421,pickup_truck,truck,-5.722683429718018,-6.411793231964111,True
gcsc,mls,near,2435,fox,cat,-11.793835639953613,-6.411793231964111,False
gcsc,mls,near,2484,bus,truck,-9.516631126403809,-6.411793231964111,False
gcsc,mls,near,2503,tractor,ship,-2.6030211448669434,-6.411793231964111,True
gcsc,mls,near,2518,fox,deer,-10.386940956115723,-6.411793231964111,False
gcsc,mls,near,2544,fox,deer,-11.137981414794922,-6.411793231964111,False
gcsc,mls,near,2556,pickup_truck,truck,-6.1934075355529785,-6.411793231964111,True
gcsc,mls,near,2569,tractor,ship,-5.9437150955200195,-6.411793231964111,True
gcsc,mls,near,2570,leopard,cat,-8.080281257629395,-6.411793231964111,False
gcsc,mls,near,2591,bus,truck,-10.045202255249023,-6.411793231964111,False
gcsc,mls,near,2603,pickup_truck,automobile,-9.96456527709961,-6.411793231964111,False
gcsc,mls,near,2618,wolf,cat,-5.833813667297363,-6.411793231964111,True
gcsc,mls,near,2624,tractor,truck,-7.77399206161499,-6.411793231964111,False
gcsc,mls,near,2647,leopard,frog,-8.413322448730469,-6.411793231964111,False
gcsc,mls,near,2665,bus,truck,-9.274105072021484,-6.411793231964111,False
gcsc,mls,near,2675,tractor,truck,-7.48007345199585,-6.411793231964111,False
gcsc,mls,near,2678,leopard,cat,-8.127921104431152,-6.411793231964111,False
gcsc,mls,near,2698,bus,automobile,-8.34223461151123,-6.411793231964111,False
gcsc,mls,near,2712,camel,horse,-7.093291282653809,-6.411793231964111,False
gcsc,mls,near,2719,bus,truck,-9.902608871459961,-6.411793231964111,False
gcsc,mls,near,2756,fox,cat,-8.670842170715332,-6.411793231964111,False
gcsc,mls,near,2774,camel,frog,-5.425606727600098,-6.411793231964111,True
gcsc,mls,near,2826,wolf,deer,-8.123496055603027,-6.411793231964111,False
gcsc,mls,near,2828,fox,cat,-8.087486267089844,-6.411793231964111,False
gcsc,mls,near,2832,bus,truck,-10.708984375,-6.411793231964111,False
gcsc,mls,near,2834,camel,horse,-6.517490863800049,-6.411793231964111,False
gcsc,mls,near,2835,wolf,cat,-6.672268867492676,-6.411793231964111,False
gcsc,mls,near,2842,wolf,cat,-9.616739273071289,-6.411793231964111,False
gcsc,mls,near,2843,bus,truck,-8.162769317626953,-6.411793231964111,False
gcsc,mls,near,2871,tractor,truck,-5.03515100479126,-6.411793231964111,True
gcsc,mls,near,2882,pickup_truck,automobile,-9.090747833251953,-6.411793231964111,False
gcsc,mls,near,2891,fox,dog,-5.304310321807861,-6.411793231964111,True
gcsc,mls,near,2911,tractor,ship,-5.896414756774902,-6.411793231964111,True
gcsc,mls,near,2933,wolf,cat,-8.423835754394531,-6.411793231964111,False
gcsc,mls,near,2946,camel,dog,-9.507445335388184,-6.411793231964111,False
gcsc,mls,near,2948,camel,horse,-6.454012870788574,-6.411793231964111,False
gcsc,mls,near,2956,tractor,truck,-7.695469379425049,-6.411793231964111,False
gcsc,mls,near,2986,wolf,dog,-6.276058197021484,-6.411793231964111,True
gcsc,mls,near,2992,tractor,ship,-6.574619293212891,-6.411793231964111,False
gcsc,mls,near,3009,leopard,cat,-6.292278289794922,-6.411793231964111,True
gcsc,mls,near,3026,bus,truck,-8.911965370178223,-6.411793231964111,False
gcsc,mls,near,3027,motorcycle,automobile,-6.760213375091553,-6.411793231964111,False
gcsc,mls,near,3054,motorcycle,airplane,-7.608007431030273,-6.411793231964111,False
gcsc,mls,near,3074,leopard,frog,-6.376152992248535,-6.411793231964111,True
gcsc,mls,near,3104,leopard,cat,-9.789200782775879,-6.411793231964111,False
gcsc,mls,near,3106,bus,truck,-9.041958808898926,-6.411793231964111,False
gcsc,mls,near,3111,motorcycle,truck,-4.81058931350708,-6.411793231964111,True
gcsc,mls,near,3136,fox,dog,-6.683801651000977,-6.411793231964111,False
gcsc,mls,near,3153,camel,truck,-5.091756820678711,-6.411793231964111,True
gcsc,mls,near,3177,tractor,truck,-5.938961982727051,-6.411793231964111,True
gcsc,mls,near,3197,bus,truck,-10.692510604858398,-6.411793231964111,False
gcsc,mls,near,3200,leopard,cat,-7.382469177246094,-6.411793231964111,False
gcsc,mls,near,3219,wolf,dog,-7.937254905700684,-6.411793231964111,False
gcsc,mls,near,3236,bus,truck,-9.142666816711426,-6.411793231964111,False
gcsc,mls,near,3240,motorcycle,airplane,-3.334911584854126,-6.411793231964111,True
gcsc,mls,near,3256,motorcycle,automobile,-3.5003318786621094,-6.411793231964111,True
gcsc,mls,near,3276,bus,truck,-8.880699157714844,-6.411793231964111,False
gcsc,mls,near,3291,leopard,cat,-8.755097389221191,-6.411793231964111,False
gcsc,mls,near,3319,camel,dog,-7.379950046539307,-6.411793231964111,False
gcsc,mls,near,3338,leopard,cat,-5.062169551849365,-6.411793231964111,True
gcsc,mls,near,3346,leopard,deer,-5.583343982696533,-6.411793231964111,True
gcsc,mls,near,3368,fox,deer,-5.5650482177734375,-6.411793231964111,True
gcsc,mls,near,3376,motorcycle,automobile,-10.063276290893555,-6.411793231964111,False
gcsc,mls,near,3379,leopard,cat,-6.443055152893066,-6.411793231964111,False
gcsc,mls,near,3412,tractor,truck,-6.743427753448486,-6.411793231964111,False
gcsc,mls,near,3478,bus,truck,-10.347065925598145,-6.411793231964111,False
gcsc,mls,near,3484,tractor,truck,-11.671134948730469,-6.411793231964111,False
gcsc,mls,near,3487,wolf,cat,-7.478187084197998,-6.411793231964111,False
gcsc,mls,near,3525,motorcycle,airplane,-4.508580207824707,-6.411793231964111,True
gcsc,mls,near,3532,tractor,truck,-8.931533813476562,-6.411793231964111,False
gcsc,mls,near,3537,pickup_truck,truck,-7.292293548583984,-6.411793231964111,False
gcsc,mls,near,3538,wolf,dog,-10.558697700500488,-6.411793231964111,False
gcsc,mls,near,3549,leopard,deer,-5.562775135040283,-6.411793231964111,True
gcsc,mls,near,3558,motorcycle,automobile,-8.917614936828613,-6.411793231964111,False
gcsc,mls,near,3564,bus,truck,-5.808535099029541,-6.411793231964111,True
gcsc,mls,near,3567,leopard,dog,-6.268095016479492,-6.411793231964111,True
gcsc,mls,near,3605,fox,dog,-6.689487457275391,-6.411793231964111,False
gcsc,mls,near,3606,motorcycle,dog,-5.107014179229736,-6.411793231964111,True
gcsc,mls,near,3607,fox,deer,-6.5388312339782715,-6.411793231964111,False
gcsc,mls,near,3608,fox,cat,-5.756361961364746,-6.411793231964111,True
gcsc,mls,near,3613,wolf,dog,-9.449200630187988,-6.411793231964111,False
gcsc,mls,near,3630,pickup_truck,automobile,-6.381770133972168,-6.411793231964111,True
gcsc,mls,near,3644,fox,deer,-8.394267082214355,-6.411793231964111,False
gcsc,mls,near,3655,pickup_truck,truck,-5.861473560333252,-6.411793231964111,True
gcsc,mls,near,3663,wolf,cat,-8.530560493469238,-6.411793231964111,False
gcsc,mls,near,3701,bus,truck,-5.613035678863525,-6.411793231964111,True
gcsc,mls,near,3715,motorcycle,airplane,-3.220590353012085,-6.411793231964111,True
gcsc,mls,near,3731,wolf,dog,-7.8270463943481445,-6.411793231964111,False
gcsc,mls,near,3732,motorcycle,truck,-8.325224876403809,-6.411793231964111,False
gcsc,mls,near,3747,wolf,cat,-7.485844135284424,-6.411793231964111,False
gcsc,mls,near,3748,motorcycle,cat,-6.248476982116699,-6.411793231964111,True
gcsc,mls,near,3755,bus,truck,-9.871480941772461,-6.411793231964111,False
gcsc,mls,near,3760,fox,cat,-8.874785423278809,-6.411793231964111,False
gcsc,mls,near,3817,wolf,dog,-8.852424621582031,-6.411793231964111,False
gcsc,mls,near,3823,fox,cat,-6.356493949890137,-6.411793231964111,True
gcsc,mls,near,3831,camel,horse,-7.734801769256592,-6.411793231964111,False
gcsc,mls,near,3840,tractor,truck,-4.523600101470947,-6.411793231964111,True
gcsc,mls,near,3849,wolf,cat,-9.569104194641113,-6.411793231964111,False
gcsc,mls,near,3857,motorcycle,automobile,-5.556145191192627,-6.411793231964111,True
gcsc,mls,near,3868,bus,automobile,-6.228867530822754,-6.411793231964111,True
gcsc,mls,near,3877,wolf,cat,-8.699397087097168,-6.411793231964111,False
gcsc,mls,near,3884,camel,horse,-5.147680282592773,-6.411793231964111,True
gcsc,mls,near,3886,wolf,dog,-6.157021522521973,-6.411793231964111,True
gcsc,mls,near,3887,bus,truck,-9.278197288513184,-6.411793231964111,False
gcsc,mls,near,3893,motorcycle,bird,-4.835853576660156,-6.411793231964111,True
gcsc,mls,near,3908,fox,cat,-7.670073986053467,-6.411793231964111,False
gcsc,mls,near,3913,tractor,truck,-9.372090339660645,-6.411793231964111,False
gcsc,mls,near,3927,wolf,cat,-9.19585132598877,-6.411793231964111,False
gcsc,mls,near,3930,camel,dog,-3.9810006618499756,-6.411793231964111,True
gcsc,mls,near,3933,pickup_truck,automobile,-6.754175662994385,-6.411793231964111,False
gcsc,mls,near,3947,bus,truck,-9.72712516784668,-6.411793231964111,False
gcsc,mls,near,3985,camel,deer,-6.468163013458252,-6.411793231964111,False
gcsc,mls,near,4003,fox,deer,-8.625699043273926,-6.411793231964111,False
gcsc,mls,near,4004,fox,cat,-8.21437931060791,-6.411793231964111,False
gcsc,mls,near,4027,tractor,truck,-5.879873752593994,-6.411793231964111,True
gcsc,mls,near,4028,motorcycle,automobile,-3.529902935028076,-6.411793231964111,True
gcsc,mls,near,4049,fox,dog,-5.723269462585449,-6.411793231964111,True
gcsc,mls,near,4104,bus,airplane,-8.185150146484375,-6.411793231964111,False
gcsc,mls,near,4109,tractor,ship,-4.599977493286133,-6.411793231964111,True
gcsc,mls,near,4118,leopard,frog,-7.559688091278076,-6.411793231964111,False
gcsc,mls,near,4128,motorcycle,dog,-4.619337558746338,-6.411793231964111,True
gcsc,mls,near,4129,bus,truck,-3.696537733078003,-6.411793231964111,True
gcsc,mls,near,4147,motorcycle,automobile,-4.90158748626709,-6.411793231964111,True
gcsc,mls,near,4153,wolf,cat,-8.424695014953613,-6.411793231964111,False
gcsc,mls,near,4173,bus,truck,-8.498766899108887,-6.411793231964111,False
gcsc,mls,near,4182,fox,cat,-4.75111722946167,-6.411793231964111,True
gcsc,mls,near,4185,bus,truck,-10.313611030578613,-6.411793231964111,False
gcsc,mls,near,4201,bus,truck,-8.546133041381836,-6.411793231964111,False
gcsc,mls,near,4225,wolf,dog,-6.800012588500977,-6.411793231964111,False
gcsc,mls,near,4234,camel,deer,-9.653151512145996,-6.411793231964111,False
gcsc,mls,near,4238,leopard,dog,-9.506895065307617,-6.411793231964111,False
gcsc,mls,near,4255,fox,deer,-9.144402503967285,-6.411793231964111,False
gcsc,mls,near,4264,fox,deer,-7.946681499481201,-6.411793231964111,False
gcsc,mls,near,4277,fox,cat,-8.081761360168457,-6.411793231964111,False
gcsc,mls,near,4278,leopard,bird,-5.556464195251465,-6.411793231964111,True
gcsc,mls,near,4283,wolf,cat,-6.728419303894043,-6.411793231964111,False
gcsc,mls,near,4285,wolf,dog,-6.432174205780029,-6.411793231964111,False
gcsc,mls,near,4294,wolf,cat,-6.565928936004639,-6.411793231964111,False
gcsc,mls,near,4296,bus,truck,-11.930523872375488,-6.411793231964111,False
gcsc,mls,near,4307,bus,truck,-10.679771423339844,-6.411793231964111,False
gcsc,mls,near,4313,fox,cat,-7.800893783569336,-6.411793231964111,False
gcsc,mls,near,4316,pickup_truck,truck,-11.025089263916016,-6.411793231964111,False
gcsc,mls,near,4320,leopard,dog,-7.040700912475586,-6.411793231964111,False
gcsc,mls,near,4335,pickup_truck,truck,-9.180309295654297,-6.411793231964111,False
gcsc,mls,near,4341,fox,airplane,-7.832474708557129,-6.411793231964111,False
gcsc,mls,near,4345,camel,cat,-5.980886459350586,-6.411793231964111,True
gcsc,mls,near,4378,wolf,dog,-9.888871192932129,-6.411793231964111,False
gcsc,mls,near,4387,pickup_truck,truck,-8.268767356872559,-6.411793231964111,False
gcsc,mls,near,4404,tractor,truck,-7.772924900054932,-6.411793231964111,False
gcsc,mls,near,4415,camel,dog,-4.608826160430908,-6.411793231964111,True
gcsc,mls,near,4426,bus,truck,-5.8149213790893555,-6.411793231964111,True
gcsc,mls,near,4434,bus,cat,-5.999056816101074,-6.411793231964111,True
gcsc,mls,near,4435,camel,dog,-9.16029167175293,-6.411793231964111,False
gcsc,mls,near,4441,fox,dog,-8.473608016967773,-6.411793231964111,False
gcsc,mls,near,4461,motorcycle,airplane,-5.633278846740723,-6.411793231964111,True
gcsc,mls,near,4463,pickup_truck,automobile,-9.00025749206543,-6.411793231964111,False
gcsc,mls,near,4464,bus,truck,-5.39568567276001,-6.411793231964111,True
gcsc,mls,near,4468,bus,truck,-7.114415645599365,-6.411793231964111,False
gcsc,mls,near,4470,wolf,horse,-5.765441417694092,-6.411793231964111,True
gcsc,mls,near,4487,motorcycle,airplane,-3.7168757915496826,-6.411793231964111,True
gcsc,mls,near,4506,pickup_truck,automobile,-10.549490928649902,-6.411793231964111,False
gcsc,mls,near,4515,pickup_truck,automobile,-11.432433128356934,-6.411793231964111,False
gcsc,mls,near,4517,tractor,frog,-4.004817008972168,-6.411793231964111,True
gcsc,mls,near,4519,camel,bird,-9.581521034240723,-6.411793231964111,False
gcsc,mls,near,4586,bus,automobile,-9.877971649169922,-6.411793231964111,False
gcsc,mls,near,4588,pickup_truck,automobile,-10.141578674316406,-6.411793231964111,False
gcsc,mls,near,4602,wolf,dog,-9.009855270385742,-6.411793231964111,False
gcsc,mls,near,4609,leopard,cat,-7.4424262046813965,-6.411793231964111,False
gcsc,mls,near,4610,tractor,truck,-6.086951732635498,-6.411793231964111,True
gcsc,mls,near,4611,leopard,frog,-3.68415904045105,-6.411793231964111,True
gcsc,mls,near,4621,fox,deer,-7.270523548126221,-6.411793231964111,False
gcsc,mls,near,4663,tractor,truck,-8.45842170715332,-6.411793231964111,False
gcsc,mls,near,4677,leopard,cat,-8.407103538513184,-6.411793231964111,False
gcsc,mls,near,4691,tractor,truck,-7.609134674072266,-6.411793231964111,False
gcsc,mls,near,4693,pickup_truck,automobile,-6.0386152267456055,-6.411793231964111,True
gcsc,mls,near,4703,fox,deer,-5.891392230987549,-6.411793231964111,True
gcsc,mls,near,4706,fox,cat,-9.001786231994629,-6.411793231964111,False
gcsc,mls,near,4731,tractor,truck,-7.840205669403076,-6.411793231964111,False
gcsc,mls,near,4736,camel,bird,-4.964816093444824,-6.411793231964111,True
gcsc,mls,near,4740,bus,truck,-4.92241096496582,-6.411793231964111,True
gcsc,mls,near,4754,fox,deer,-7.096353054046631,-6.411793231964111,False
gcsc,mls,near,4756,bus,horse,-5.233372211456299,-6.411793231964111,True
gcsc,mls,near,4788,bus,automobile,-9.4971923828125,-6.411793231964111,False
gcsc,mls,near,4808,bus,ship,-5.336981773376465,-6.411793231964111,True
gcsc,mls,near,4821,pickup_truck,automobile,-9.228967666625977,-6.411793231964111,False
gcsc,mls,near,4870,pickup_truck,automobile,-8.973567962646484,-6.411793231964111,False
gcsc,mls,near,4878,fox,cat,-5.30919075012207,-6.411793231964111,True
gcsc,mls,near,4881,pickup_truck,automobile,-8.898651123046875,-6.411793231964111,False
gcsc,mls,near,4889,fox,horse,-8.655637741088867,-6.411793231964111,False
gcsc,mls,near,4892,motorcycle,automobile,-4.066561698913574,-6.411793231964111,True
gcsc,mls,near,4894,camel,deer,-6.379620552062988,-6.411793231964111,True
gcsc,mls,near,4927,motorcycle,truck,-5.858823776245117,-6.411793231964111,True
gcsc,mls,near,4943,leopard,deer,-8.895781517028809,-6.411793231964111,False
gcsc,mls,near,4960,motorcycle,dog,-4.540901184082031,-6.411793231964111,True
gcsc,mls,near,4971,leopard,bird,-4.213669776916504,-6.411793231964111,True
gcsc,mls,near,4991,fox,dog,-5.96321964263916,-6.411793231964111,True
gcsc,mls,near,4992,leopard,cat,-7.422943115234375,-6.411793231964111,False
gcsc,mls,near,4998,bus,truck,-7.906357288360596,-6.411793231964111,False
gcsc,mls,near,5003,motorcycle,horse,-3.5773978233337402,-6.411793231964111,True
gcsc,mls,near,5008,pickup_truck,automobile,-7.966495513916016,-6.411793231964111,False
gcsc,mls,near,5009,pickup_truck,automobile,-9.736186981201172,-6.411793231964111,False
gcsc,mls,near,5015,bus,truck,-8.248296737670898,-6.411793231964111,False
gcsc,mls,near,5016,leopard,cat,-6.388012409210205,-6.411793231964111,True
gcsc,mls,near,5020,bus,truck,-5.956316947937012,-6.411793231964111,True
gcsc,mls,near,5025,tractor,truck,-9.700477600097656,-6.411793231964111,False
gcsc,mls,near,5029,camel,deer,-8.752785682678223,-6.411793231964111,False
gcsc,mls,near,5031,wolf,horse,-5.675375461578369,-6.411793231964111,True
gcsc,mls,near,5032,camel,airplane,-5.933658599853516,-6.411793231964111,True
gcsc,mls,near,5064,bus,truck,-8.542485237121582,-6.411793231964111,False
gcsc,mls,near,5078,wolf,dog,-9.02074909210205,-6.411793231964111,False
gcsc,mls,near,5084,fox,cat,-6.933596611022949,-6.411793231964111,False
gcsc,mls,near,5109,leopard,frog,-6.7942094802856445,-6.411793231964111,False
gcsc,mls,near,5110,pickup_truck,automobile,-9.283147811889648,-6.411793231964111,False
gcsc,mls,near,5112,motorcycle,deer,-2.3619437217712402,-6.411793231964111,True
gcsc,mls,near,5113,camel,bird,-7.740170001983643,-6.411793231964111,False
gcsc,mls,near,5114,motorcycle,truck,-4.059905052185059,-6.411793231964111,True
gcsc,mls,near,5119,camel,airplane,-4.479224681854248,-6.411793231964111,True
gcsc,mls,near,5129,pickup_truck,truck,-7.337465286254883,-6.411793231964111,False
gcsc,mls,near,5141,tractor,truck,-3.986481189727783,-6.411793231964111,True
gcsc,mls,near,5142,leopard,cat,-9.298271179199219,-6.411793231964111,False
gcsc,mls,near,5149,pickup_truck,truck,-6.67530632019043,-6.411793231964111,False
gcsc,mls,near,5162,motorcycle,truck,-5.157914161682129,-6.411793231964111,True
gcsc,mls,near,5163,bus,truck,-9.94235610961914,-6.411793231964111,False
gcsc,mls,near,5175,motorcycle,truck,-7.091116428375244,-6.411793231964111,False
gcsc,mls,near,5182,tractor,ship,-5.387321472167969,-6.411793231964111,True
gcsc,mls,near,5184,bus,truck,-10.518354415893555,-6.411793231964111,False
gcsc,mls,near,5185,leopard,deer,-6.75671911239624,-6.411793231964111,False
gcsc,mls,near,5189,tractor,truck,-5.707926273345947,-6.411793231964111,True
gcsc,mls,near,5201,bus,truck,-7.612090587615967,-6.411793231964111,False
gcsc,mls,near,5210,leopard,cat,-3.6386072635650635,-6.411793231964111,True
gcsc,mls,near,5216,motorcycle,deer,-3.5431973934173584,-6.411793231964111,True
gcsc,mls,near,5218,camel,bird,-6.462715148925781,-6.411793231964111,False
gcsc,mls,near,5231,leopard,frog,-7.349014759063721,-6.411793231964111,False
gcsc,mls,near,5249,camel,dog,-7.199191093444824,-6.411793231964111,False
gcsc,mls,near,5253,camel,deer,-5.477965831756592,-6.411793231964111,True
gcsc,mls,near,5285,camel,dog,-6.992069244384766,-6.411793231964111,False
gcsc,mls,near,5287,tractor,airplane,-4.948241233825684,-6.411793231964111,True
gcsc,mls,near,5291,wolf,dog,-10.09020709991455,-6.411793231964111,False
gcsc,mls,near,5293,camel,horse,-6.929962158203125,-6.411793231964111,False
gcsc,mls,near,5311,motorcycle,automobile,-2.799354076385498,-6.411793231964111,True
gcsc,mls,near,5314,tractor,horse,-3.6545121669769287,-6.411793231964111,True
gcsc,mls,near,5316,leopard,cat,-8.231778144836426,-6.411793231964111,False
gcsc,mls,near,5317,pickup_truck,automobile,-10.718677520751953,-6.411793231964111,False
gcsc,mls,near,5327,tractor,truck,-6.555507183074951,-6.411793231964111,False
gcsc,mls,near,5328,leopard,dog,-5.221938610076904,-6.411793231964111,True
gcsc,mls,near,5342,motorcycle,frog,-4.735548496246338,-6.411793231964111,True
gcsc,mls,near,5350,motorcycle,truck,-7.657083034515381,-6.411793231964111,False
gcsc,mls,near,5399,leopard,cat,-8.764988899230957,-6.411793231964111,False
gcsc,mls,near,5408,wolf,cat,-6.912182331085205,-6.411793231964111,False
gcsc,mls,near,5425,wolf,dog,-4.235982894897461,-6.411793231964111,True
gcsc,mls,near,5430,motorcycle,automobile,-5.088857173919678,-6.411793231964111,True
gcsc,mls,near,5437,pickup_truck,automobile,-7.4305267333984375,-6.411793231964111,False
gcsc,mls,near,5445,tractor,truck,-7.984378337860107,-6.411793231964111,False
gcsc,mls,near,5449,leopard,frog,-5.773085594177246,-6.411793231964111,True
gcsc,mls,near,5455,camel,deer,-4.963512420654297,-6.411793231964111,True
gcsc,mls,near,5458,leopard,dog,-5.816262245178223,-6.411793231964111,True
gcsc,mls,near,5460,motorcycle,automobile,-5.454235076904297,-6.411793231964111,True
gcsc,mls,near,5465,bus,truck,-4.933010578155518,-6.411793231964111,True
gcsc,mls,near,5469,motorcycle,dog,-3.8830904960632324,-6.411793231964111,True
gcsc,mls,near,5472,leopard,frog,-5.973110198974609,-6.411793231964111,True
gcsc,mls,near,5478,leopard,cat,-7.222813129425049,-6.411793231964111,False
gcsc,mls,near,5486,motorcycle,horse,-3.611220359802246,-6.411793231964111,True
gcsc,mls,near,5494,camel,deer,-5.7452392578125,-6.411793231964111,True
gcsc,mls,near,5495,tractor,truck,-5.711603164672852,-6.411793231964111,True
gcsc,mls,near,5516,camel,bird,-5.492008686065674,-6.411793231964111,True
gcsc,mls,near,5519,camel,horse,-6.849575519561768,-6.411793231964111,False
gcsc,mls,near,5532,camel,horse,-3.4019176959991455,-6.411793231964111,True
gcsc,mls,near,5550,tractor,truck,-10.050834655761719,-6.411793231964111,False
gcsc,mls,near,5568,pickup_truck,automobile,-7.955570220947266,-6.411793231964111,False
gcsc,mls,near,5572,motorcycle,truck,-5.476163387298584,-6.411793231964111,True
gcsc,mls,near,5612,motorcycle,airplane,-5.230031967163086,-6.411793231964111,True
gcsc,mls,near,5619,fox,cat,-8.142721176147461,-6.411793231964111,False
gcsc,mls,near,5634,bus,truck,-6.722970485687256,-6.411793231964111,False
gcsc,mls,near,5650,motorcycle,truck,-3.9048054218292236,-6.411793231964111,True
gcsc,mls,near,5654,bus,automobile,-9.866621017456055,-6.411793231964111,False
gcsc,mls,near,5664,camel,bird,-5.4282732009887695,-6.411793231964111,True
gcsc,mls,near,5691,motorcycle,truck,-4.255621433258057,-6.411793231964111,True
gcsc,mls,near,5696,tractor,truck,-9.15207290649414,-6.411793231964111,False
gcsc,mls,near,5698,leopard,frog,-9.33340072631836,-6.411793231964111,False
gcsc,mls,near,5715,pickup_truck,automobile,-8.208747863769531,-6.411793231964111,False
gcsc,mls,near,5726,fox,bird,-4.915268898010254,-6.411793231964111,True
gcsc,mls,near,5732,pickup_truck,automobile,-7.308881759643555,-6.411793231964111,False
gcsc,mls,near,5736,pickup_truck,truck,-8.195530891418457,-6.411793231964111,False
gcsc,mls,near,5738,pickup_truck,automobile,-7.584063529968262,-6.411793231964111,False
gcsc,mls,near,5748,bus,truck,-10.39982795715332,-6.411793231964111,False
gcsc,mls,near,5756,pickup_truck,automobile,-9.183077812194824,-6.411793231964111,False
gcsc,mls,near,5762,camel,bird,-8.482221603393555,-6.411793231964111,False
gcsc,mls,near,5781,wolf,cat,-8.499226570129395,-6.411793231964111,False
gcsc,mls,near,5818,tractor,automobile,-3.8009047508239746,-6.411793231964111,True
gcsc,mls,near,5819,leopard,cat,-5.81776762008667,-6.411793231964111,True
gcsc,mls,near,5832,fox,deer,-7.365024566650391,-6.411793231964111,False
gcsc,mls,near,5853,bus,truck,-10.993782997131348,-6.411793231964111,False
gcsc,mls,near,5889,fox,dog,-6.161853790283203,-6.411793231964111,True
gcsc,mls,near,5893,pickup_truck,truck,-6.554134368896484,-6.411793231964111,False
gcsc,mls,near,5896,fox,deer,-5.346671104431152,-6.411793231964111,True
gcsc,mls,near,5905,leopard,frog,-10.22285270690918,-6.411793231964111,False
gcsc,mls,near,5911,wolf,cat,-4.125423431396484,-6.411793231964111,True
gcsc,mls,near,5912,wolf,cat,-4.491083145141602,-6.411793231964111,True
gcsc,mls,near,5920,bus,truck,-9.371646881103516,-6.411793231964111,False
gcsc,mls,near,5932,pickup_truck,truck,-6.902821063995361,-6.411793231964111,False
gcsc,mls,near,5945,fox,dog,-6.530263423919678,-6.411793231964111,False
gcsc,mls,near,6010,wolf,deer,-10.257061958312988,-6.411793231964111,False
gcsc,mls,near,6022,motorcycle,truck,-3.3064417839050293,-6.411793231964111,True
gcsc,mls,near,6037,camel,horse,-5.447256565093994,-6.411793231964111,True
gcsc,mls,near,6044,camel,deer,-3.1389169692993164,-6.411793231964111,True
gcsc,mls,near,6055,leopard,cat,-10.07458782196045,-6.411793231964111,False
gcsc,mls,near,6061,leopard,frog,-6.468113422393799,-6.411793231964111,False
gcsc,mls,near,6063,tractor,truck,-9.347843170166016,-6.411793231964111,False
gcsc,mls,near,6075,pickup_truck,automobile,-7.6404900550842285,-6.411793231964111,False
gcsc,mls,near,6080,fox,dog,-7.079885482788086,-6.411793231964111,False
gcsc,mls,near,6116,bus,truck,-11.955367088317871,-6.411793231964111,False
gcsc,mls,near,6132,wolf,cat,-8.307669639587402,-6.411793231964111,False
gcsc,mls,near,6144,motorcycle,truck,-5.700427055358887,-6.411793231964111,True
gcsc,mls,near,6160,wolf,cat,-6.922737121582031,-6.411793231964111,False
gcsc,mls,near,6162,fox,cat,-8.198461532592773,-6.411793231964111,False
gcsc,mls,near,6163,fox,deer,-8.722538948059082,-6.411793231964111,False
gcsc,mls,near,6176,bus,truck,-10.599533081054688,-6.411793231964111,False
gcsc,mls,near,6178,wolf,dog,-5.320886135101318,-6.411793231964111,True
gcsc,mls,near,6279,motorcycle,automobile,-6.307745933532715,-6.411793231964111,True
gcsc,mls,near,6293,leopard,deer,-4.758613586425781,-6.411793231964111,True
gcsc,mls,near,6303,bus,dog,-4.542450428009033,-6.411793231964111,True
gcsc,mls,near,6324,wolf,cat,-8.829073905944824,-6.411793231964111,False
gcsc,mls,near,6339,bus,truck,-12.579391479492188,-6.411793231964111,False
gcsc,mls,near,6343,motorcycle,truck,-4.607186794281006,-6.411793231964111,True
gcsc,mls,near,6360,tractor,automobile,-8.913704872131348,-6.411793231964111,False
gcsc,mls,near,6379,tractor,airplane,-4.6403398513793945,-6.411793231964111,True
gcsc,mls,near,6382,motorcycle,cat,-6.260473728179932,-6.411793231964111,True
gcsc,mls,near,6395,leopard,frog,-7.126345634460449,-6.411793231964111,False
gcsc,mls,near,6398,tractor,truck,-4.864437580108643,-6.411793231964111,True
gcsc,mls,near,6401,leopard,frog,-7.925894260406494,-6.411793231964111,False
gcsc,mls,near,6409,leopard,cat,-8.497239112854004,-6.411793231964111,False
gcsc,mls,near,6411,bus,truck,-6.1141533851623535,-6.411793231964111,True
gcsc,mls,near,6416,motorcycle,airplane,-4.683749198913574,-6.411793231964111,True
gcsc,mls,near,6417,camel,bird,-7.770545959472656,-6.411793231964111,False
gcsc,mls,near,6418,camel,deer,-12.109312057495117,-6.411793231964111,False
gcsc,mls,near,6430,tractor,truck,-6.644773960113525,-6.411793231964111,False
gcsc,mls,near,6433,wolf,cat,-9.286890983581543,-6.411793231964111,False
gcsc,mls,near,6447,wolf,cat,-9.137024879455566,-6.411793231964111,False
gcsc,mls,near,6449,motorcycle,cat,-2.837981939315796,-6.411793231964111,True
gcsc,mls,near,6469,fox,cat,-4.871561050415039,-6.411793231964111,True
gcsc,mls,near,6475,camel,horse,-4.907891273498535,-6.411793231964111,True
gcsc,mls,near,6505,fox,cat,-8.429131507873535,-6.411793231964111,False
gcsc,mls,near,6528,wolf,cat,-8.814017295837402,-6.411793231964111,False
gcsc,mls,near,6545,fox,deer,-6.1703901290893555,-6.411793231964111,True
gcsc,mls,near,6546,tractor,bird,-5.749212265014648,-6.411793231964111,True
gcsc,mls,near,6547,motorcycle,cat,-2.7799572944641113,-6.411793231964111,True
gcsc,mls,near,6552,wolf,cat,-11.152703285217285,-6.411793231964111,False
gcsc,mls,near,6561,wolf,bird,-5.425614356994629,-6.411793231964111,True
gcsc,mls,near,6574,pickup_truck,automobile,-10.146280288696289,-6.411793231964111,False
gcsc,mls,near,6616,camel,dog,-8.7561674118042,-6.411793231964111,False
gcsc,mls,near,6652,wolf,horse,-8.387190818786621,-6.411793231964111,False
gcsc,mls,near,6653,pickup_truck,automobile,-10.7108154296875,-6.411793231964111,False
gcsc,mls,near,6693,fox,cat,-9.774016380310059,-6.411793231964111,False
gcsc,mls,near,6712,bus,truck,-10.318704605102539,-6.411793231964111,False
gcsc,mls,near,6730,motorcycle,airplane,-6.329485893249512,-6.411793231964111,True
gcsc,mls,near,6735,leopard,cat,-8.256026268005371,-6.411793231964111,False
gcsc,mls,near,6746,wolf,cat,-6.654866695404053,-6.411793231964111,False
gcsc,mls,near,6767,leopard,frog,-4.844563961029053,-6.411793231964111,True
gcsc,mls,near,6778,camel,dog,-7.1880950927734375,-6.411793231964111,False
gcsc,mls,near,6791,bus,airplane,-6.921257495880127,-6.411793231964111,False
gcsc,mls,near,6807,tractor,truck,-5.6406941413879395,-6.411793231964111,True
gcsc,mls,near,6816,fox,dog,-7.3364481925964355,-6.411793231964111,False
gcsc,mls,near,6866,tractor,truck,-10.080238342285156,-6.411793231964111,False
gcsc,mls,near,6914,motorcycle,truck,-6.887487411499023,-6.411793231964111,False
gcsc,mls,near,6924,leopard,frog,-9.583513259887695,-6.411793231964111,False
gcsc,mls,near,6930,tractor,truck,-4.543803691864014,-6.411793231964111,True
gcsc,mls,near,6954,motorcycle,automobile,-5.481576919555664,-6.411793231964111,True
gcsc,mls,near,6967,wolf,cat,-8.26375675201416,-6.411793231964111,False
gcsc,mls,near,7006,tractor,truck,-7.449208736419678,-6.411793231964111,False
gcsc,mls,near,7021,fox,cat,-4.397796630859375,-6.411793231964111,True
gcsc,mls,near,7028,wolf,cat,-8.990199089050293,-6.411793231964111,False
gcsc,mls,near,7078,leopard,cat,-5.847485065460205,-6.411793231964111,True
gcsc,mls,near,7086,tractor,truck,-6.258638381958008,-6.411793231964111,True
gcsc,mls,near,7087,wolf,cat,-8.525474548339844,-6.411793231964111,False
gcsc,mls,near,7109,motorcycle,automobile,-5.230882167816162,-6.411793231964111,True
gcsc,mls,near,7110,motorcycle,airplane,-6.744029998779297,-6.411793231964111,False
gcsc,mls,near,7119,pickup_truck,truck,-7.4294328689575195,-6.411793231964111,False
gcsc,mls,near,7125,wolf,cat,-7.629901885986328,-6.411793231964111,False
gcsc,mls,near,7128,camel,horse,-8.438076972961426,-6.411793231964111,False
gcsc,mls,near,7131,pickup_truck,truck,-7.0730462074279785,-6.411793231964111,False
gcsc,mls,near,7133,bus,truck,-11.505414009094238,-6.411793231964111,False
gcsc,mls,near,7135,wolf,dog,-8.161128997802734,-6.411793231964111,False
gcsc,mls,near,7141,fox,dog,-6.633168697357178,-6.411793231964111,False
gcsc,mls,near,7146,tractor,truck,-6.127938747406006,-6.411793231964111,True
gcsc,mls,near,7160,motorcycle,automobile,-4.654045581817627,-6.411793231964111,True
gcsc,mls,near,7194,camel,deer,-6.458395481109619,-6.411793231964111,False
gcsc,mls,near,7200,camel,deer,-7.398631572723389,-6.411793231964111,False
gcsc,mls,near,7207,pickup_truck,automobile,-8.064085006713867,-6.411793231964111,False
gcsc,mls,near,7209,motorcycle,truck,-7.425025463104248,-6.411793231964111,False
gcsc,mls,near,7225,fox,cat,-7.236199855804443,-6.411793231964111,False
gcsc,mls,near,7248,fox,dog,-7.643625259399414,-6.411793231964111,False
gcsc,mls,near,7249,motorcycle,automobile,-7.219430923461914,-6.411793231964111,False
gcsc,mls,near,7279,fox,cat,-7.0208740234375,-6.411793231964111,False
gcsc,mls,near,7283,leopard,frog,-7.118834972381592,-6.411793231964111,False
gcsc,mls,near,7289,motorcycle,automobile,-5.480654716491699,-6.411793231964111,True
gcsc,mls,near,7298,camel,horse,-7.78972864151001,-6.411793231964111,False
gcsc,mls,near,7308,wolf,dog,-7.656284332275391,-6.411793231964111,False
gcsc,mls,near,7317,fox,dog,-5.828460693359375,-6.411793231964111,True
gcsc,mls,near,7333,camel,horse,-5.438807964324951,-6.411793231964111,True
gcsc,mls,near,7367,leopard,cat,-7.333768367767334,-6.411793231964111,False
gcsc,mls,near,7373,fox,deer,-3.225189447402954,-6.411793231964111,True
gcsc,mls,near,7375,wolf,dog,-7.006760597229004,-6.411793231964111,False
gcsc,mls,near,7376,bus,truck,-7.9437479972839355,-6.411793231964111,False
gcsc,mls,near,7379,camel,ship,-5.34983491897583,-6.411793231964111,True
gcsc,mls,near,7388,tractor,ship,-4.331129550933838,-6.411793231964111,True
gcsc,mls,near,7389,pickup_truck,automobile,-10.56997013092041,-6.411793231964111,False
gcsc,mls,near,7407,leopard,cat,-9.17276668548584,-6.411793231964111,False
gcsc,mls,near,7412,leopard,frog,-8.444503784179688,-6.411793231964111,False
gcsc,mls,near,7417,leopard,frog,-5.985849857330322,-6.411793231964111,True
gcsc,mls,near,7427,leopard,cat,-5.643658638000488,-6.411793231964111,True
gcsc,mls,near,7441,bus,truck,-9.40412425994873,-6.411793231964111,False
gcsc,mls,near,7445,camel,deer,-7.617353439331055,-6.411793231964111,False
gcsc,mls,near,7471,motorcycle,cat,-5.728804111480713,-6.411793231964111,True
gcsc,mls,near,7472,wolf,dog,-5.057587623596191,-6.411793231964111,True
gcsc,mls,near,7489,motorcycle,automobile,-3.7409682273864746,-6.411793231964111,True
gcsc,mls,near,7495,leopard,deer,-5.247805118560791,-6.411793231964111,True
gcsc,mls,near,7503,fox,dog,-6.503640174865723,-6.411793231964111,False
gcsc,mls,near,7507,tractor,truck,-6.85468053817749,-6.411793231964111,False
gcsc,mls,near,7508,bus,truck,-10.813783645629883,-6.411793231964111,False
gcsc,mls,near,7559,pickup_truck,automobile,-7.913628578186035,-6.411793231964111,False
gcsc,mls,near,7561,wolf,cat,-7.663114070892334,-6.411793231964111,False
gcsc,mls,near,7564,fox,cat,-8.763045310974121,-6.411793231964111,False
gcsc,mls,near,7567,bus,dog,-4.951219081878662,-6.411793231964111,True
gcsc,mls,near,7569,motorcycle,automobile,-6.660696983337402,-6.411793231964111,False
gcsc,mls,near,7570,pickup_truck,automobile,-10.084554672241211,-6.411793231964111,False
gcsc,mls,near,7582,wolf,deer,-4.8809590339660645,-6.411793231964111,True
gcsc,mls,near,7590,tractor,truck,-5.875627040863037,-6.411793231964111,True
gcsc,mls,near,7609,leopard,cat,-6.2076826095581055,-6.411793231964111,True
gcsc,mls,near,7621,fox,deer,-7.224556922912598,-6.411793231964111,False
gcsc,mls,near,7640,motorcycle,automobile,-4.031014442443848,-6.411793231964111,True
gcsc,mls,near,7643,tractor,truck,-3.6832730770111084,-6.411793231964111,True
gcsc,mls,near,7650,wolf,dog,-7.127645015716553,-6.411793231964111,False
gcsc,mls,near,7658,pickup_truck,automobile,-10.428565979003906,-6.411793231964111,False
gcsc,mls,near,7660,tractor,truck,-5.153159141540527,-6.411793231964111,True
gcsc,mls,near,7736,tractor,truck,-6.570244312286377,-6.411793231964111,False
gcsc,mls,near,7750,camel,bird,-9.262849807739258,-6.411793231964111,False
gcsc,mls,near,7752,wolf,cat,-9.365574836730957,-6.411793231964111,False
gcsc,mls,near,7772,leopard,deer,-10.542524337768555,-6.411793231964111,False
gcsc,mls,near,7799,fox,horse,-6.981424808502197,-6.411793231964111,False
gcsc,mls,near,7800,camel,bird,-5.348575592041016,-6.411793231964111,True
gcsc,mls,near,7806,motorcycle,truck,-9.256521224975586,-6.411793231964111,False
gcsc,mls,near,7812,bus,truck,-10.505532264709473,-6.411793231964111,False
gcsc,mls,near,7816,bus,truck,-8.265621185302734,-6.411793231964111,False
gcsc,mls,near,7823,pickup_truck,automobile,-7.409435749053955,-6.411793231964111,False
gcsc,mls,near,7829,tractor,bird,-4.973633766174316,-6.411793231964111,True
gcsc,mls,near,7866,pickup_truck,automobile,-6.775954246520996,-6.411793231964111,False
gcsc,mls,near,7871,motorcycle,automobile,-4.664219856262207,-6.411793231964111,True
gcsc,mls,near,7875,wolf,cat,-9.286128044128418,-6.411793231964111,False
gcsc,mls,near,7884,tractor,ship,-5.492841720581055,-6.411793231964111,True
gcsc,mls,near,7900,pickup_truck,automobile,-8.575980186462402,-6.411793231964111,False
gcsc,mls,near,7912,camel,cat,-6.618175983428955,-6.411793231964111,False
gcsc,mls,near,7924,fox,dog,-9.225417137145996,-6.411793231964111,False
gcsc,mls,near,7950,leopard,deer,-6.616015911102295,-6.411793231964111,False
gcsc,mls,near,7962,pickup_truck,truck,-8.81130599975586,-6.411793231964111,False
gcsc,mls,near,7973,fox,dog,-6.997980117797852,-6.411793231964111,False
gcsc,mls,near,7974,leopard,cat,-6.391613960266113,-6.411793231964111,True
gcsc,mls,near,7980,wolf,dog,-10.668157577514648,-6.411793231964111,False
gcsc,mls,near,7994,pickup_truck,truck,-6.492124080657959,-6.411793231964111,False
gcsc,mls,near,7999,pickup_truck,truck,-7.190281391143799,-6.411793231964111,False
gcsc,mls,near,8023,bus,truck,-5.6496477127075195,-6.411793231964111,True
gcsc,mls,near,8026,tractor,airplane,-7.230485916137695,-6.411793231964111,False
gcsc,mls,near,8082,pickup_truck,automobile,-8.131792068481445,-6.411793231964111,False
gcsc,mls,near,8085,bus,truck,-9.663304328918457,-6.411793231964111,False
gcsc,mls,near,8100,fox,dog,-9.67959976196289,-6.411793231964111,False
gcsc,mls,near,8101,wolf,cat,-9.045526504516602,-6.411793231964111,False
gcsc,mls,near,8109,fox,deer,-7.625061511993408,-6.411793231964111,False
gcsc,mls,near,8126,bus,automobile,-8.598695755004883,-6.411793231964111,False
gcsc,mls,near,8132,fox,dog,-8.438213348388672,-6.411793231964111,False
gcsc,mls,near,8141,tractor,truck,-8.251680374145508,-6.411793231964111,False
gcsc,mls,near,8143,camel,cat,-8.163026809692383,-6.411793231964111,False
gcsc,mls,near,8150,fox,cat,-9.054835319519043,-6.411793231964111,False
gcsc,mls,near,8165,pickup_truck,automobile,-7.458845615386963,-6.411793231964111,False
gcsc,mls,near,8169,tractor,airplane,-4.149641036987305,-6.411793231964111,True
gcsc,mls,near,8183,motorcycle,cat,-3.165466547012329,-6.411793231964111,True
gcsc,mls,near,8185,fox,deer,-7.203224182128906,-6.411793231964111,False
gcsc,mls,near,8187,fox,cat,-6.713729381561279,-6.411793231964111,False
gcsc,mls,near,8219,pickup_truck,automobile,-8.208633422851562,-6.411793231964111,False
gcsc,mls,near,8231,camel,horse,-6.718962669372559,-6.411793231964111,False
gcsc,mls,near,8257,motorcycle,dog,-4.8482232093811035,-6.411793231964111,True
gcsc,mls,near,8258,tractor,cat,-5.689283847808838,-6.411793231964111,True
gcsc,mls,near,8300,motorcycle,truck,-6.278115749359131,-6.411793231964111,True
gcsc,mls,near,8310,leopard,frog,-4.687535762786865,-6.411793231964111,True
gcsc,mls,near,8324,leopard,cat,-8.927438735961914,-6.411793231964111,False
gcsc,mls,near,8329,tractor,truck,-5.998772144317627,-6.411793231964111,True
gcsc,mls,near,8334,leopard,frog,-9.502362251281738,-6.411793231964111,False
gcsc,mls,near,8381,fox,frog,-3.8044021129608154,-6.411793231964111,True
gcsc,mls,near,8391,pickup_truck,truck,-8.915544509887695,-6.411793231964111,False
gcsc,mls,near,8405,fox,deer,-6.757019996643066,-6.411793231964111,False
gcsc,mls,near,8407,wolf,cat,-7.794887542724609,-6.411793231964111,False
gcsc,mls,near,8418,wolf,cat,-7.666360855102539,-6.411793231964111,False
gcsc,mls,near,8447,camel,deer,-3.484687566757202,-6.411793231964111,True
gcsc,mls,near,8454,leopard,cat,-8.440363883972168,-6.411793231964111,False
gcsc,mls,near,8455,pickup_truck,automobile,-8.655313491821289,-6.411793231964111,False
gcsc,mls,near,8457,motorcycle,truck,-5.313134670257568,-6.411793231964111,True
gcsc,mls,near,8460,motorcycle,cat,-5.095640182495117,-6.411793231964111,True
gcsc,mls,near,8497,bus,cat,-5.474231719970703,-6.411793231964111,True
gcsc,mls,near,8503,pickup_truck,automobile,-9.331830978393555,-6.411793231964111,False
gcsc,mls,near,8504,leopard,bird,-3.1950747966766357,-6.411793231964111,True
gcsc,mls,near,8519,pickup_truck,automobile,-7.768795967102051,-6.411793231964111,False
gcsc,mls,near,8535,wolf,cat,-7.203090667724609,-6.411793231964111,False
gcsc,mls,near,8580,tractor,truck,-7.117350101470947,-6.411793231964111,False
gcsc,mls,near,8596,bus,truck,-8.922262191772461,-6.411793231964111,False
gcsc,mls,near,8598,camel,deer,-6.251144886016846,-6.411793231964111,True
gcsc,mls,near,8604,camel,deer,-8.433009147644043,-6.411793231964111,False
gcsc,mls,near,8609,bus,truck,-6.534252643585205,-6.411793231964111,False
gcsc,mls,near,8618,fox,cat,-9.118241310119629,-6.411793231964111,False
gcsc,mls,near,8627,motorcycle,automobile,-4.729208946228027,-6.411793231964111,True
gcsc,mls,near,8634,wolf,cat,-8.509922981262207,-6.411793231964111,False
gcsc,mls,near,8648,camel,bird,-7.584117889404297,-6.411793231964111,False
gcsc,mls,near,8655,bus,truck,-11.399175643920898,-6.411793231964111,False
gcsc,mls,near,8663,bus,truck,-6.453667640686035,-6.411793231964111,False
gcsc,mls,near,8672,fox,dog,-5.761175632476807,-6.411793231964111,True
gcsc,mls,near,8693,pickup_truck,truck,-6.642366886138916,-6.411793231964111,False
gcsc,mls,near,8695,leopard,cat,-8.887328147888184,-6.411793231964111,False
gcsc,mls,near,8713,wolf,dog,-8.885839462280273,-6.411793231964111,False
gcsc,mls,near,8715,fox,cat,-7.852579116821289,-6.411793231964111,False
gcsc,mls,near,8717,bus,truck,-6.348118305206299,-6.411793231964111,True
gcsc,mls,near,8731,fox,cat,-9.6890230178833,-6.411793231964111,False
gcsc,mls,near,8732,camel,deer,-3.923433303833008,-6.411793231964111,True
gcsc,mls,near,8735,fox,cat,-8.108601570129395,-6.411793231964111,False
gcsc,mls,near,8762,fox,cat,-4.916306972503662,-6.411793231964111,True
gcsc,mls,near,8763,motorcycle,truck,-5.488707542419434,-6.411793231964111,True
gcsc,mls,near,8774,leopard,cat,-8.236613273620605,-6.411793231964111,False
gcsc,mls,near,8780,camel,horse,-4.440707206726074,-6.411793231964111,True
gcsc,mls,near,8800,camel,horse,-4.884087562561035,-6.411793231964111,True
gcsc,mls,near,8834,camel,dog,-9.58405590057373,-6.411793231964111,False
gcsc,mls,near,8904,leopard,frog,-11.039185523986816,-6.411793231964111,False
gcsc,mls,near,8906,tractor,ship,-4.343574047088623,-6.411793231964111,True
gcsc,mls,near,8918,wolf,dog,-6.958436012268066,-6.411793231964111,False
gcsc,mls,near,8920,bus,truck,-5.738077163696289,-6.411793231964111,True
gcsc,mls,near,8929,motorcycle,truck,-5.654425144195557,-6.411793231964111,True
gcsc,mls,near,8942,tractor,truck,-4.188276290893555,-6.411793231964111,True
gcsc,mls,near,8944,pickup_truck,airplane,-5.154340744018555,-6.411793231964111,True
gcsc,mls,near,8947,pickup_truck,truck,-5.436509132385254,-6.411793231964111,True
gcsc,mls,near,8953,pickup_truck,automobile,-8.384371757507324,-6.411793231964111,False
gcsc,mls,near,8958,bus,automobile,-8.751575469970703,-6.411793231964111,False
gcsc,mls,near,8960,wolf,deer,-5.867610454559326,-6.411793231964111,True
gcsc,mls,near,8966,pickup_truck,automobile,-9.267990112304688,-6.411793231964111,False
gcsc,mls,near,8981,motorcycle,truck,-7.48687744140625,-6.411793231964111,False
gcsc,mls,near,8996,tractor,ship,-10.619428634643555,-6.411793231964111,False
gcsc,mls,near,9007,motorcycle,frog,-4.352309226989746,-6.411793231964111,True
gcsc,mls,near,9014,camel,dog,-6.646745204925537,-6.411793231964111,False
gcsc,mls,near,9017,motorcycle,automobile,-4.145673751831055,-6.411793231964111,True
gcsc,mls,near,9019,tractor,truck,-8.462013244628906,-6.411793231964111,False
gcsc,mls,near,9027,bus,truck,-4.817237377166748,-6.411793231964111,True
gcsc,mls,near,9030,pickup_truck,truck,-6.398200511932373,-6.411793231964111,True
gcsc,mls,near,9039,tractor,truck,-8.331836700439453,-6.411793231964111,False
gcsc,mls,near,9058,leopard,cat,-4.403201580047607,-6.411793231964111,True
gcsc,mls,near,9081,pickup_truck,automobile,-9.856164932250977,-6.411793231964111,False
gcsc,mls,near,9093,camel,bird,-6.7620110511779785,-6.411793231964111,False
gcsc,mls,near,9110,camel,horse,-5.889711856842041,-6.411793231964111,True
gcsc,mls,near,9142,camel,horse,-9.487630844116211,-6.411793231964111,False
gcsc,mls,near,9148,fox,cat,-9.655216217041016,-6.411793231964111,False
gcsc,mls,near,9187,leopard,cat,-10.96355152130127,-6.411793231964111,False
gcsc,mls,near,9203,tractor,truck,-6.776361465454102,-6.411793231964111,False
gcsc,mls,near,9205,motorcycle,automobile,-7.225011825561523,-6.411793231964111,False
gcsc,mls,near,9231,wolf,dog,-9.564278602600098,-6.411793231964111,False
gcsc,mls,near,9232,bus,truck,-12.41322135925293,-6.411793231964111,False
gcsc,mls,near,9238,leopard,frog,-7.228415012359619,-6.411793231964111,False
gcsc,mls,near,9252,bus,ship,-8.535374641418457,-6.411793231964111,False
gcsc,mls,near,9259,tractor,truck,-6.06110143661499,-6.411793231964111,True
gcsc,mls,near,9261,leopard,frog,-9.583364486694336,-6.411793231964111,False
gcsc,mls,near,9266,camel,dog,-7.287884712219238,-6.411793231964111,False
gcsc,mls,near,9276,motorcycle,airplane,-5.874969482421875,-6.411793231964111,True
gcsc,mls,near,9288,tractor,truck,-8.194835662841797,-6.411793231964111,False
gcsc,mls,near,9317,wolf,cat,-5.542918682098389,-6.411793231964111,True
gcsc,mls,near,9318,leopard,cat,-8.310046195983887,-6.411793231964111,False
gcsc,mls,near,9345,motorcycle,truck,-6.569043159484863,-6.411793231964111,False
gcsc,mls,near,9346,wolf,dog,-6.170280456542969,-6.411793231964111,True
gcsc,mls,near,9362,camel,horse,-5.969067096710205,-6.411793231964111,True
gcsc,mls,near,9368,pickup_truck,truck,-11.096899032592773,-6.411793231964111,False
gcsc,mls,near,9377,pickup_truck,automobile,-6.3812103271484375,-6.411793231964111,True
gcsc,mls,near,9388,pickup_truck,automobile,-9.586694717407227,-6.411793231964111,False
gcsc,mls,near,9395,tractor,horse,-4.108989715576172,-6.411793231964111,True
gcsc,mls,near,9406,leopard,cat,-8.6251802444458,-6.411793231964111,False
gcsc,mls,near,9412,camel,cat,-8.117379188537598,-6.411793231964111,False
gcsc,mls,near,9429,pickup_truck,automobile,-10.051627159118652,-6.411793231964111,False
gcsc,mls,near,9447,pickup_truck,automobile,-9.17126178741455,-6.411793231964111,False
gcsc,mls,near,9453,fox,cat,-10.14356517791748,-6.411793231964111,False
gcsc,mls,near,9496,fox,dog,-6.550048828125,-6.411793231964111,False
gcsc,mls,near,9504,pickup_truck,truck,-6.072822093963623,-6.411793231964111,True
gcsc,mls,near,9531,camel,dog,-6.425987720489502,-6.411793231964111,False
gcsc,mls,near,9546,bus,truck,-5.715117454528809,-6.411793231964111,True
gcsc,mls,near,9572,bus,truck,-7.612964153289795,-6.411793231964111,False
gcsc,mls,near,9575,leopard,frog,-10.361357688903809,-6.411793231964111,False
gcsc,mls,near,9587,wolf,cat,-8.552250862121582,-6.411793231964111,False
gcsc,mls,near,9611,camel,deer,-8.409411430358887,-6.411793231964111,False
gcsc,mls,near,9612,leopard,cat,-7.557863235473633,-6.411793231964111,False
gcsc,mls,near,9647,camel,horse,-6.7049736976623535,-6.411793231964111,False
gcsc,mls,near,9654,motorcycle,cat,-3.4183309078216553,-6.411793231964111,True
gcsc,mls,near,9662,pickup_truck,automobile,-8.622245788574219,-6.411793231964111,False
gcsc,mls,near,9673,tractor,truck,-5.7955193519592285,-6.411793231964111,True
gcsc,mls,near,9676,pickup_truck,truck,-7.1311726570129395,-6.411793231964111,False
gcsc,mls,near,9686,fox,cat,-3.2268917560577393,-6.411793231964111,True
gcsc,mls,near,9704,tractor,truck,-9.998355865478516,-6.411793231964111,False
gcsc,mls,near,9708,tractor,dog,-2.9325311183929443,-6.411793231964111,True
gcsc,mls,near,9743,camel,dog,-4.4914326667785645,-6.411793231964111,True
gcsc,mls,near,9768,wolf,cat,-8.296818733215332,-6.411793231964111,False
gcsc,mls,near,9790,wolf,cat,-8.997872352600098,-6.411793231964111,False
gcsc,mls,near,9807,tractor,automobile,-8.165005683898926,-6.411793231964111,False
gcsc,mls,near,9815,bus,automobile,-8.186905860900879,-6.411793231964111,False
gcsc,mls,near,9833,motorcycle,automobile,-6.3776936531066895,-6.411793231964111,True
gcsc,mls,near,9835,bus,truck,-10.126275062561035,-6.411793231964111,False
gcsc,mls,near,9842,fox,deer,-7.404836654663086,-6.411793231964111,False
gcsc,mls,near,9871,pickup_truck,truck,-9.05570125579834,-6.411793231964111,False
gcsc,mls,near,9878,pickup_truck,automobile,-9.451152801513672,-6.411793231964111,False
gcsc,mls,near,9880,pickup_truck,truck,-10.184240341186523,-6.411793231964111,False
gcsc,mls,near,9886,wolf,cat,-6.603423118591309,-6.411793231964111,False
gcsc,mls,near,9914,leopard,deer,-5.841437816619873,-6.411793231964111,True
gcsc,mls,near,9922,tractor,truck,-4.613156318664551,-6.411793231964111,True
gcsc,mls,near,9927,pickup_truck,automobile,-9.451026916503906,-6.411793231964111,False
gcsc,mls,near,9930,bus,truck,-8.129524230957031,-6.411793231964111,False
gcsc,mls,near,9936,leopard,cat,-5.668977737426758,-6.411793231964111,True
gcsc,mls,near,9942,wolf,dog,-7.41563606262207,-6.411793231964111,False
gcsc,mls,near,9948,wolf,deer,-7.3513970375061035,-6.411793231964111,False
gcsc,mls,near,9965,wolf,dog,-6.233972072601318,-6.411793231964111,True
gcsc,mls,near,9969,tractor,deer,-4.005548000335693,-6.411793231964111,True
gcsc,mls,near,9998,leopard,cat,-7.973115921020508,-6.411793231964111,False
gcsc,mls,far,3,mushroom,cat,-3.3260512351989746,-6.411793231964111,True
gcsc,mls,far,26,keyboard,horse,-3.665496349334717,-6.411793231964111,True
gcsc,mls,far,30,chair,cat,-5.523079872131348,-6.411793231964111,True
gcsc,mls,far,45,clock,cat,-6.249438285827637,-6.411793231964111,True
gcsc,mls,far,52,bottle,bird,-4.95552921295166,-6.411793231964111,True
gcsc,mls,far,67,sunflower,dog,-6.078237533569336,-6.411793231964111,True
gcsc,mls,far,76,sunflower,deer,-3.2521371841430664,-6.411793231964111,True
gcsc,mls,far,77,bowl,truck,-8.450997352600098,-6.411793231964111,False
gcsc,mls,far,79,clock,cat,-5.317477226257324,-6.411793231964111,True
gcsc,mls,far,90,clock,cat,-8.29493236541748,-6.411793231964111,False
gcsc,mls,far,111,chair,dog,-2.820286989212036,-6.411793231964111,True
gcsc,mls,far,114,bottle,dog,-5.5585808753967285,-6.411793231964111,True
gcsc,mls,far,121,bowl,bird,-6.491422653198242,-6.411793231964111,False
gcsc,mls,far,125,chair,cat,-8.623380661010742,-6.411793231964111,False
gcsc,mls,far,147,keyboard,frog,-5.659633159637451,-6.411793231964111,True
gcsc,mls,far,148,mushroom,bird,-6.308150291442871,-6.411793231964111,True
gcsc,mls,far,157,chair,cat,-6.246493339538574,-6.411793231964111,True
gcsc,mls,far,163,bowl,automobile,-4.648336410522461,-6.411793231964111,True
gcsc,mls,far,168,mushroom,frog,-5.41403865814209,-6.411793231964111,True
gcsc,mls,far,170,bottle,ship,-4.616030693054199,-6.411793231964111,True
gcsc,mls,far,180,keyboard,cat,-7.308677673339844,-6.411793231964111,False
gcsc,mls,far,182,clock,automobile,-3.1362056732177734,-6.411793231964111,True
gcsc,mls,far,194,wardrobe,cat,-8.011378288269043,-6.411793231964111,False
gcsc,mls,far,220,wardrobe,truck,-6.940394878387451,-6.411793231964111,False
gcsc,mls,far,238,sunflower,dog,-6.083892822265625,-6.411793231964111,True
gcsc,mls,far,249,keyboard,cat,-2.920217752456665,-6.411793231964111,True
gcsc,mls,far,271,mushroom,bird,-7.17327356338501,-6.411793231964111,False
gcsc,mls,far,318,bowl,cat,-9.08398723602295,-6.411793231964111,False
gcsc,mls,far,328,wardrobe,truck,-7.207418441772461,-6.411793231964111,False
gcsc,mls,far,340,bottle,truck,-6.101873874664307,-6.411793231964111,True
gcsc,mls,far,348,bowl,dog,-4.719306468963623,-6.411793231964111,True
gcsc,mls,far,349,bowl,cat,-5.073423385620117,-6.411793231964111,True
gcsc,mls,far,361,keyboard,frog,-3.2001569271087646,-6.411793231964111,True
gcsc,mls,far,363,wardrobe,truck,-7.903647422790527,-6.411793231964111,False
gcsc,mls,far,365,bowl,frog,-5.644719123840332,-6.411793231964111,True
gcsc,mls,far,378,wardrobe,cat,-7.305567264556885,-6.411793231964111,False
gcsc,mls,far,427,bowl,automobile,-7.033463001251221,-6.411793231964111,False
gcsc,mls,far,433,mushroom,bird,-5.70191764831543,-6.411793231964111,True
gcsc,mls,far,439,bowl,cat,-7.5471930503845215,-6.411793231964111,False
gcsc,mls,far,447,clock,cat,-6.549079895019531,-6.411793231964111,False
gcsc,mls,far,450,clock,ship,-6.55064058303833,-6.411793231964111,False
gcsc,mls,far,451,clock,cat,-6.5626420974731445,-6.411793231964111,False
gcsc,mls,far,452,bowl,automobile,-8.755441665649414,-6.411793231964111,False
gcsc,mls,far,455,bottle,truck,-3.9668335914611816,-6.411793231964111,True
gcsc,mls,far,562,chair,truck,-8.274523735046387,-6.411793231964111,False
gcsc,mls,far,575,bottle,ship,-3.1630005836486816,-6.411793231964111,True
gcsc,mls,far,582,sunflower,bird,-4.868557929992676,-6.411793231964111,True
gcsc,mls,far,583,clock,cat,-7.678522109985352,-6.411793231964111,False
gcsc,mls,far,588,bowl,ship,-9.20608139038086,-6.411793231964111,False
gcsc,mls,far,594,bottle,truck,-2.6499950885772705,-6.411793231964111,True
gcsc,mls,far,599,keyboard,cat,-2.8663291931152344,-6.411793231964111,True
gcsc,mls,far,611,sunflower,dog,-5.445199966430664,-6.411793231964111,True
gcsc,mls,far,613,chair,cat,-5.099007606506348,-6.411793231964111,True
gcsc,mls,far,618,clock,ship,-6.407578468322754,-6.411793231964111,True
gcsc,mls,far,621,keyboard,bird,-5.435218811035156,-6.411793231964111,True
gcsc,mls,far,629,sunflower,dog,-5.684994697570801,-6.411793231964111,True
gcsc,mls,far,645,sunflower,dog,-4.494052886962891,-6.411793231964111,True
gcsc,mls,far,647,wardrobe,cat,-8.935096740722656,-6.411793231964111,False
gcsc,mls,far,649,clock,truck,-6.964483261108398,-6.411793231964111,False
gcsc,mls,far,662,wardrobe,cat,-4.196681499481201,-6.411793231964111,True
gcsc,mls,far,665,sunflower,airplane,-4.742483139038086,-6.411793231964111,True
gcsc,mls,far,703,bowl,ship,-7.452812194824219,-6.411793231964111,False
gcsc,mls,far,714,sunflower,bird,-7.7049150466918945,-6.411793231964111,False
gcsc,mls,far,734,wardrobe,cat,-7.417208671569824,-6.411793231964111,False
gcsc,mls,far,749,sunflower,dog,-7.588890075683594,-6.411793231964111,False
gcsc,mls,far,771,keyboard,horse,-5.603548526763916,-6.411793231964111,True
gcsc,mls,far,786,clock,automobile,-8.399436950683594,-6.411793231964111,False
gcsc,mls,far,788,sunflower,dog,-5.156277656555176,-6.411793231964111,True
gcsc,mls,far,797,wardrobe,truck,-8.149641990661621,-6.411793231964111,False
gcsc,mls,far,806,bowl,cat,-7.101722717285156,-6.411793231964111,False
gcsc,mls,far,823,clock,cat,-6.115560531616211,-6.411793231964111,True
gcsc,mls,far,839,keyboard,cat,-5.176177978515625,-6.411793231964111,True
gcsc,mls,far,840,chair,ship,-4.978806972503662,-6.411793231964111,True
gcsc,mls,far,864,bottle,truck,-3.415454864501953,-6.411793231964111,True
gcsc,mls,far,865,bowl,ship,-5.729618072509766,-6.411793231964111,True
gcsc,mls,far,870,clock,dog,-3.515781879425049,-6.411793231964111,True
gcsc,mls,far,874,bowl,automobile,-6.603612899780273,-6.411793231964111,False
gcsc,mls,far,880,chair,cat,-8.101595878601074,-6.411793231964111,False
gcsc,mls,far,909,mushroom,cat,-6.036133289337158,-6.411793231964111,True
gcsc,mls,far,911,keyboard,truck,-9.46453857421875,-6.411793231964111,False
gcsc,mls,far,932,bottle,cat,-9.353727340698242,-6.411793231964111,False
gcsc,mls,far,934,clock,cat,-8.09729290008545,-6.411793231964111,False
gcsc,mls,far,953,mushroom,bird,-5.716493606567383,-6.411793231964111,True
gcsc,mls,far,954,bowl,cat,-3.7425878047943115,-6.411793231964111,True
gcsc,mls,far,963,mushroom,deer,-4.961913108825684,-6.411793231964111,True
gcsc,mls,far,976,sunflower,truck,-4.467779636383057,-6.411793231964111,True
gcsc,mls,far,997,bottle,ship,-6.022582530975342,-6.411793231964111,True
gcsc,mls,far,1002,wardrobe,cat,-5.979811668395996,-6.411793231964111,True
gcsc,mls,far,1015,bottle,truck,-3.6400258541107178,-6.411793231964111,True
gcsc,mls,far,1032,mushroom,bird,-7.737401008605957,-6.411793231964111,False
gcsc,mls,far,1041,bowl,frog,-5.667462348937988,-6.411793231964111,True
gcsc,mls,far,1045,bottle,bird,-5.342583179473877,-6.411793231964111,True
gcsc,mls,far,1052,keyboard,cat,-7.239044666290283,-6.411793231964111,False
gcsc,mls,far,1054,chair,airplane,-2.566988945007324,-6.411793231964111,True
gcsc,mls,far,1076,chair,truck,-4.274508476257324,-6.411793231964111,True
gcsc,mls,far,1097,sunflower,cat,-3.0802829265594482,-6.411793231964111,True
gcsc,mls,far,1122,sunflower,frog,-3.3209729194641113,-6.411793231964111,True
gcsc,mls,far,1130,bottle,truck,-5.5412278175354,-6.411793231964111,True
gcsc,mls,far,1135,bottle,cat,-3.318786859512329,-6.411793231964111,True
gcsc,mls,far,1138,mushroom,bird,-6.449479103088379,-6.411793231964111,False
gcsc,mls,far,1163,clock,truck,-7.747374057769775,-6.411793231964111,False
gcsc,mls,far,1175,mushroom,dog,-7.599822044372559,-6.411793231964111,False
gcsc,mls,far,1196,mushroom,frog,-9.79447078704834,-6.411793231964111,False
gcsc,mls,far,1231,sunflower,bird,-9.10132884979248,-6.411793231964111,False
gcsc,mls,far,1264,keyboard,bird,-7.1513495445251465,-6.411793231964111,False
gcsc,mls,far,1273,mushroom,bird,-5.514801979064941,-6.411793231964111,True
gcsc,mls,far,1310,clock,automobile,-4.38915491104126,-6.411793231964111,True
gcsc,mls,far,1318,bottle,cat,-7.3904924392700195,-6.411793231964111,False
gcsc,mls,far,1341,chair,cat,-3.459611415863037,-6.411793231964111,True
gcsc,mls,far,1362,wardrobe,cat,-7.531918525695801,-6.411793231964111,False
gcsc,mls,far,1410,bowl,automobile,-6.063699245452881,-6.411793231964111,True
gcsc,mls,far,1415,wardrobe,truck,-8.140030860900879,-6.411793231964111,False
gcsc,mls,far,1428,clock,automobile,-7.271583080291748,-6.411793231964111,False
gcsc,mls,far,1429,bottle,bird,-5.754112243652344,-6.411793231964111,True
gcsc,mls,far,1434,chair,cat,-6.034389495849609,-6.411793231964111,True
gcsc,mls,far,1438,bottle,airplane,-5.343167304992676,-6.411793231964111,True
gcsc,mls,far,1448,bowl,bird,-5.490407466888428,-6.411793231964111,True
gcsc,mls,far,1454,mushroom,bird,-10.068696975708008,-6.411793231964111,False
gcsc,mls,far,1470,wardrobe,cat,-6.114982604980469,-6.411793231964111,True
gcsc,mls,far,1484,mushroom,bird,-5.829314231872559,-6.411793231964111,True
gcsc,mls,far,1487,bottle,cat,-5.939631938934326,-6.411793231964111,True
gcsc,mls,far,1495,keyboard,cat,-4.998308181762695,-6.411793231964111,True
gcsc,mls,far,1508,wardrobe,truck,-6.656603813171387,-6.411793231964111,False
gcsc,mls,far,1514,bottle,ship,-4.318340301513672,-6.411793231964111,True
gcsc,mls,far,1525,chair,truck,-5.963547229766846,-6.411793231964111,True
gcsc,mls,far,1542,sunflower,bird,-6.176329135894775,-6.411793231964111,True
gcsc,mls,far,1546,keyboard,ship,-4.0819010734558105,-6.411793231964111,True
gcsc,mls,far,1557,bowl,bird,-5.715732574462891,-6.411793231964111,True
gcsc,mls,far,1560,clock,dog,-8.259230613708496,-6.411793231964111,False
gcsc,mls,far,1562,bottle,bird,-7.212968349456787,-6.411793231964111,False
gcsc,mls,far,1586,clock,truck,-10.912149429321289,-6.411793231964111,False
gcsc,mls,far,1599,keyboard,truck,-4.332287788391113,-6.411793231964111,True
gcsc,mls,far,1610,chair,truck,-6.433984279632568,-6.411793231964111,False
gcsc,mls,far,1641,wardrobe,cat,-5.980294227600098,-6.411793231964111,True
gcsc,mls,far,1642,keyboard,airplane,-5.513474464416504,-6.411793231964111,True
gcsc,mls,far,1652,chair,airplane,-5.217214584350586,-6.411793231964111,True
gcsc,mls,far,1674,chair,airplane,-7.024538040161133,-6.411793231964111,False
gcsc,mls,far,1680,bowl,cat,-5.236843109130859,-6.411793231964111,True
gcsc,mls,far,1696,bowl,cat,-9.719159126281738,-6.411793231964111,False
gcsc,mls,far,1713,sunflower,cat,-4.029394149780273,-6.411793231964111,True
gcsc,mls,far,1714,bowl,automobile,-3.8921470642089844,-6.411793231964111,True
gcsc,mls,far,1740,chair,cat,-3.092420816421509,-6.411793231964111,True
gcsc,mls,far,1760,mushroom,bird,-6.888669967651367,-6.411793231964111,False
gcsc,mls,far,1781,sunflower,cat,-5.045215606689453,-6.411793231964111,True
gcsc,mls,far,1782,mushroom,bird,-6.301722526550293,-6.411793231964111,True
gcsc,mls,far,1789,chair,cat,-2.2831153869628906,-6.411793231964111,True
gcsc,mls,far,1792,chair,cat,-8.225173950195312,-6.411793231964111,False
gcsc,mls,far,1806,clock,cat,-7.4129204750061035,-6.411793231964111,False
gcsc,mls,far,1807,clock,automobile,-3.1663599014282227,-6.411793231964111,True
gcsc,mls,far,1809,bowl,frog,-3.7255728244781494,-6.411793231964111,True
gcsc,mls,far,1818,sunflower,deer,-4.22545862197876,-6.411793231964111,True
gcsc,mls,far,1820,mushroom,frog,-8.890832901000977,-6.411793231964111,False
gcsc,mls,far,1837,wardrobe,truck,-4.5336408615112305,-6.411793231964111,True
gcsc,mls,far,1862,wardrobe,cat,-7.283624649047852,-6.411793231964111,False
gcsc,mls,far,1865,bowl,cat,-7.382555961608887,-6.411793231964111,False
gcsc,mls,far,1875,clock,dog,-4.9741339683532715,-6.411793231964111,True
gcsc,mls,far,1899,bottle,cat,-5.2516679763793945,-6.411793231964111,True
gcsc,mls,far,1909,wardrobe,cat,-6.608623504638672,-6.411793231964111,False
gcsc,mls,far,1927,clock,truck,-8.045991897583008,-6.411793231964111,False
gcsc,mls,far,1930,clock,airplane,-5.279555320739746,-6.411793231964111,True
gcsc,mls,far,1932,bottle,cat,-6.3873114585876465,-6.411793231964111,True
gcsc,mls,far,1944,wardrobe,truck,-8.069128036499023,-6.411793231964111,False
gcsc,mls,far,1947,chair,truck,-4.410398006439209,-6.411793231964111,True
gcsc,mls,far,1963,keyboard,airplane,-6.2319016456604,-6.411793231964111,True
gcsc,mls,far,1982,clock,automobile,-8.328368186950684,-6.411793231964111,False
gcsc,mls,far,1987,mushroom,dog,-8.060973167419434,-6.411793231964111,False
gcsc,mls,far,2005,mushroom,bird,-6.22666597366333,-6.411793231964111,True
gcsc,mls,far,2011,bottle,cat,-3.83626651763916,-6.411793231964111,True
gcsc,mls,far,2023,keyboard,ship,-5.988012790679932,-6.411793231964111,True
gcsc,mls,far,2037,keyboard,cat,-8.95114517211914,-6.411793231964111,False
gcsc,mls,far,2038,sunflower,truck,-5.791897296905518,-6.411793231964111,True
gcsc,mls,far,2052,keyboard,cat,-6.95460319519043,-6.411793231964111,False
gcsc,mls,far,2055,keyboard,airplane,-7.756720542907715,-6.411793231964111,False
gcsc,mls,far,2086,chair,cat,-5.091583251953125,-6.411793231964111,True
gcsc,mls,far,2108,chair,cat,-3.4598824977874756,-6.411793231964111,True
gcsc,mls,far,2109,bowl,dog,-4.179349422454834,-6.411793231964111,True
gcsc,mls,far,2125,clock,automobile,-6.052837371826172,-6.411793231964111,True
gcsc,mls,far,2134,wardrobe,truck,-7.347752094268799,-6.411793231964111,False
gcsc,mls,far,2152,chair,bird,-6.3538713455200195,-6.411793231964111,True
gcsc,mls,far,2161,chair,truck,-4.41633939743042,-6.411793231964111,True
gcsc,mls,far,2169,clock,frog,-4.595758438110352,-6.411793231964111,True
gcsc,mls,far,2176,bowl,ship,-9.378777503967285,-6.411793231964111,False
gcsc,mls,far,2181,keyboard,bird,-4.862622261047363,-6.411793231964111,True
gcsc,mls,far,2189,clock,cat,-5.4509758949279785,-6.411793231964111,True
gcsc,mls,far,2200,mushroom,deer,-7.414085865020752,-6.411793231964111,False
gcsc,mls,far,2207,clock,cat,-2.1138241291046143,-6.411793231964111,True
gcsc,mls,far,2213,clock,automobile,-5.347691059112549,-6.411793231964111,True
gcsc,mls,far,2223,clock,ship,-6.441816329956055,-6.411793231964111,False
gcsc,mls,far,2232,mushroom,bird,-6.23697566986084,-6.411793231964111,True
gcsc,mls,far,2243,sunflower,frog,-4.198355674743652,-6.411793231964111,True
gcsc,mls,far,2269,chair,dog,-4.67938232421875,-6.411793231964111,True
gcsc,mls,far,2295,bowl,airplane,-6.751774787902832,-6.411793231964111,False
gcsc,mls,far,2300,bowl,bird,-8.09892463684082,-6.411793231964111,False
gcsc,mls,far,2302,bowl,frog,-6.103753089904785,-6.411793231964111,True
gcsc,mls,far,2314,bottle,automobile,-7.126035213470459,-6.411793231964111,False
gcsc,mls,far,2332,mushroom,bird,-5.752239227294922,-6.411793231964111,True
gcsc,mls,far,2384,mushroom,cat,-7.936081409454346,-6.411793231964111,False
gcsc,mls,far,2386,chair,cat,-7.9285149574279785,-6.411793231964111,False
gcsc,mls,far,2389,chair,cat,-5.2385053634643555,-6.411793231964111,True
gcsc,mls,far,2425,bowl,cat,-8.39591121673584,-6.411793231964111,False
gcsc,mls,far,2428,bottle,cat,-5.052412986755371,-6.411793231964111,True
gcsc,mls,far,2432,wardrobe,truck,-9.577203750610352,-6.411793231964111,False
gcsc,mls,far,2446,sunflower,frog,-6.3787312507629395,-6.411793231964111,True
gcsc,mls,far,2453,wardrobe,bird,-4.604902267456055,-6.411793231964111,True
gcsc,mls,far,2463,clock,ship,-6.741003036499023,-6.411793231964111,False
gcsc,mls,far,2470,chair,airplane,-4.458192825317383,-6.411793231964111,True
gcsc,mls,far,2475,clock,truck,-6.731592655181885,-6.411793231964111,False
gcsc,mls,far,2487,clock,cat,-4.34095573425293,-6.411793231964111,True
gcsc,mls,far,2510,bottle,ship,-4.764695167541504,-6.411793231964111,True
gcsc,mls,far,2533,clock,cat,-5.272059440612793,-6.411793231964111,True
gcsc,mls,far,2545,sunflower,dog,-6.936000823974609,-6.411793231964111,False
gcsc,mls,far,2550,bottle,truck,-4.816323280334473,-6.411793231964111,True
gcsc,mls,far,2557,wardrobe,cat,-4.393495559692383,-6.411793231964111,True
gcsc,mls,far,2562,keyboard,cat,-5.275363922119141,-6.411793231964111,True
gcsc,mls,far,2576,chair,truck,-10.943584442138672,-6.411793231964111,False
gcsc,mls,far,2577,chair,bird,-4.350367546081543,-6.411793231964111,True
gcsc,mls,far,2579,mushroom,bird,-6.472283363342285,-6.411793231964111,False
gcsc,mls,far,2586,clock,cat,-6.3636932373046875,-6.411793231964111,True
gcsc,mls,far,2620,mushroom,bird,-9.535886764526367,-6.411793231964111,False
gcsc,mls,far,2627,keyboard,dog,-4.936439037322998,-6.411793231964111,True
gcsc,mls,far,2650,keyboard,cat,-3.4261066913604736,-6.411793231964111,True
gcsc,mls,far,2656,bowl,cat,-9.566899299621582,-6.411793231964111,False
gcsc,mls,far,2661,chair,truck,-3.911703586578369,-6.411793231964111,True
gcsc,mls,far,2670,bowl,dog,-6.728885173797607,-6.411793231964111,False
gcsc,mls,far,2684,chair,airplane,-5.636438846588135,-6.411793231964111,True
gcsc,mls,far,2715,wardrobe,truck,-9.588590621948242,-6.411793231964111,False
gcsc,mls,far,2729,keyboard,truck,-10.899809837341309,-6.411793231964111,False
gcsc,mls,far,2740,sunflower,bird,-4.974164009094238,-6.411793231964111,True
gcsc,mls,far,2790,bowl,bird,-3.741643190383911,-6.411793231964111,True
gcsc,mls,far,2797,bowl,cat,-8.663918495178223,-6.411793231964111,False
gcsc,mls,far,2802,chair,airplane,-3.9593393802642822,-6.411793231964111,True
gcsc,mls,far,2811,sunflower,frog,-4.55458927154541,-6.411793231964111,True
gcsc,mls,far,2815,clock,cat,-7.262826442718506,-6.411793231964111,False
gcsc,mls,far,2822,bottle,ship,-4.623690128326416,-6.411793231964111,True
gcsc,mls,far,2831,sunflower,frog,-8.132413864135742,-6.411793231964111,False
gcsc,mls,far,2836,clock,ship,-5.258893013000488,-6.411793231964111,True
gcsc,mls,far,2856,sunflower,cat,-3.3723413944244385,-6.411793231964111,True
gcsc,mls,far,2915,wardrobe,truck,-10.260558128356934,-6.411793231964111,False
gcsc,mls,far,2917,chair,airplane,-3.4807822704315186,-6.411793231964111,True
gcsc,mls,far,2936,clock,cat,-8.320511817932129,-6.411793231964111,False
gcsc,mls,far,2937,mushroom,frog,-7.209731101989746,-6.411793231964111,False
gcsc,mls,far,2945,clock,cat,-4.175585746765137,-6.411793231964111,True
gcsc,mls,far,2963,bottle,cat,-4.5539984703063965,-6.411793231964111,True
gcsc,mls,far,2965,chair,airplane,-7.1000261306762695,-6.411793231964111,False
gcsc,mls,far,2972,sunflower,cat,-7.563403606414795,-6.411793231964111,False
gcsc,mls,far,2980,mushroom,dog,-6.702210426330566,-6.411793231964111,False
gcsc,mls,far,2989,sunflower,bird,-5.14931583404541,-6.411793231964111,True
gcsc,mls,far,2993,bottle,cat,-4.727901935577393,-6.411793231964111,True
gcsc,mls,far,3011,bottle,dog,-5.0345659255981445,-6.411793231964111,True
gcsc,mls,far,3015,wardrobe,cat,-7.680778503417969,-6.411793231964111,False
gcsc,mls,far,3039,mushroom,frog,-10.354608535766602,-6.411793231964111,False
gcsc,mls,far,3053,wardrobe,cat,-5.4796881675720215,-6.411793231964111,True
gcsc,mls,far,3078,bowl,cat,-6.641037940979004,-6.411793231964111,False
gcsc,mls,far,3089,sunflower,dog,-6.975191593170166,-6.411793231964111,False
gcsc,mls,far,3091,bowl,ship,-4.4524149894714355,-6.411793231964111,True
gcsc,mls,far,3095,bowl,ship,-4.753684997558594,-6.411793231964111,True
gcsc,mls,far,3115,sunflower,cat,-5.8205389976501465,-6.411793231964111,True
gcsc,mls,far,3122,bottle,cat,-6.367168426513672,-6.411793231964111,True
gcsc,mls,far,3139,keyboard,automobile,-5.868403434753418,-6.411793231964111,True
gcsc,mls,far,3149,wardrobe,truck,-10.066574096679688,-6.411793231964111,False
gcsc,mls,far,3186,chair,airplane,-9.440543174743652,-6.411793231964111,False
gcsc,mls,far,3203,chair,truck,-5.231239318847656,-6.411793231964111,True
gcsc,mls,far,3209,bowl,dog,-7.124291896820068,-6.411793231964111,False
gcsc,mls,far,3210,clock,automobile,-7.708797454833984,-6.411793231964111,False
gcsc,mls,far,3216,bottle,ship,-2.2554001808166504,-6.411793231964111,True
gcsc,mls,far,3232,bottle,ship,-4.2218098640441895,-6.411793231964111,True
gcsc,mls,far,3247,keyboard,truck,-10.175432205200195,-6.411793231964111,False
gcsc,mls,far,3253,bowl,cat,-5.481906890869141,-6.411793231964111,True
gcsc,mls,far,3282,clock,automobile,-6.412548542022705,-6.411793231964111,False
gcsc,mls,far,3286,chair,automobile,-7.838186264038086,-6.411793231964111,False
gcsc,mls,far,3293,chair,airplane,-7.270173072814941,-6.411793231964111,False
gcsc,mls,far,3298,keyboard,airplane,-4.0320000648498535,-6.411793231964111,True
gcsc,mls,far,3299,chair,bird,-8.06297492980957,-6.411793231964111,False
gcsc,mls,far,3304,bowl,bird,-7.241559982299805,-6.411793231964111,False
gcsc,mls,far,3305,mushroom,frog,-7.403120517730713,-6.411793231964111,False
gcsc,mls,far,3316,bottle,cat,-6.372718811035156,-6.411793231964111,True
gcsc,mls,far,3317,chair,airplane,-7.592372894287109,-6.411793231964111,False
gcsc,mls,far,3322,chair,ship,-4.799119472503662,-6.411793231964111,True
gcsc,mls,far,3337,mushroom,deer,-4.033283233642578,-6.411793231964111,True
gcsc,mls,far,3347,keyboard,cat,-7.142626762390137,-6.411793231964111,False
gcsc,mls,far,3348,bowl,cat,-6.380999565124512,-6.411793231964111,True
gcsc,mls,far,3349,chair,truck,-6.350557804107666,-6.411793231964111,True
gcsc,mls,far,3350,bottle,airplane,-4.072796821594238,-6.411793231964111,True
gcsc,mls,far,3352,mushroom,bird,-10.589424133300781,-6.411793231964111,False
gcsc,mls,far,3373,bowl,automobile,-4.305743217468262,-6.411793231964111,True
gcsc,mls,far,3378,wardrobe,cat,-8.178423881530762,-6.411793231964111,False
gcsc,mls,far,3386,sunflower,cat,-9.25472354888916,-6.411793231964111,False
gcsc,mls,far,3402,sunflower,cat,-6.082715034484863,-6.411793231964111,True
gcsc,mls,far,3409,chair,airplane,-5.714641571044922,-6.411793231964111,True
gcsc,mls,far,3429,sunflower,cat,-5.099237442016602,-6.411793231964111,True
gcsc,mls,far,3444,bottle,automobile,-3.025113105773926,-6.411793231964111,True
gcsc,mls,far,3470,keyboard,airplane,-5.854499816894531,-6.411793231964111,True
gcsc,mls,far,3493,mushroom,frog,-6.110934734344482,-6.411793231964111,True
gcsc,mls,far,3502,mushroom,frog,-9.029084205627441,-6.411793231964111,False
gcsc,mls,far,3507,bowl,cat,-5.683075904846191,-6.411793231964111,True
gcsc,mls,far,3548,bottle,ship,-5.414258003234863,-6.411793231964111,True
gcsc,mls,far,3559,sunflower,truck,-2.730729579925537,-6.411793231964111,True
gcsc,mls,far,3568,chair,bird,-6.81821346282959,-6.411793231964111,False
gcsc,mls,far,3579,keyboard,bird,-5.122933387756348,-6.411793231964111,True
gcsc,mls,far,3586,keyboard,cat,-11.65804386138916,-6.411793231964111,False
gcsc,mls,far,3609,wardrobe,cat,-5.102875709533691,-6.411793231964111,True
gcsc,mls,far,3636,mushroom,cat,-9.96325969696045,-6.411793231964111,False
gcsc,mls,far,3659,clock,frog,-5.4322943687438965,-6.411793231964111,True
gcsc,mls,far,3683,clock,cat,-8.330947875976562,-6.411793231964111,False
gcsc,mls,far,3684,mushroom,frog,-6.715116500854492,-6.411793231964111,False
gcsc,mls,far,3693,keyboard,automobile,-7.951263427734375,-6.411793231964111,False
gcsc,mls,far,3702,wardrobe,cat,-5.656915664672852,-6.411793231964111,True
gcsc,mls,far,3705,wardrobe,truck,-8.60145092010498,-6.411793231964111,False
gcsc,mls,far,3716,keyboard,horse,-4.310857772827148,-6.411793231964111,True
gcsc,mls,far,3728,bowl,cat,-8.18871784210205,-6.411793231964111,False
gcsc,mls,far,3730,bowl,cat,-8.037836074829102,-6.411793231964111,False
gcsc,mls,far,3734,mushroom,bird,-5.974358081817627,-6.411793231964111,True
gcsc,mls,far,3742,mushroom,cat,-4.43083381652832,-6.411793231964111,True
gcsc,mls,far,3759,mushroom,bird,-3.719256639480591,-6.411793231964111,True
gcsc,mls,far,3765,bowl,ship,-7.486608505249023,-6.411793231964111,False
gcsc,mls,far,3770,sunflower,bird,-4.164715766906738,-6.411793231964111,True
gcsc,mls,far,3787,wardrobe,truck,-6.181911945343018,-6.411793231964111,True
gcsc,mls,far,3806,wardrobe,cat,-7.471335411071777,-6.411793231964111,False
gcsc,mls,far,3853,wardrobe,truck,-8.996435165405273,-6.411793231964111,False
gcsc,mls,far,3855,keyboard,horse,-3.7448513507843018,-6.411793231964111,True
gcsc,mls,far,3863,bowl,cat,-3.072205066680908,-6.411793231964111,True
gcsc,mls,far,3872,keyboard,cat,-6.979807376861572,-6.411793231964111,False
gcsc,mls,far,3888,bottle,cat,-9.687928199768066,-6.411793231964111,False
gcsc,mls,far,3906,bottle,cat,-4.580294609069824,-6.411793231964111,True
gcsc,mls,far,3912,chair,cat,-4.784053802490234,-6.411793231964111,True
gcsc,mls,far,3924,wardrobe,truck,-8.187845230102539,-6.411793231964111,False
gcsc,mls,far,3942,sunflower,truck,-5.413669586181641,-6.411793231964111,True
gcsc,mls,far,3952,bowl,dog,-9.117691993713379,-6.411793231964111,False
gcsc,mls,far,3962,mushroom,cat,-7.791897296905518,-6.411793231964111,False
gcsc,mls,far,3968,mushroom,frog,-10.135247230529785,-6.411793231964111,False
gcsc,mls,far,3975,sunflower,dog,-5.233978271484375,-6.411793231964111,True
gcsc,mls,far,4010,chair,truck,-5.177984237670898,-6.411793231964111,True
gcsc,mls,far,4022,mushroom,dog,-5.396639823913574,-6.411793231964111,True
gcsc,mls,far,4031,wardrobe,cat,-8.945483207702637,-6.411793231964111,False
gcsc,mls,far,4033,wardrobe,cat,-5.920610427856445,-6.411793231964111,True
gcsc,mls,far,4034,wardrobe,cat,-6.129279136657715,-6.411793231964111,True
gcsc,mls,far,4061,chair,truck,-5.2534308433532715,-6.411793231964111,True
gcsc,mls,far,4065,bottle,truck,-4.344341278076172,-6.411793231964111,True
gcsc,mls,far,4077,bottle,airplane,-4.879936218261719,-6.411793231964111,True
gcsc,mls,far,4087,wardrobe,cat,-5.271137237548828,-6.411793231964111,True
gcsc,mls,far,4103,sunflower,dog,-5.593441009521484,-6.411793231964111,True
gcsc,mls,far,4125,chair,airplane,-3.18105411529541,-6.411793231964111,True
gcsc,mls,far,4151,bowl,automobile,-5.510772705078125,-6.411793231964111,True
gcsc,mls,far,4159,chair,bird,-5.768932342529297,-6.411793231964111,True
gcsc,mls,far,4171,wardrobe,cat,-5.900379180908203,-6.411793231964111,True
gcsc,mls,far,4174,clock,cat,-7.660739421844482,-6.411793231964111,False
gcsc,mls,far,4183,keyboard,horse,-6.568014621734619,-6.411793231964111,False
gcsc,mls,far,4186,chair,airplane,-6.965211391448975,-6.411793231964111,False
gcsc,mls,far,4206,clock,truck,-4.494588851928711,-6.411793231964111,True
gcsc,mls,far,4208,wardrobe,truck,-7.449270248413086,-6.411793231964111,False
gcsc,mls,far,4214,chair,bird,-7.288751602172852,-6.411793231964111,False
gcsc,mls,far,4245,wardrobe,cat,-6.345850944519043,-6.411793231964111,True
gcsc,mls,far,4252,bowl,cat,-10.063145637512207,-6.411793231964111,False
gcsc,mls,far,4259,chair,airplane,-6.5670647621154785,-6.411793231964111,False
gcsc,mls,far,4269,mushroom,cat,-3.172624349594116,-6.411793231964111,True
gcsc,mls,far,4321,clock,truck,-4.464361667633057,-6.411793231964111,True
gcsc,mls,far,4325,bottle,cat,-4.765203475952148,-6.411793231964111,True
gcsc,mls,far,4332,bottle,cat,-2.7070116996765137,-6.411793231964111,True
gcsc,mls,far,4334,bottle,bird,-3.380086660385132,-6.411793231964111,True
gcsc,mls,far,4348,bowl,cat,-3.2031660079956055,-6.411793231964111,True
gcsc,mls,far,4367,bowl,cat,-8.185502052307129,-6.411793231964111,False
gcsc,mls,far,4369,clock,cat,-3.5227456092834473,-6.411793231964111,True
gcsc,mls,far,4373,mushroom,dog,-2.562122344970703,-6.411793231964111,True
gcsc,mls,far,4376,sunflower,cat,-4.624041557312012,-6.411793231964111,True
gcsc,mls,far,4382,wardrobe,cat,-7.522249221801758,-6.411793231964111,False
gcsc,mls,far,4383,keyboard,cat,-5.571488380432129,-6.411793231964111,True
gcsc,mls,far,4386,bowl,frog,-4.890931606292725,-6.411793231964111,True
gcsc,mls,far,4394,mushroom,cat,-6.78957462310791,-6.411793231964111,False
gcsc,mls,far,4417,mushroom,cat,-7.928001403808594,-6.411793231964111,False
gcsc,mls,far,4444,chair,cat,-4.701766014099121,-6.411793231964111,True
gcsc,mls,far,4466,wardrobe,truck,-8.585558891296387,-6.411793231964111,False
gcsc,mls,far,4471,bowl,frog,-6.182807445526123,-6.411793231964111,True
gcsc,mls,far,4475,clock,automobile,-6.960445404052734,-6.411793231964111,False
gcsc,mls,far,4514,mushroom,dog,-3.5084469318389893,-6.411793231964111,True
gcsc,mls,far,4520,bowl,ship,-5.334446907043457,-6.411793231964111,True
gcsc,mls,far,4631,wardrobe,truck,-6.124232769012451,-6.411793231964111,True
gcsc,mls,far,4656,clock,cat,-5.179727554321289,-6.411793231964111,True
gcsc,mls,far,4668,chair,airplane,-4.47218656539917,-6.411793231964111,True
gcsc,mls,far,4670,keyboard,cat,-4.809854984283447,-6.411793231964111,True
gcsc,mls,far,4683,bottle,cat,-5.987870693206787,-6.411793231964111,True
gcsc,mls,far,4704,clock,truck,-9.960609436035156,-6.411793231964111,False
gcsc,mls,far,4708,bottle,airplane,-3.2348878383636475,-6.411793231964111,True
gcsc,mls,far,4722,chair,truck,-4.955459117889404,-6.411793231964111,True
gcsc,mls,far,4734,wardrobe,cat,-7.244070053100586,-6.411793231964111,False
gcsc,mls,far,4746,sunflower,dog,-5.725252151489258,-6.411793231964111,True
gcsc,mls,far,4769,clock,bird,-3.154841661453247,-6.411793231964111,True
gcsc,mls,far,4771,clock,cat,-3.1569457054138184,-6.411793231964111,True
gcsc,mls,far,4779,clock,cat,-7.779201507568359,-6.411793231964111,False
gcsc,mls,far,4785,sunflower,bird,-7.611783504486084,-6.411793231964111,False
gcsc,mls,far,4800,keyboard,cat,-9.957868576049805,-6.411793231964111,False
gcsc,mls,far,4804,keyboard,horse,-4.405395984649658,-6.411793231964111,True
gcsc,mls,far,4809,keyboard,bird,-3.93036150932312,-6.411793231964111,True
gcsc,mls,far,4818,bottle,truck,-6.690923690795898,-6.411793231964111,False
gcsc,mls,far,4830,bowl,cat,-5.720617294311523,-6.411793231964111,True
gcsc,mls,far,4838,keyboard,truck,-4.201915740966797,-6.411793231964111,True
gcsc,mls,far,4847,chair,bird,-8.837089538574219,-6.411793231964111,False
gcsc,mls,far,4848,bottle,dog,-3.943103313446045,-6.411793231964111,True
gcsc,mls,far,4851,sunflower,dog,-4.2159528732299805,-6.411793231964111,True
gcsc,mls,far,4859,clock,cat,-9.332212448120117,-6.411793231964111,False
gcsc,mls,far,4863,bowl,cat,-8.217382431030273,-6.411793231964111,False
gcsc,mls,far,4910,wardrobe,cat,-5.8376007080078125,-6.411793231964111,True
gcsc,mls,far,4918,chair,truck,-6.393924236297607,-6.411793231964111,True
gcsc,mls,far,4933,wardrobe,truck,-8.193235397338867,-6.411793231964111,False
gcsc,mls,far,4947,wardrobe,truck,-6.043526649475098,-6.411793231964111,True
gcsc,mls,far,4956,bottle,frog,-2.954033851623535,-6.411793231964111,True
gcsc,mls,far,4968,mushroom,frog,-3.5663604736328125,-6.411793231964111,True
gcsc,mls,far,4981,bottle,ship,-6.271668434143066,-6.411793231964111,True
gcsc,mls,far,4982,mushroom,bird,-4.330376625061035,-6.411793231964111,True
gcsc,mls,far,4986,clock,truck,-5.888116359710693,-6.411793231964111,True
gcsc,mls,far,4999,keyboard,cat,-6.569705963134766,-6.411793231964111,False
gcsc,mls,far,5002,sunflower,dog,-4.447809219360352,-6.411793231964111,True
gcsc,mls,far,5005,sunflower,bird,-5.1784844398498535,-6.411793231964111,True
gcsc,mls,far,5030,bottle,automobile,-4.3207902908325195,-6.411793231964111,True
gcsc,mls,far,5082,wardrobe,cat,-8.367210388183594,-6.411793231964111,False
gcsc,mls,far,5083,bowl,dog,-9.85803508758545,-6.411793231964111,False
gcsc,mls,far,5096,chair,airplane,-7.292499542236328,-6.411793231964111,False
gcsc,mls,far,5102,bottle,cat,-3.770068883895874,-6.411793231964111,True
gcsc,mls,far,5127,bowl,cat,-4.909326553344727,-6.411793231964111,True
gcsc,mls,far,5147,clock,cat,-5.43872594833374,-6.411793231964111,True
gcsc,mls,far,5155,sunflower,dog,-8.087124824523926,-6.411793231964111,False
gcsc,mls,far,5181,sunflower,cat,-3.9276678562164307,-6.411793231964111,True
gcsc,mls,far,5215,wardrobe,cat,-8.75333309173584,-6.411793231964111,False
gcsc,mls,far,5219,mushroom,cat,-7.890542030334473,-6.411793231964111,False
gcsc,mls,far,5236,clock,automobile,-6.63192081451416,-6.411793231964111,False
gcsc,mls,far,5250,keyboard,bird,-1.8531602621078491,-6.411793231964111,True
gcsc,mls,far,5260,sunflower,bird,-8.568577766418457,-6.411793231964111,False
gcsc,mls,far,5282,bowl,cat,-5.3999176025390625,-6.411793231964111,True
gcsc,mls,far,5319,clock,bird,-5.100390911102295,-6.411793231964111,True
gcsc,mls,far,5324,bottle,dog,-4.126175403594971,-6.411793231964111,True
gcsc,mls,far,5333,wardrobe,bird,-3.8795006275177,-6.411793231964111,True
gcsc,mls,far,5354,mushroom,bird,-8.20549488067627,-6.411793231964111,False
gcsc,mls,far,5364,clock,bird,-3.081115245819092,-6.411793231964111,True
gcsc,mls,far,5375,mushroom,airplane,-4.640504360198975,-6.411793231964111,True
gcsc,mls,far,5378,keyboard,airplane,-3.593397378921509,-6.411793231964111,True
gcsc,mls,far,5386,mushroom,frog,-4.85283899307251,-6.411793231964111,True
gcsc,mls,far,5387,wardrobe,cat,-5.371295928955078,-6.411793231964111,True
gcsc,mls,far,5414,clock,cat,-9.58079719543457,-6.411793231964111,False
gcsc,mls,far,5428,wardrobe,truck,-9.650664329528809,-6.411793231964111,False
gcsc,mls,far,5440,bottle,truck,-4.470147132873535,-6.411793231964111,True
gcsc,mls,far,5444,bowl,airplane,-5.5544514656066895,-6.411793231964111,True
gcsc,mls,far,5473,chair,bird,-4.436154365539551,-6.411793231964111,True
gcsc,mls,far,5484,mushroom,cat,-5.102766990661621,-6.411793231964111,True
gcsc,mls,far,5505,keyboard,deer,-3.901081085205078,-6.411793231964111,True
gcsc,mls,far,5508,bowl,cat,-4.217531681060791,-6.411793231964111,True
gcsc,mls,far,5565,wardrobe,cat,-7.683897495269775,-6.411793231964111,False
gcsc,mls,far,5573,sunflower,frog,-3.052117347717285,-6.411793231964111,True
gcsc,mls,far,5577,keyboard,frog,-5.4674787521362305,-6.411793231964111,True
gcsc,mls,far,5587,wardrobe,truck,-6.6859869956970215,-6.411793231964111,False
gcsc,mls,far,5603,chair,airplane,-7.7056756019592285,-6.411793231964111,False
gcsc,mls,far,5627,mushroom,deer,-5.200026035308838,-6.411793231964111,True
gcsc,mls,far,5633,keyboard,frog,-5.965439796447754,-6.411793231964111,True
gcsc,mls,far,5638,mushroom,airplane,-5.314542770385742,-6.411793231964111,True
gcsc,mls,far,5643,wardrobe,cat,-7.774694919586182,-6.411793231964111,False
gcsc,mls,far,5646,mushroom,dog,-6.12021541595459,-6.411793231964111,True
gcsc,mls,far,5659,keyboard,truck,-3.405177593231201,-6.411793231964111,True
gcsc,mls,far,5666,wardrobe,cat,-8.554277420043945,-6.411793231964111,False
gcsc,mls,far,5680,sunflower,frog,-5.0924577713012695,-6.411793231964111,True
gcsc,mls,far,5683,chair,airplane,-9.580059051513672,-6.411793231964111,False
gcsc,mls,far,5686,bottle,cat,-5.893267631530762,-6.411793231964111,True
gcsc,mls,far,5690,clock,airplane,-5.559700012207031,-6.411793231964111,True
gcsc,mls,far,5699,chair,ship,-5.100244998931885,-6.411793231964111,True
gcsc,mls,far,5716,bowl,bird,-5.523216247558594,-6.411793231964111,True
gcsc,mls,far,5740,keyboard,truck,-5.528467178344727,-6.411793231964111,True
gcsc,mls,far,5742,sunflower,dog,-4.198308944702148,-6.411793231964111,True
gcsc,mls,far,5768,clock,bird,-7.0999040603637695,-6.411793231964111,False
gcsc,mls,far,5777,keyboard,airplane,-6.8113508224487305,-6.411793231964111,False
gcsc,mls,far,5799,chair,bird,-4.105947017669678,-6.411793231964111,True
gcsc,mls,far,5810,bottle,automobile,-4.457143306732178,-6.411793231964111,True
gcsc,mls,far,5820,mushroom,bird,-7.291612148284912,-6.411793231964111,False
gcsc,mls,far,5825,wardrobe,cat,-6.646444320678711,-6.411793231964111,False
gcsc,mls,far,5838,mushroom,frog,-6.9649577140808105,-6.411793231964111,False
gcsc,mls,far,5845,clock,airplane,-7.0452470779418945,-6.411793231964111,False
gcsc,mls,far,5861,sunflower,bird,-7.691852569580078,-6.411793231964111,False
gcsc,mls,far,5882,bowl,bird,-1.8891798257827759,-6.411793231964111,True
gcsc,mls,far,5926,chair,airplane,-5.704878330230713,-6.411793231964111,True
gcsc,mls,far,5940,keyboard,cat,-7.936948776245117,-6.411793231964111,False
gcsc,mls,far,5944,mushroom,cat,-7.254426002502441,-6.411793231964111,False
gcsc,mls,far,5978,clock,ship,-5.23396635055542,-6.411793231964111,True
gcsc,mls,far,5981,bottle,ship,-5.915958881378174,-6.411793231964111,True
gcsc,mls,far,5993,bottle,bird,-2.7972042560577393,-6.411793231964111,True
gcsc,mls,far,5995,chair,dog,-3.4871749877929688,-6.411793231964111,True
gcsc,mls,far,6015,keyboard,truck,-6.145143032073975,-6.411793231964111,True
gcsc,mls,far,6018,bottle,airplane,-7.457131862640381,-6.411793231964111,False
gcsc,mls,far,6025,bottle,cat,-2.1474697589874268,-6.411793231964111,True
gcsc,mls,far,6030,sunflower,bird,-7.606957912445068,-6.411793231964111,False
gcsc,mls,far,6033,bowl,automobile,-7.727585315704346,-6.411793231964111,False
gcsc,mls,far,6042,keyboard,cat,-4.529935836791992,-6.411793231964111,True
gcsc,mls,far,6046,wardrobe,cat,-6.335021495819092,-6.411793231964111,True
gcsc,mls,far,6069,bowl,ship,-6.497791290283203,-6.411793231964111,False
gcsc,mls,far,6079,bowl,cat,-8.521475791931152,-6.411793231964111,False
gcsc,mls,far,6089,bottle,ship,-5.488492488861084,-6.411793231964111,True
gcsc,mls,far,6098,chair,frog,-5.223918914794922,-6.411793231964111,True
gcsc,mls,far,6112,keyboard,cat,-9.125864028930664,-6.411793231964111,False
gcsc,mls,far,6117,keyboard,automobile,-3.9891157150268555,-6.411793231964111,True
gcsc,mls,far,6131,keyboard,truck,-8.442886352539062,-6.411793231964111,False
gcsc,mls,far,6134,keyboard,bird,-6.201695442199707,-6.411793231964111,True
gcsc,mls,far,6141,chair,cat,-5.270292282104492,-6.411793231964111,True
gcsc,mls,far,6145,keyboard,dog,-4.786046028137207,-6.411793231964111,True
gcsc,mls,far,6152,mushroom,frog,-7.514475345611572,-6.411793231964111,False
gcsc,mls,far,6161,wardrobe,truck,-8.4946870803833,-6.411793231964111,False
gcsc,mls,far,6165,clock,automobile,-4.812063694000244,-6.411793231964111,True
gcsc,mls,far,6168,bottle,bird,-7.071836471557617,-6.411793231964111,False
gcsc,mls,far,6194,mushroom,dog,-7.037452697753906,-6.411793231964111,False
gcsc,mls,far,6204,wardrobe,bird,-5.638156890869141,-6.411793231964111,True
gcsc,mls,far,6214,bottle,ship,-5.1964850425720215,-6.411793231964111,True
gcsc,mls,far,6215,mushroom,frog,-6.794164657592773,-6.411793231964111,False
gcsc,mls,far,6217,bottle,bird,-3.625040292739868,-6.411793231964111,True
gcsc,mls,far,6218,keyboard,bird,-3.871321439743042,-6.411793231964111,True
gcsc,mls,far,6233,chair,cat,-4.465320110321045,-6.411793231964111,True
gcsc,mls,far,6237,wardrobe,cat,-8.009367942810059,-6.411793231964111,False
gcsc,mls,far,6238,clock,cat,-7.757131576538086,-6.411793231964111,False
gcsc,mls,far,6239,bottle,cat,-5.328774452209473,-6.411793231964111,True
gcsc,mls,far,6245,chair,airplane,-9.101381301879883,-6.411793231964111,False
gcsc,mls,far,6252,bowl,cat,-5.3377580642700195,-6.411793231964111,True
gcsc,mls,far,6254,bowl,cat,-9.020358085632324,-6.411793231964111,False
gcsc,mls,far,6267,clock,automobile,-7.317889213562012,-6.411793231964111,False
gcsc,mls,far,6269,clock,cat,-6.36628532409668,-6.411793231964111,True
gcsc,mls,far,6297,keyboard,bird,-11.838403701782227,-6.411793231964111,False
gcsc,mls,far,6298,keyboard,dog,-7.293552398681641,-6.411793231964111,False
gcsc,mls,far,6327,bowl,cat,-5.835811138153076,-6.411793231964111,True
gcsc,mls,far,6340,keyboard,truck,-3.5110931396484375,-6.411793231964111,True
gcsc,mls,far,6364,chair,frog,-6.694819927215576,-6.411793231964111,False
gcsc,mls,far,6370,keyboard,truck,-6.330565452575684,-6.411793231964111,True
gcsc,mls,far,6388,sunflower,bird,-5.116326332092285,-6.411793231964111,True
gcsc,mls,far,6390,wardrobe,truck,-6.969078063964844,-6.411793231964111,False
gcsc,mls,far,6413,wardrobe,truck,-7.6207275390625,-6.411793231964111,False
gcsc,mls,far,6419,keyboard,bird,-4.304314613342285,-6.411793231964111,True
gcsc,mls,far,6421,sunflower,bird,-4.039827823638916,-6.411793231964111,True
gcsc,mls,far,6423,wardrobe,cat,-4.055118083953857,-6.411793231964111,True
gcsc,mls,far,6440,bottle,cat,-11.013113021850586,-6.411793231964111,False
gcsc,mls,far,6472,bottle,ship,-4.700173377990723,-6.411793231964111,True
gcsc,mls,far,6482,clock,ship,-7.868865013122559,-6.411793231964111,False
gcsc,mls,far,6490,clock,automobile,-7.066420555114746,-6.411793231964111,False
gcsc,mls,far,6491,chair,airplane,-7.716119766235352,-6.411793231964111,False
gcsc,mls,far,6500,clock,cat,-7.389216899871826,-6.411793231964111,False
gcsc,mls,far,6507,bottle,cat,-8.457419395446777,-6.411793231964111,False
gcsc,mls,far,6508,clock,bird,-7.653336524963379,-6.411793231964111,False
gcsc,mls,far,6510,keyboard,truck,-10.782981872558594,-6.411793231964111,False
gcsc,mls,far,6512,wardrobe,cat,-8.157610893249512,-6.411793231964111,False
gcsc,mls,far,6519,bowl,cat,-7.354197025299072,-6.411793231964111,False
gcsc,mls,far,6543,keyboard,cat,-4.874152183532715,-6.411793231964111,True
gcsc,mls,far,6558,mushroom,bird,-9.70932388305664,-6.411793231964111,False
gcsc,mls,far,6559,bowl,airplane,-9.184778213500977,-6.411793231964111,False
gcsc,mls,far,6565,bowl,dog,-4.964234828948975,-6.411793231964111,True
gcsc,mls,far,6575,mushroom,truck,-3.8266406059265137,-6.411793231964111,True
gcsc,mls,far,6594,chair,cat,-6.127997398376465,-6.411793231964111,True
gcsc,mls,far,6602,bottle,ship,-3.0776429176330566,-6.411793231964111,True
gcsc,mls,far,6619,chair,truck,-5.498429298400879,-6.411793231964111,True
gcsc,mls,far,6647,sunflower,dog,-6.209796905517578,-6.411793231964111,True
gcsc,mls,far,6655,chair,frog,-5.322967529296875,-6.411793231964111,True
gcsc,mls,far,6657,clock,cat,-5.619051456451416,-6.411793231964111,True
gcsc,mls,far,6668,mushroom,bird,-5.839811325073242,-6.411793231964111,True
gcsc,mls,far,6673,clock,cat,-8.970215797424316,-6.411793231964111,False
gcsc,mls,far,6679,mushroom,ship,-3.012509346008301,-6.411793231964111,True
gcsc,mls,far,6681,mushroom,airplane,-3.6877732276916504,-6.411793231964111,True
gcsc,mls,far,6687,sunflower,frog,-6.39003849029541,-6.411793231964111,True
gcsc,mls,far,6695,keyboard,bird,-5.1871843338012695,-6.411793231964111,True
gcsc,mls,far,6729,mushroom,bird,-9.977384567260742,-6.411793231964111,False
gcsc,mls,far,6733,keyboard,horse,-3.569791078567505,-6.411793231964111,True
gcsc,mls,far,6734,keyboard,truck,-8.7045316696167,-6.411793231964111,False
gcsc,mls,far,6760,keyboard,airplane,-2.7727043628692627,-6.411793231964111,True
gcsc,mls,far,6772,bowl,ship,-7.186007976531982,-6.411793231964111,False
gcsc,mls,far,6774,clock,bird,-7.549161434173584,-6.411793231964111,False
gcsc,mls,far,6777,keyboard,airplane,-4.427002906799316,-6.411793231964111,True
gcsc,mls,far,6783,wardrobe,cat,-7.45643424987793,-6.411793231964111,False
gcsc,mls,far,6788,bottle,truck,-5.587984561920166,-6.411793231964111,True
gcsc,mls,far,6795,clock,cat,-5.603004455566406,-6.411793231964111,True
gcsc,mls,far,6804,bowl,frog,-5.65507698059082,-6.411793231964111,True
gcsc,mls,far,6809,wardrobe,cat,-6.413107395172119,-6.411793231964111,False
gcsc,mls,far,6823,wardrobe,dog,-4.37061071395874,-6.411793231964111,True
gcsc,mls,far,6841,clock,ship,-4.038625717163086,-6.411793231964111,True
gcsc,mls,far,6843,sunflower,bird,-2.3959381580352783,-6.411793231964111,True
gcsc,mls,far,6845,sunflower,dog,-5.1720733642578125,-6.411793231964111,True
gcsc,mls,far,6859,bowl,frog,-4.642004013061523,-6.411793231964111,True
gcsc,mls,far,6863,wardrobe,cat,-7.147288799285889,-6.411793231964111,False
gcsc,mls,far,6886,bottle,truck,-3.3049468994140625,-6.411793231964111,True
gcsc,mls,far,6890,clock,cat,-9.080599784851074,-6.411793231964111,False
gcsc,mls,far,6899,bottle,truck,-6.331150531768799,-6.411793231964111,True
gcsc,mls,far,6907,keyboard,truck,-7.459221839904785,-6.411793231964111,False
gcsc,mls,far,6911,mushroom,deer,-6.016849040985107,-6.411793231964111,True
gcsc,mls,far,6928,sunflower,bird,-4.395129680633545,-6.411793231964111,True
gcsc,mls,far,6943,chair,cat,-5.039445400238037,-6.411793231964111,True
gcsc,mls,far,6965,mushroom,cat,-3.473670244216919,-6.411793231964111,True
gcsc,mls,far,6981,clock,ship,-8.627288818359375,-6.411793231964111,False
gcsc,mls,far,6998,keyboard,cat,-3.398388624191284,-6.411793231964111,True
gcsc,mls,far,7012,bottle,cat,-7.504654884338379,-6.411793231964111,False
gcsc,mls,far,7017,sunflower,airplane,-3.0049145221710205,-6.411793231964111,True
gcsc,mls,far,7060,mushroom,bird,-4.621881484985352,-6.411793231964111,True
gcsc,mls,far,7063,chair,truck,-9.110833168029785,-6.411793231964111,False
gcsc,mls,far,7077,bottle,frog,-5.6670732498168945,-6.411793231964111,True
gcsc,mls,far,7093,bottle,cat,-7.429453372955322,-6.411793231964111,False
gcsc,mls,far,7096,keyboard,dog,-4.243903160095215,-6.411793231964111,True
gcsc,mls,far,7104,mushroom,bird,-6.458894729614258,-6.411793231964111,False
gcsc,mls,far,7123,wardrobe,cat,-4.6268534660339355,-6.411793231964111,True
gcsc,mls,far,7161,bowl,dog,-4.353216171264648,-6.411793231964111,True
gcsc,mls,far,7171,wardrobe,truck,-9.138338088989258,-6.411793231964111,False
gcsc,mls,far,7181,mushroom,frog,-8.887630462646484,-6.411793231964111,False
gcsc,mls,far,7192,chair,cat,-6.016702651977539,-6.411793231964111,True
gcsc,mls,far,7224,clock,truck,-9.05919361114502,-6.411793231964111,False
gcsc,mls,far,7229,mushroom,frog,-7.128093719482422,-6.411793231964111,False
gcsc,mls,far,7258,sunflower,dog,-4.948422908782959,-6.411793231964111,True
gcsc,mls,far,7259,bottle,truck,-3.824604034423828,-6.411793231964111,True
gcsc,mls,far,7275,clock,truck,-3.3754968643188477,-6.411793231964111,True
gcsc,mls,far,7284,mushroom,bird,-4.460742950439453,-6.411793231964111,True
gcsc,mls,far,7285,wardrobe,truck,-3.9118847846984863,-6.411793231964111,True
gcsc,mls,far,7291,chair,cat,-4.5703325271606445,-6.411793231964111,True
gcsc,mls,far,7319,chair,truck,-6.839890003204346,-6.411793231964111,False
gcsc,mls,far,7328,sunflower,bird,-5.33018684387207,-6.411793231964111,True
gcsc,mls,far,7345,bowl,ship,-9.37756633758545,-6.411793231964111,False
gcsc,mls,far,7356,mushroom,cat,-7.916416168212891,-6.411793231964111,False
gcsc,mls,far,7362,clock,automobile,-6.532958030700684,-6.411793231964111,False
gcsc,mls,far,7406,bottle,ship,-2.9770195484161377,-6.411793231964111,True
gcsc,mls,far,7415,bottle,automobile,-3.3520126342773438,-6.411793231964111,True
gcsc,mls,far,7423,bottle,horse,-2.274829149246216,-6.411793231964111,True
gcsc,mls,far,7425,mushroom,frog,-4.5965046882629395,-6.411793231964111,True
gcsc,mls,far,7428,bowl,bird,-2.9049618244171143,-6.411793231964111,True
gcsc,mls,far,7437,wardrobe,truck,-6.124560356140137,-6.411793231964111,True
gcsc,mls,far,7443,bottle,cat,-11.074841499328613,-6.411793231964111,False
gcsc,mls,far,7456,chair,cat,-5.659755229949951,-6.411793231964111,True
gcsc,mls,far,7469,wardrobe,truck,-5.820342540740967,-6.411793231964111,True
gcsc,mls,far,7483,mushroom,cat,-8.240697860717773,-6.411793231964111,False
gcsc,mls,far,7499,chair,cat,-5.997182846069336,-6.411793231964111,True
gcsc,mls,far,7515,bowl,truck,-2.6046018600463867,-6.411793231964111,True
gcsc,mls,far,7535,chair,truck,-9.132234573364258,-6.411793231964111,False
gcsc,mls,far,7542,chair,cat,-5.379571914672852,-6.411793231964111,True
gcsc,mls,far,7543,chair,ship,-4.650749206542969,-6.411793231964111,True
gcsc,mls,far,7604,wardrobe,truck,-9.810542106628418,-6.411793231964111,False
gcsc,mls,far,7606,wardrobe,cat,-5.800137042999268,-6.411793231964111,True
gcsc,mls,far,7607,wardrobe,cat,-7.277343273162842,-6.411793231964111,False
gcsc,mls,far,7616,sunflower,dog,-4.965915203094482,-6.411793231964111,True
gcsc,mls,far,7619,mushroom,cat,-6.108278274536133,-6.411793231964111,True
gcsc,mls,far,7626,clock,automobile,-5.862545013427734,-6.411793231964111,True
gcsc,mls,far,7632,mushroom,frog,-6.9639201164245605,-6.411793231964111,False
gcsc,mls,far,7654,keyboard,truck,-4.562869071960449,-6.411793231964111,True
gcsc,mls,far,7683,sunflower,dog,-5.798013687133789,-6.411793231964111,True
gcsc,mls,far,7694,wardrobe,cat,-8.76790714263916,-6.411793231964111,False
gcsc,mls,far,7698,keyboard,cat,-7.032355308532715,-6.411793231964111,False
gcsc,mls,far,7714,mushroom,truck,-4.142788887023926,-6.411793231964111,True
gcsc,mls,far,7728,bottle,cat,-6.941045761108398,-6.411793231964111,False
gcsc,mls,far,7737,bowl,automobile,-8.682828903198242,-6.411793231964111,False
gcsc,mls,far,7739,keyboard,cat,-7.641680717468262,-6.411793231964111,False
gcsc,mls,far,7755,sunflower,frog,-5.741056442260742,-6.411793231964111,True
gcsc,mls,far,7756,mushroom,bird,-3.1590559482574463,-6.411793231964111,True
gcsc,mls,far,7776,sunflower,dog,-5.953943252563477,-6.411793231964111,True
gcsc,mls,far,7781,keyboard,truck,-4.061222553253174,-6.411793231964111,True
gcsc,mls,far,7784,bowl,dog,-4.579610824584961,-6.411793231964111,True
gcsc,mls,far,7785,mushroom,dog,-7.081409931182861,-6.411793231964111,False
gcsc,mls,far,7787,mushroom,bird,-6.397658348083496,-6.411793231964111,True
gcsc,mls,far,7795,bowl,frog,-3.028811454772949,-6.411793231964111,True
gcsc,mls,far,7804,bowl,dog,-2.216571092605591,-6.411793231964111,True
gcsc,mls,far,7828,wardrobe,cat,-7.7003350257873535,-6.411793231964111,False
gcsc,mls,far,7850,bottle,cat,-3.6268489360809326,-6.411793231964111,True
gcsc,mls,far,7868,keyboard,cat,-5.854302406311035,-6.411793231964111,True
gcsc,mls,far,7917,clock,dog,-4.2712860107421875,-6.411793231964111,True
gcsc,mls,far,7923,clock,automobile,-6.886444091796875,-6.411793231964111,False
gcsc,mls,far,7933,clock,truck,-8.539573669433594,-6.411793231964111,False
gcsc,mls,far,7957,keyboard,truck,-5.4882988929748535,-6.411793231964111,True
gcsc,mls,far,7959,clock,bird,-5.131714344024658,-6.411793231964111,True
gcsc,mls,far,7982,chair,cat,-9.22713565826416,-6.411793231964111,False
gcsc,mls,far,7989,sunflower,bird,-4.71334981918335,-6.411793231964111,True
gcsc,mls,far,7991,sunflower,bird,-3.802811861038208,-6.411793231964111,True
gcsc,mls,far,8004,bowl,cat,-4.617209434509277,-6.411793231964111,True
gcsc,mls,far,8013,bowl,dog,-4.248920440673828,-6.411793231964111,True
gcsc,mls,far,8022,chair,truck,-4.754739284515381,-6.411793231964111,True
gcsc,mls,far,8036,clock,cat,-5.5335164070129395,-6.411793231964111,True
gcsc,mls,far,8058,keyboard,cat,-6.530406951904297,-6.411793231964111,False
gcsc,mls,far,8068,sunflower,deer,-5.684423923492432,-6.411793231964111,True
gcsc,mls,far,8074,clock,ship,-4.769528388977051,-6.411793231964111,True
gcsc,mls,far,8088,bottle,dog,-6.173982620239258,-6.411793231964111,True
gcsc,mls,far,8090,bottle,cat,-4.54288387298584,-6.411793231964111,True
gcsc,mls,far,8122,clock,cat,-5.338189125061035,-6.411793231964111,True
gcsc,mls,far,8166,sunflower,deer,-5.893248081207275,-6.411793231964111,True
gcsc,mls,far,8209,chair,airplane,-4.619851112365723,-6.411793231964111,True
gcsc,mls,far,8233,keyboard,truck,-5.655459880828857,-6.411793231964111,True
gcsc,mls,far,8236,wardrobe,truck,-9.045602798461914,-6.411793231964111,False
gcsc,mls,far,8244,wardrobe,horse,-3.5843465328216553,-6.411793231964111,True
gcsc,mls,far,8309,bottle,ship,-7.35633659362793,-6.411793231964111,False
gcsc,mls,far,8312,keyboard,airplane,-4.795074462890625,-6.411793231964111,True
gcsc,mls,far,8317,bottle,cat,-9.172361373901367,-6.411793231964111,False
gcsc,mls,far,8335,bowl,cat,-6.4479265213012695,-6.411793231964111,False
gcsc,mls,far,8369,keyboard,truck,-11.848952293395996,-6.411793231964111,False
gcsc,mls,far,8378,sunflower,bird,-5.1518330574035645,-6.411793231964111,True
gcsc,mls,far,8406,keyboard,airplane,-6.087759971618652,-6.411793231964111,True
gcsc,mls,far,8453,keyboard,cat,-9.21932601928711,-6.411793231964111,False
gcsc,mls,far,8462,bottle,horse,-4.481617450714111,-6.411793231964111,True
gcsc,mls,far,8470,sunflower,bird,-6.250962734222412,-6.411793231964111,True
gcsc,mls,far,8472,keyboard,airplane,-6.9449143409729,-6.411793231964111,False
gcsc,mls,far,8475,sunflower,bird,-7.751358985900879,-6.411793231964111,False
gcsc,mls,far,8498,chair,bird,-7.776731491088867,-6.411793231964111,False
gcsc,mls,far,8505,mushroom,bird,-7.243324279785156,-6.411793231964111,False
gcsc,mls,far,8521,keyboard,cat,-4.573450088500977,-6.411793231964111,True
gcsc,mls,far,8531,wardrobe,truck,-10.16943073272705,-6.411793231964111,False
gcsc,mls,far,8549,mushroom,frog,-4.226925373077393,-6.411793231964111,True
gcsc,mls,far,8568,bowl,airplane,-6.943885326385498,-6.411793231964111,False
gcsc,mls,far,8572,clock,automobile,-9.883797645568848,-6.411793231964111,False
gcsc,mls,far,8576,wardrobe,cat,-6.544636249542236,-6.411793231964111,False
gcsc,mls,far,8579,keyboard,cat,-6.408169746398926,-6.411793231964111,True
gcsc,mls,far,8581,sunflower,dog,-5.215155601501465,-6.411793231964111,True
gcsc,mls,far,8590,bowl,dog,-6.7193074226379395,-6.411793231964111,False
gcsc,mls,far,8616,sunflower,cat,-8.10678768157959,-6.411793231964111,False
gcsc,mls,far,8644,bottle,frog,-4.255488395690918,-6.411793231964111,True
gcsc,mls,far,8656,bowl,airplane,-6.646697044372559,-6.411793231964111,False
gcsc,mls,far,8666,chair,bird,-5.863620758056641,-6.411793231964111,True
gcsc,mls,far,8689,sunflower,bird,-8.012588500976562,-6.411793231964111,False
gcsc,mls,far,8701,mushroom,dog,-9.797741889953613,-6.411793231964111,False
gcsc,mls,far,8707,mushroom,bird,-10.011993408203125,-6.411793231964111,False
gcsc,mls,far,8722,bowl,ship,-6.084175109863281,-6.411793231964111,True
gcsc,mls,far,8730,sunflower,bird,-6.018909931182861,-6.411793231964111,True
gcsc,mls,far,8736,sunflower,cat,-7.8763532638549805,-6.411793231964111,False
gcsc,mls,far,8740,wardrobe,cat,-8.504145622253418,-6.411793231964111,False
gcsc,mls,far,8753,chair,truck,-7.10178804397583,-6.411793231964111,False
gcsc,mls,far,8757,wardrobe,cat,-9.672422409057617,-6.411793231964111,False
gcsc,mls,far,8785,sunflower,dog,-5.717287063598633,-6.411793231964111,True
gcsc,mls,far,8788,mushroom,deer,-5.901942729949951,-6.411793231964111,True
gcsc,mls,far,8804,wardrobe,cat,-9.719252586364746,-6.411793231964111,False
gcsc,mls,far,8812,bottle,truck,-3.7755088806152344,-6.411793231964111,True
gcsc,mls,far,8829,mushroom,cat,-5.851654052734375,-6.411793231964111,True
gcsc,mls,far,8866,sunflower,cat,-2.2808938026428223,-6.411793231964111,True
gcsc,mls,far,8867,sunflower,cat,-3.7693092823028564,-6.411793231964111,True
gcsc,mls,far,8868,wardrobe,truck,-8.759852409362793,-6.411793231964111,False
gcsc,mls,far,8881,sunflower,dog,-7.233319282531738,-6.411793231964111,False
gcsc,mls,far,8889,wardrobe,cat,-7.3557353019714355,-6.411793231964111,False
gcsc,mls,far,8930,wardrobe,bird,-5.391432762145996,-6.411793231964111,True
gcsc,mls,far,8949,clock,horse,-4.822264671325684,-6.411793231964111,True
gcsc,mls,far,8962,mushroom,frog,-7.615392208099365,-6.411793231964111,False
gcsc,mls,far,8985,sunflower,dog,-3.6822047233581543,-6.411793231964111,True
gcsc,mls,far,8994,keyboard,bird,-7.219311714172363,-6.411793231964111,False
gcsc,mls,far,9003,chair,bird,-5.666543006896973,-6.411793231964111,True
gcsc,mls,far,9012,keyboard,cat,-7.018916130065918,-6.411793231964111,False
gcsc,mls,far,9044,bottle,cat,-6.780341625213623,-6.411793231964111,False
gcsc,mls,far,9052,bottle,cat,-5.190014362335205,-6.411793231964111,True
gcsc,mls,far,9053,sunflower,dog,-5.216142654418945,-6.411793231964111,True
gcsc,mls,far,9056,chair,cat,-5.8544602394104,-6.411793231964111,True
gcsc,mls,far,9059,wardrobe,cat,-6.447249412536621,-6.411793231964111,False
gcsc,mls,far,9087,chair,cat,-7.35882568359375,-6.411793231964111,False
gcsc,mls,far,9089,chair,cat,-6.280625343322754,-6.411793231964111,True
gcsc,mls,far,9095,mushroom,cat,-4.581474304199219,-6.411793231964111,True
gcsc,mls,far,9102,bowl,frog,-3.9049603939056396,-6.411793231964111,True
gcsc,mls,far,9103,mushroom,bird,-8.916613578796387,-6.411793231964111,False
gcsc,mls,far,9107,bottle,dog,-4.9392595291137695,-6.411793231964111,True
gcsc,mls,far,9122,keyboard,truck,-6.543100833892822,-6.411793231964111,False
gcsc,mls,far,9125,mushroom,deer,-4.081946849822998,-6.411793231964111,True
gcsc,mls,far,9126,bottle,cat,-2.6861302852630615,-6.411793231964111,True
gcsc,mls,far,9149,wardrobe,truck,-8.529050827026367,-6.411793231964111,False
gcsc,mls,far,9172,clock,automobile,-5.045278549194336,-6.411793231964111,True
gcsc,mls,far,9174,sunflower,deer,-2.6383705139160156,-6.411793231964111,True
gcsc,mls,far,9177,bowl,bird,-6.4785475730896,-6.411793231964111,False
gcsc,mls,far,9186,wardrobe,cat,-7.434073448181152,-6.411793231964111,False
gcsc,mls,far,9193,mushroom,cat,-10.285138130187988,-6.411793231964111,False
gcsc,mls,far,9209,sunflower,bird,-6.966607093811035,-6.411793231964111,False
gcsc,mls,far,9212,wardrobe,horse,-9.430767059326172,-6.411793231964111,False
gcsc,mls,far,9256,sunflower,dog,-5.559304714202881,-6.411793231964111,True
gcsc,mls,far,9262,keyboard,automobile,-5.371216773986816,-6.411793231964111,True
gcsc,mls,far,9270,wardrobe,cat,-10.76436996459961,-6.411793231964111,False
gcsc,mls,far,9303,clock,automobile,-8.527186393737793,-6.411793231964111,False
gcsc,mls,far,9307,wardrobe,cat,-8.431321144104004,-6.411793231964111,False
gcsc,mls,far,9315,sunflower,cat,-4.915127277374268,-6.411793231964111,True
gcsc,mls,far,9321,clock,horse,-4.046999454498291,-6.411793231964111,True
gcsc,mls,far,9344,chair,airplane,-6.735326766967773,-6.411793231964111,False
gcsc,mls,far,9347,bottle,dog,-6.10550594329834,-6.411793231964111,True
gcsc,mls,far,9357,bottle,horse,-3.2492640018463135,-6.411793231964111,True
gcsc,mls,far,9396,sunflower,cat,-3.538123846054077,-6.411793231964111,True
gcsc,mls,far,9397,bowl,ship,-5.074731826782227,-6.411793231964111,True
gcsc,mls,far,9409,chair,bird,-3.9398605823516846,-6.411793231964111,True
gcsc,mls,far,9421,keyboard,cat,-7.17313814163208,-6.411793231964111,False
gcsc,mls,far,9431,sunflower,bird,-5.310837745666504,-6.411793231964111,True
gcsc,mls,far,9433,sunflower,deer,-6.6033616065979,-6.411793231964111,False
gcsc,mls,far,9471,clock,dog,-2.4105470180511475,-6.411793231964111,True
gcsc,mls,far,9492,bowl,ship,-9.8992338180542,-6.411793231964111,False
gcsc,mls,far,9532,sunflower,frog,-5.367875576019287,-6.411793231964111,True
gcsc,mls,far,9533,clock,bird,-9.685111045837402,-6.411793231964111,False
gcsc,mls,far,9558,clock,cat,-6.472524166107178,-6.411793231964111,False
gcsc,mls,far,9561,bowl,frog,-9.72789192199707,-6.411793231964111,False
gcsc,mls,far,9593,chair,bird,-4.780596733093262,-6.411793231964111,True
gcsc,mls,far,9594,clock,cat,-4.3178534507751465,-6.411793231964111,True
gcsc,mls,far,9600,chair,airplane,-8.074604034423828,-6.411793231964111,False
gcsc,mls,far,9657,wardrobe,cat,-4.650450229644775,-6.411793231964111,True
gcsc,mls,far,9669,bowl,automobile,-4.344315052032471,-6.411793231964111,True
gcsc,mls,far,9681,sunflower,cat,-5.338482856750488,-6.411793231964111,True
gcsc,mls,far,9711,sunflower,bird,-6.372598171234131,-6.411793231964111,True
gcsc,mls,far,9716,bottle,cat,-5.365307807922363,-6.411793231964111,True
gcsc,mls,far,9731,bowl,automobile,-3.9606175422668457,-6.411793231964111,True
gcsc,mls,far,9734,wardrobe,cat,-8.91889762878418,-6.411793231964111,False
gcsc,mls,far,9736,keyboard,cat,-5.777109146118164,-6.411793231964111,True
gcsc,mls,far,9742,keyboard,airplane,-4.653372764587402,-6.411793231964111,True
gcsc,mls,far,9755,bottle,frog,-2.810575008392334,-6.411793231964111,True
gcsc,mls,far,9766,keyboard,cat,-5.4643964767456055,-6.411793231964111,True
gcsc,mls,far,9775,sunflower,dog,-4.656017303466797,-6.411793231964111,True
gcsc,mls,far,9778,mushroom,bird,-8.538108825683594,-6.411793231964111,False
gcsc,mls,far,9795,bowl,airplane,-10.992588996887207,-6.411793231964111,False
gcsc,mls,far,9826,mushroom,bird,-5.433643817901611,-6.411793231964111,True
gcsc,mls,far,9847,mushroom,bird,-9.447254180908203,-6.411793231964111,False
gcsc,mls,far,9857,bottle,automobile,-4.225268363952637,-6.411793231964111,True
gcsc,mls,far,9873,chair,truck,-4.626241207122803,-6.411793231964111,True
gcsc,mls,far,9876,sunflower,dog,-5.435988426208496,-6.411793231964111,True
gcsc,mls,far,9907,sunflower,frog,-4.312668323516846,-6.411793231964111,True
gcsc,mls,far,9920,sunflower,cat,-5.821567535400391,-6.411793231964111,True
gcsc,mls,far,9940,sunflower,bird,-6.663848400115967,-6.411793231964111,False
gcsc,mls,far,9967,bottle,cat,-3.2900197505950928,-6.411793231964111,True
gcsc,mls,far,9997,mushroom,cat,-3.434279203414917,-6.411793231964111,True
proser,mls,near,6,camel,bird,-2.865438938140869,-5.327533698081968,True
proser,mls,near,17,wolf,cat,-8.506073951721191,-5.327533698081968,False
proser,mls,near,36,pickup_truck,automobile,-6.446147918701172,-5.327533698081968,False
proser,mls,near,47,pickup_truck,truck,-5.733797550201416,-5.327533698081968,False
proser,mls,near,58,leopard,cat,-6.318291187286377,-5.327533698081968,False
proser,mls,near,62,camel,deer,-3.8989577293395996,-5.327533698081968,True
proser,mls,near,85,tractor,truck,-4.712392330169678,-5.327533698081968,True
proser,mls,near,94,bus,truck,-9.219355583190918,-5.327533698081968,False
proser,mls,near,149,pickup_truck,automobile,-6.766680717468262,-5.327533698081968,False
proser,mls,near,150,pickup_truck,truck,-6.660810470581055,-5.327533698081968,False
proser,mls,near,156,pickup_truck,truck,-8.848164558410645,-5.327533698081968,False
proser,mls,near,193,bus,truck,-8.90615463256836,-5.327533698081968,False
proser,mls,near,196,pickup_truck,airplane,-6.397650718688965,-5.327533698081968,False
proser,mls,near,214,wolf,cat,-9.423226356506348,-5.327533698081968,False
proser,mls,near,230,tractor,ship,-3.8796908855438232,-5.327533698081968,True
proser,mls,near,242,fox,horse,-4.240306854248047,-5.327533698081968,True
proser,mls,near,255,wolf,cat,-7.741523265838623,-5.327533698081968,False
proser,mls,near,256,pickup_truck,automobile,-7.765862464904785,-5.327533698081968,False
proser,mls,near,259,leopard,cat,-6.969733715057373,-5.327533698081968,False
proser,mls,near,262,tractor,truck,-6.278563499450684,-5.327533698081968,False
proser,mls,near,274,leopard,frog,-6.818068981170654,-5.327533698081968,False
proser,mls,near,283,tractor,truck,-5.692663669586182,-5.327533698081968,False
proser,mls,near,288,leopard,frog,-6.12000036239624,-5.327533698081968,False
proser,mls,near,299,tractor,automobile,-5.306305885314941,-5.327533698081968,True
proser,mls,near,313,leopard,cat,-6.18789005279541,-5.327533698081968,False
proser,mls,near,317,camel,dog,-5.37855863571167,-5.327533698081968,False
proser,mls,near,321,tractor,truck,-6.021804332733154,-5.327533698081968,False
proser,mls,near,338,fox,dog,-5.732962608337402,-5.327533698081968,False
proser,mls,near,351,fox,cat,-9.620842933654785,-5.327533698081968,False
proser,mls,near,353,pickup_truck,automobile,-9.024787902832031,-5.327533698081968,False
proser,mls,near,354,motorcycle,automobile,-3.7415215969085693,-5.327533698081968,True
proser,mls,near,366,tractor,frog,-4.843080997467041,-5.327533698081968,True
proser,mls,near,409,tractor,truck,-6.790459156036377,-5.327533698081968,False
proser,mls,near,425,leopard,frog,-7.329039096832275,-5.327533698081968,False
proser,mls,near,460,pickup_truck,automobile,-7.405482769012451,-5.327533698081968,False
proser,mls,near,471,wolf,cat,-6.767367362976074,-5.327533698081968,False
proser,mls,near,477,leopard,cat,-5.255725383758545,-5.327533698081968,True
proser,mls,near,498,tractor,deer,-3.909552574157715,-5.327533698081968,True
proser,mls,near,507,pickup_truck,truck,-7.772719383239746,-5.327533698081968,False
proser,mls,near,540,camel,bird,-3.483858108520508,-5.327533698081968,True
proser,mls,near,555,leopard,cat,-5.638735294342041,-5.327533698081968,False
proser,mls,near,578,pickup_truck,automobile,-8.851837158203125,-5.327533698081968,False
proser,mls,near,615,motorcycle,frog,-3.5393824577331543,-5.327533698081968,True
proser,mls,near,619,bus,automobile,-4.88597297668457,-5.327533698081968,True
proser,mls,near,626,motorcycle,airplane,-7.061241149902344,-5.327533698081968,False
proser,mls,near,632,wolf,cat,-6.477639198303223,-5.327533698081968,False
proser,mls,near,650,camel,dog,-4.755477428436279,-5.327533698081968,True
proser,mls,near,652,tractor,truck,-6.07426118850708,-5.327533698081968,False
proser,mls,near,653,wolf,cat,-6.723420143127441,-5.327533698081968,False
proser,mls,near,669,fox,deer,-7.240527629852295,-5.327533698081968,False
proser,mls,near,684,wolf,cat,-4.636719703674316,-5.327533698081968,True
proser,mls,near,702,leopard,bird,-5.640568256378174,-5.327533698081968,False
proser,mls,near,712,wolf,dog,-5.871338367462158,-5.327533698081968,False
proser,mls,near,717,camel,horse,-6.1619157791137695,-5.327533698081968,False
proser,mls,near,720,wolf,dog,-8.973299980163574,-5.327533698081968,False
proser,mls,near,751,camel,cat,-3.306405544281006,-5.327533698081968,True
proser,mls,near,752,motorcycle,dog,-4.824259281158447,-5.327533698081968,True
proser,mls,near,766,bus,truck,-9.538810729980469,-5.327533698081968,False
proser,mls,near,769,camel,airplane,-7.196253299713135,-5.327533698081968,False
proser,mls,near,790,motorcycle,truck,-6.825315952301025,-5.327533698081968,False
proser,mls,near,796,pickup_truck,truck,-6.74582052230835,-5.327533698081968,False
proser,mls,near,803,pickup_truck,automobile,-6.3670549392700195,-5.327533698081968,False
proser,mls,near,809,wolf,dog,-7.847942352294922,-5.327533698081968,False
proser,mls,near,811,camel,deer,-5.8760151863098145,-5.327533698081968,False
proser,mls,near,822,bus,truck,-5.975973606109619,-5.327533698081968,False
proser,mls,near,897,wolf,cat,-8.570916175842285,-5.327533698081968,False
proser,mls,near,900,camel,horse,-3.3684558868408203,-5.327533698081968,True
proser,mls,near,902,camel,horse,-3.2128748893737793,-5.327533698081968,True
proser,mls,near,915,camel,dog,-6.6022114753723145,-5.327533698081968,False
proser,mls,near,921,tractor,truck,-8.689882278442383,-5.327533698081968,False
proser,mls,near,923,motorcycle,automobile,-3.677196979522705,-5.327533698081968,True
proser,mls,near,939,wolf,dog,-7.536813259124756,-5.327533698081968,False
proser,mls,near,945,leopard,frog,-8.085028648376465,-5.327533698081968,False
proser,mls,near,952,leopard,cat,-5.102865219116211,-5.327533698081968,True
proser,mls,near,957,bus,truck,-8.840618133544922,-5.327533698081968,False
proser,mls,near,959,fox,dog,-11.637445449829102,-5.327533698081968,False
proser,mls,near,969,fox,cat,-6.184327602386475,-5.327533698081968,False
proser,mls,near,992,camel,cat,-4.233421802520752,-5.327533698081968,True
proser,mls,near,995,tractor,truck,-8.106193542480469,-5.327533698081968,False
proser,mls,near,1023,motorcycle,truck,-6.142976760864258,-5.327533698081968,False
proser,mls,near,1026,wolf,dog,-8.840415000915527,-5.327533698081968,False
proser,mls,near,1034,bus,truck,-9.603591918945312,-5.327533698081968,False
proser,mls,near,1060,camel,horse,-9.657965660095215,-5.327533698081968,False
proser,mls,near,1081,tractor,truck,-6.976644992828369,-5.327533698081968,False
proser,mls,near,1084,leopard,frog,-4.442578315734863,-5.327533698081968,True
proser,mls,near,1085,camel,dog,-3.3831493854522705,-5.327533698081968,True
proser,mls,near,1096,motorcycle,cat,-7.699766159057617,-5.327533698081968,False
proser,mls,near,1133,fox,deer,-7.721680164337158,-5.327533698081968,False
proser,mls,near,1143,bus,truck,-4.6186347007751465,-5.327533698081968,True
proser,mls,near,1145,pickup_truck,automobile,-6.676959037780762,-5.327533698081968,False
proser,mls,near,1155,pickup_truck,automobile,-6.03822135925293,-5.327533698081968,False
proser,mls,near,1181,tractor,truck,-3.6091175079345703,-5.327533698081968,True
proser,mls,near,1184,camel,deer,-8.05467700958252,-5.327533698081968,False
proser,mls,near,1212,pickup_truck,automobile,-8.259708404541016,-5.327533698081968,False
proser,mls,near,1218,motorcycle,automobile,-5.116060733795166,-5.327533698081968,True
proser,mls,near,1227,fox,cat,-8.392975807189941,-5.327533698081968,False
proser,mls,near,1260,tractor,truck,-8.57557487487793,-5.327533698081968,False
proser,mls,near,1261,tractor,truck,-6.955852031707764,-5.327533698081968,False
proser,mls,near,1271,bus,truck,-8.761787414550781,-5.327533698081968,False
proser,mls,near,1320,fox,dog,-6.675688743591309,-5.327533698081968,False
proser,mls,near,1321,motorcycle,truck,-4.4107770919799805,-5.327533698081968,True
proser,mls,near,1324,leopard,frog,-6.647520542144775,-5.327533698081968,False
proser,mls,near,1327,pickup_truck,automobile,-8.158590316772461,-5.327533698081968,False
proser,mls,near,1328,leopard,cat,-5.850649356842041,-5.327533698081968,False
proser,mls,near,1345,wolf,cat,-9.306227684020996,-5.327533698081968,False
proser,mls,near,1403,fox,deer,-4.717871189117432,-5.327533698081968,True
proser,mls,near,1404,motorcycle,cat,-9.736113548278809,-5.327533698081968,False
proser,mls,near,1423,camel,dog,-6.662771701812744,-5.327533698081968,False
proser,mls,near,1425,fox,deer,-6.200493335723877,-5.327533698081968,False
proser,mls,near,1427,bus,truck,-4.388062000274658,-5.327533698081968,True
proser,mls,near,1432,fox,dog,-7.546907901763916,-5.327533698081968,False
proser,mls,near,1445,bus,truck,-8.755273818969727,-5.327533698081968,False
proser,mls,near,1463,motorcycle,dog,-6.978917598724365,-5.327533698081968,False
proser,mls,near,1464,motorcycle,truck,-6.946457386016846,-5.327533698081968,False
proser,mls,near,1478,bus,truck,-9.550838470458984,-5.327533698081968,False
proser,mls,near,1489,bus,truck,-9.093567848205566,-5.327533698081968,False
proser,mls,near,1491,pickup_truck,automobile,-6.400655746459961,-5.327533698081968,False
proser,mls,near,1498,fox,cat,-7.402182579040527,-5.327533698081968,False
proser,mls,near,1510,camel,deer,-4.153749942779541,-5.327533698081968,True
proser,mls,near,1519,wolf,dog,-5.140747547149658,-5.327533698081968,True
proser,mls,near,1568,pickup_truck,automobile,-7.489876747131348,-5.327533698081968,False
proser,mls,near,1570,leopard,cat,-7.553389072418213,-5.327533698081968,False
proser,mls,near,1572,camel,deer,-8.983357429504395,-5.327533698081968,False
proser,mls,near,1573,camel,airplane,-5.742870807647705,-5.327533698081968,False
proser,mls,near,1588,camel,bird,-5.204380035400391,-5.327533698081968,True
proser,mls,near,1607,leopard,cat,-5.1410441398620605,-5.327533698081968,True
proser,mls,near,1616,bus,horse,-2.8680760860443115,-5.327533698081968,True
proser,mls,near,1620,leopard,bird,-4.231728553771973,-5.327533698081968,True
proser,mls,near,1645,fox,deer,-4.013128757476807,-5.327533698081968,True
proser,mls,near,1662,bus,truck,-10.27737808227539,-5.327533698081968,False
proser,mls,near,1671,motorcycle,airplane,-3.3427696228027344,-5.327533698081968,True
proser,mls,near,1687,camel,dog,-4.2951226234436035,-5.327533698081968,True
proser,mls,near,1698,fox,deer,-3.6362342834472656,-5.327533698081968,True
proser,mls,near,1752,wolf,cat,-5.476290225982666,-5.327533698081968,False
proser,mls,near,1753,tractor,truck,-7.3186140060424805,-5.327533698081968,False
proser,mls,near,1771,leopard,deer,-4.667318820953369,-5.327533698081968,True
proser,mls,near,1783,fox,cat,-5.982752799987793,-5.327533698081968,False
proser,mls,near,1799,fox,cat,-5.914763450622559,-5.327533698081968,False
proser,mls,near,1812,motorcycle,frog,-4.550439834594727,-5.327533698081968,True
proser,mls,near,1829,motorcycle,automobile,-2.222670793533325,-5.327533698081968,True
proser,mls,near,1843,leopard,deer,-6.162723064422607,-5.327533698081968,False
proser,mls,near,1864,tractor,truck,-7.849392414093018,-5.327533698081968,False
proser,mls,near,1881,tractor,truck,-3.8333187103271484,-5.327533698081968,True
proser,mls,near,1882,camel,dog,-8.943243026733398,-5.327533698081968,False
proser,mls,near,1889,bus,cat,-2.5397095680236816,-5.327533698081968,True
proser,mls,near,1913,pickup_truck,truck,-7.237405300140381,-5.327533698081968,False
proser,mls,near,1937,wolf,dog,-5.396005153656006,-5.327533698081968,False
proser,mls,near,1976,tractor,truck,-6.705398082733154,-5.327533698081968,False
proser,mls,near,1985,bus,automobile,-8.186464309692383,-5.327533698081968,False
proser,mls,near,1994,leopard,frog,-7.358359336853027,-5.327533698081968,False
proser,mls,near,2012,pickup_truck,automobile,-5.663524150848389,-5.327533698081968,False
proser,mls,near,2019,bus,automobile,-6.722399711608887,-5.327533698081968,False
proser,mls,near,2029,tractor,truck,-5.016726493835449,-5.327533698081968,True
proser,mls,near,2033,motorcycle,airplane,-3.848207712173462,-5.327533698081968,True
proser,mls,near,2051,camel,horse,-5.909574031829834,-5.327533698081968,False
proser,mls,near,2064,wolf,dog,-11.30217456817627,-5.327533698081968,False
proser,mls,near,2066,motorcycle,truck,-4.256917953491211,-5.327533698081968,True
proser,mls,near,2072,motorcycle,frog,-4.481838703155518,-5.327533698081968,True
proser,mls,near,2082,motorcycle,automobile,-6.152143478393555,-5.327533698081968,False
proser,mls,near,2100,pickup_truck,automobile,-8.774051666259766,-5.327533698081968,False
proser,mls,near,2101,tractor,frog,-5.471367835998535,-5.327533698081968,False
proser,mls,near,2102,wolf,bird,-7.937560558319092,-5.327533698081968,False
proser,mls,near,2123,tractor,truck,-8.869380950927734,-5.327533698081968,False
proser,mls,near,2131,fox,horse,-3.4762516021728516,-5.327533698081968,True
proser,mls,near,2144,tractor,truck,-8.278585433959961,-5.327533698081968,False
proser,mls,near,2145,camel,horse,-4.412813663482666,-5.327533698081968,True
proser,mls,near,2148,motorcycle,cat,-5.256840229034424,-5.327533698081968,True
proser,mls,near,2171,tractor,truck,-6.61945915222168,-5.327533698081968,False
proser,mls,near,2203,bus,automobile,-7.726433753967285,-5.327533698081968,False
proser,mls,near,2211,leopard,cat,-4.870785236358643,-5.327533698081968,True
proser,mls,near,2219,wolf,dog,-8.245814323425293,-5.327533698081968,False
proser,mls,near,2242,motorcycle,frog,-4.918974876403809,-5.327533698081968,True
proser,mls,near,2267,camel,cat,-4.688119411468506,-5.327533698081968,True
proser,mls,near,2315,camel,horse,-5.013591289520264,-5.327533698081968,True
proser,mls,near,2321,pickup_truck,automobile,-7.828259468078613,-5.327533698081968,False
proser,mls,near,2336,fox,deer,-4.984032154083252,-5.327533698081968,True
proser,mls,near,2337,wolf,horse,-5.732028007507324,-5.327533698081968,False
proser,mls,near,2340,wolf,cat,-9.79757022857666,-5.327533698081968,False
proser,mls,near,2349,fox,deer,-5.354180812835693,-5.327533698081968,False
proser,mls,near,2356,fox,deer,-6.076491832733154,-5.327533698081968,False
proser,mls,near,2396,pickup_truck,automobile,-7.8408427238464355,-5.327533698081968,False
proser,mls,near,2415,camel,deer,-7.763243675231934,-5.327533698081968,False
proser,mls,near,2421,pickup_truck,automobile,-5.183277606964111,-5.327533698081968,True
proser,mls,near,2435,fox,cat,-7.1098432540893555,-5.327533698081968,False
proser,mls,near,2484,bus,truck,-7.740889072418213,-5.327533698081968,False
proser,mls,near,2503,tractor,ship,-4.259525775909424,-5.327533698081968,True
proser,mls,near,2518,fox,dog,-6.100379467010498,-5.327533698081968,False
proser,mls,near,2544,fox,deer,-6.307195663452148,-5.327533698081968,False
proser,mls,near,2556,pickup_truck,truck,-6.793693542480469,-5.327533698081968,False
proser,mls,near,2569,tractor,truck,-5.232369422912598,-5.327533698081968,True
proser,mls,near,2570,leopard,cat,-7.141838550567627,-5.327533698081968,False
proser,mls,near,2591,bus,truck,-8.554489135742188,-5.327533698081968,False
proser,mls,near,2603,pickup_truck,automobile,-8.793936729431152,-5.327533698081968,False
proser,mls,near,2618,wolf,cat,-8.471878051757812,-5.327533698081968,False
proser,mls,near,2624,tractor,truck,-7.026777744293213,-5.327533698081968,False
proser,mls,near,2647,leopard,frog,-8.661561012268066,-5.327533698081968,False
proser,mls,near,2665,bus,truck,-9.221345901489258,-5.327533698081968,False
proser,mls,near,2675,tractor,truck,-5.126756191253662,-5.327533698081968,True
proser,mls,near,2678,leopard,cat,-7.724616527557373,-5.327533698081968,False
proser,mls,near,2698,bus,truck,-6.943504810333252,-5.327533698081968,False
proser,mls,near,2712,camel,horse,-4.637355804443359,-5.327533698081968,True
proser,mls,near,2719,bus,truck,-9.959421157836914,-5.327533698081968,False
proser,mls,near,2756,fox,cat,-5.288937568664551,-5.327533698081968,True
proser,mls,near,2774,camel,frog,-7.563546180725098,-5.327533698081968,False
proser,mls,near,2826,wolf,deer,-7.430765151977539,-5.327533698081968,False
proser,mls,near,2828,fox,cat,-5.868109226226807,-5.327533698081968,False
proser,mls,near,2832,bus,truck,-10.14083480834961,-5.327533698081968,False
proser,mls,near,2834,camel,horse,-6.407989025115967,-5.327533698081968,False
proser,mls,near,2835,wolf,dog,-6.18103551864624,-5.327533698081968,False
proser,mls,near,2842,wolf,cat,-8.415548324584961,-5.327533698081968,False
proser,mls,near,2843,bus,truck,-8.450106620788574,-5.327533698081968,False
proser,mls,near,2871,tractor,truck,-3.823237180709839,-5.327533698081968,True
proser,mls,near,2882,pickup_truck,automobile,-8.12359619140625,-5.327533698081968,False
proser,mls,near,2891,fox,cat,-4.7456207275390625,-5.327533698081968,True
proser,mls,near,2911,tractor,ship,-7.33174467086792,-5.327533698081968,False
proser,mls,near,2933,wolf,cat,-6.503114223480225,-5.327533698081968,False
proser,mls,near,2946,camel,dog,-8.348769187927246,-5.327533698081968,False
proser,mls,near,2948,camel,deer,-7.436005115509033,-5.327533698081968,False
proser,mls,near,2956,tractor,truck,-7.47790002822876,-5.327533698081968,False
proser,mls,near,2986,wolf,dog,-3.826350212097168,-5.327533698081968,True
proser,mls,near,2992,tractor,ship,-4.37475061416626,-5.327533698081968,True
proser,mls,near,3009,leopard,deer,-2.669018507003784,-5.327533698081968,True
proser,mls,near,3026,bus,truck,-9.252227783203125,-5.327533698081968,False
proser,mls,near,3027,motorcycle,cat,-3.3443737030029297,-5.327533698081968,True
proser,mls,near,3054,motorcycle,airplane,-5.7826032638549805,-5.327533698081968,False
proser,mls,near,3074,leopard,frog,-7.557141304016113,-5.327533698081968,False
proser,mls,near,3104,leopard,cat,-9.504670143127441,-5.327533698081968,False
proser,mls,near,3106,bus,truck,-6.281957149505615,-5.327533698081968,False
proser,mls,near,3111,motorcycle,truck,-4.185941696166992,-5.327533698081968,True
proser,mls,near,3136,fox,cat,-6.738649368286133,-5.327533698081968,False
proser,mls,near,3153,camel,truck,-3.072415351867676,-5.327533698081968,True
proser,mls,near,3177,tractor,truck,-7.565754413604736,-5.327533698081968,False
proser,mls,near,3197,bus,truck,-8.845903396606445,-5.327533698081968,False
proser,mls,near,3200,leopard,cat,-4.803914546966553,-5.327533698081968,True
proser,mls,near,3219,wolf,dog,-6.259522914886475,-5.327533698081968,False
proser,mls,near,3236,bus,automobile,-7.761958599090576,-5.327533698081968,False
proser,mls,near,3240,motorcycle,airplane,-5.7150959968566895,-5.327533698081968,False
proser,mls,near,3256,motorcycle,airplane,-1.3215951919555664,-5.327533698081968,True
proser,mls,near,3276,bus,truck,-9.288961410522461,-5.327533698081968,False
proser,mls,near,3291,leopard,bird,-5.34912633895874,-5.327533698081968,False
proser,mls,near,3319,camel,dog,-5.17687463760376,-5.327533698081968,True
proser,mls,near,3338,leopard,cat,-4.898879528045654,-5.327533698081968,True
proser,mls,near,3346,leopard,cat,-7.38033390045166,-5.327533698081968,False
proser,mls,near,3368,fox,deer,-5.958048343658447,-5.327533698081968,False
proser,mls,near,3376,motorcycle,automobile,-8.899415969848633,-5.327533698081968,False
proser,mls,near,3379,leopard,cat,-6.8672308921813965,-5.327533698081968,False
proser,mls,near,3412,tractor,truck,-4.491387844085693,-5.327533698081968,True
proser,mls,near,3478,bus,truck,-5.886216640472412,-5.327533698081968,False
proser,mls,near,3484,tractor,truck,-8.015106201171875,-5.327533698081968,False
proser,mls,near,3487,wolf,dog,-7.192854404449463,-5.327533698081968,False
proser,mls,near,3525,motorcycle,horse,-4.072380065917969,-5.327533698081968,True
proser,mls,near,3532,tractor,truck,-7.814233303070068,-5.327533698081968,False
proser,mls,near,3537,pickup_truck,truck,-5.736790180206299,-5.327533698081968,False
proser,mls,near,3538,wolf,dog,-8.805074691772461,-5.327533698081968,False
proser,mls,near,3549,leopard,deer,-5.197650909423828,-5.327533698081968,True
proser,mls,near,3558,motorcycle,automobile,-7.697588920593262,-5.327533698081968,False
proser,mls,near,3564,bus,cat,-6.146298408508301,-5.327533698081968,False
proser,mls,near,3567,leopard,dog,-5.262393474578857,-5.327533698081968,True
proser,mls,near,3605,fox,cat,-5.196106433868408,-5.327533698081968,True
proser,mls,near,3606,motorcycle,truck,-3.294212818145752,-5.327533698081968,True
proser,mls,near,3607,fox,dog,-5.077134609222412,-5.327533698081968,True
proser,mls,near,3608,fox,cat,-8.796737670898438,-5.327533698081968,False
proser,mls,near,3613,wolf,dog,-7.455203533172607,-5.327533698081968,False
proser,mls,near,3630,pickup_truck,truck,-8.53353500366211,-5.327533698081968,False
proser,mls,near,3644,fox,deer,-9.931815147399902,-5.327533698081968,False
proser,mls,near,3655,pickup_truck,automobile,-5.800297260284424,-5.327533698081968,False
proser,mls,near,3663,wolf,cat,-6.861623287200928,-5.327533698081968,False
proser,mls,near,3701,bus,truck,-7.183714389801025,-5.327533698081968,False
proser,mls,near,3715,motorcycle,automobile,-2.8416781425476074,-5.327533698081968,True
proser,mls,near,3731,wolf,dog,-7.5101423263549805,-5.327533698081968,False
proser,mls,near,3732,motorcycle,truck,-8.059638977050781,-5.327533698081968,False
proser,mls,near,3747,wolf,dog,-5.266647815704346,-5.327533698081968,True
proser,mls,near,3748,motorcycle,frog,-7.020361423492432,-5.327533698081968,False
proser,mls,near,3755,bus,truck,-8.667228698730469,-5.327533698081968,False
proser,mls,near,3760,fox,cat,-9.286276817321777,-5.327533698081968,False
proser,mls,near,3817,wolf,dog,-8.991551399230957,-5.327533698081968,False
proser,mls,near,3823,fox,cat,-4.414060592651367,-5.327533698081968,True
proser,mls,near,3831,camel,horse,-4.271503925323486,-5.327533698081968,True
proser,mls,near,3840,tractor,truck,-3.355281114578247,-5.327533698081968,True
proser,mls,near,3849,wolf,cat,-5.327078342437744,-5.327533698081968,True
proser,mls,near,3857,motorcycle,cat,-3.9333536624908447,-5.327533698081968,True
proser,mls,near,3868,bus,truck,-4.8911519050598145,-5.327533698081968,True
proser,mls,near,3877,wolf,cat,-8.469584465026855,-5.327533698081968,False
proser,mls,near,3884,camel,horse,-2.703681707382202,-5.327533698081968,True
proser,mls,near,3886,wolf,dog,-6.139122009277344,-5.327533698081968,False
proser,mls,near,3887,bus,truck,-7.625516414642334,-5.327533698081968,False
proser,mls,near,3893,motorcycle,airplane,-4.975753307342529,-5.327533698081968,True
proser,mls,near,3908,fox,cat,-5.819316387176514,-5.327533698081968,False
proser,mls,near,3913,tractor,truck,-8.328577041625977,-5.327533698081968,False
proser,mls,near,3927,wolf,dog,-7.775048732757568,-5.327533698081968,False
proser,mls,near,3930,camel,ship,-6.075137615203857,-5.327533698081968,False
proser,mls,near,3933,pickup_truck,automobile,-7.050449371337891,-5.327533698081968,False
proser,mls,near,3947,bus,truck,-6.1007304191589355,-5.327533698081968,False
proser,mls,near,3985,camel,deer,-8.803709030151367,-5.327533698081968,False
proser,mls,near,4003,fox,deer,-6.993104934692383,-5.327533698081968,False
proser,mls,near,4004,fox,cat,-5.725075721740723,-5.327533698081968,False
proser,mls,near,4027,tractor,truck,-6.521727085113525,-5.327533698081968,False
proser,mls,near,4028,motorcycle,airplane,-5.392636299133301,-5.327533698081968,False
proser,mls,near,4049,fox,dog,-3.7372889518737793,-5.327533698081968,True
proser,mls,near,4104,bus,airplane,-8.807782173156738,-5.327533698081968,False
proser,mls,near,4109,tractor,truck,-6.604374885559082,-5.327533698081968,False
proser,mls,near,4118,leopard,frog,-6.005263328552246,-5.327533698081968,False
proser,mls,near,4128,motorcycle,cat,-3.835362434387207,-5.327533698081968,True
proser,mls,near,4129,bus,truck,-3.805642604827881,-5.327533698081968,True
proser,mls,near,4147,motorcycle,cat,-3.161146402359009,-5.327533698081968,True
proser,mls,near,4153,wolf,cat,-5.562938213348389,-5.327533698081968,False
proser,mls,near,4173,bus,truck,-9.641206741333008,-5.327533698081968,False
proser,mls,near,4182,fox,deer,-6.295976161956787,-5.327533698081968,False
proser,mls,near,4185,bus,truck,-9.090761184692383,-5.327533698081968,False
proser,mls,near,4201,bus,truck,-7.105282783508301,-5.327533698081968,False
proser,mls,near,4225,wolf,frog,-6.777446269989014,-5.327533698081968,False
proser,mls,near,4234,camel,deer,-10.460640907287598,-5.327533698081968,False
proser,mls,near,4238,leopard,dog,-8.003387451171875,-5.327533698081968,False
proser,mls,near,4255,fox,deer,-8.240212440490723,-5.327533698081968,False
proser,mls,near,4264,fox,deer,-9.168987274169922,-5.327533698081968,False
proser,mls,near,4277,fox,dog,-4.504362106323242,-5.327533698081968,True
proser,mls,near,4278,leopard,deer,-4.246363162994385,-5.327533698081968,True
proser,mls,near,4283,wolf,cat,-5.468014240264893,-5.327533698081968,False
proser,mls,near,4285,wolf,dog,-9.409594535827637,-5.327533698081968,False
proser,mls,near,4294,wolf,deer,-5.057872295379639,-5.327533698081968,True
proser,mls,near,4296,bus,truck,-9.180798530578613,-5.327533698081968,False
proser,mls,near,4307,bus,truck,-8.685212135314941,-5.327533698081968,False
proser,mls,near,4313,fox,horse,-3.988562822341919,-5.327533698081968,True
proser,mls,near,4316,pickup_truck,truck,-9.819955825805664,-5.327533698081968,False
proser,mls,near,4320,leopard,cat,-8.836776733398438,-5.327533698081968,False
proser,mls,near,4335,pickup_truck,truck,-9.180292129516602,-5.327533698081968,False
proser,mls,near,4341,fox,airplane,-7.782042980194092,-5.327533698081968,False
proser,mls,near,4345,camel,cat,-4.8640289306640625,-5.327533698081968,True
proser,mls,near,4378,wolf,dog,-8.012824058532715,-5.327533698081968,False
proser,mls,near,4387,pickup_truck,truck,-6.2354865074157715,-5.327533698081968,False
proser,mls,near,4404,tractor,truck,-7.739108085632324,-5.327533698081968,False
proser,mls,near,4415,camel,dog,-2.2776553630828857,-5.327533698081968,True
proser,mls,near,4426,bus,automobile,-4.998366832733154,-5.327533698081968,True
proser,mls,near,4434,bus,truck,-7.669729232788086,-5.327533698081968,False
proser,mls,near,4435,camel,dog,-5.914056301116943,-5.327533698081968,False
proser,mls,near,4441,fox,dog,-8.027069091796875,-5.327533698081968,False
proser,mls,near,4461,motorcycle,airplane,-5.454769134521484,-5.327533698081968,False
proser,mls,near,4463,pickup_truck,automobile,-6.6133832931518555,-5.327533698081968,False
proser,mls,near,4464,bus,truck,-9.30183219909668,-5.327533698081968,False
proser,mls,near,4468,bus,truck,-5.125495433807373,-5.327533698081968,True
proser,mls,near,4470,wolf,dog,-4.345221042633057,-5.327533698081968,True
proser,mls,near,4487,motorcycle,airplane,-4.337737083435059,-5.327533698081968,True
proser,mls,near,4506,pickup_truck,automobile,-10.207437515258789,-5.327533698081968,False
proser,mls,near,4515,pickup_truck,automobile,-9.33552360534668,-5.327533698081968,False
proser,mls,near,4517,tractor,truck,-4.496167182922363,-5.327533698081968,True
proser,mls,near,4519,camel,bird,-6.293110370635986,-5.327533698081968,False
proser,mls,near,4586,bus,automobile,-9.102529525756836,-5.327533698081968,False
proser,mls,near,4588,pickup_truck,automobile,-9.06439208984375,-5.327533698081968,False
proser,mls,near,4602,wolf,dog,-8.311625480651855,-5.327533698081968,False
proser,mls,near,4609,leopard,frog,-4.831066131591797,-5.327533698081968,True
proser,mls,near,4610,tractor,truck,-8.425865173339844,-5.327533698081968,False
proser,mls,near,4611,leopard,cat,-5.3139142990112305,-5.327533698081968,True
proser,mls,near,4621,fox,deer,-6.359692096710205,-5.327533698081968,False
proser,mls,near,4663,tractor,truck,-9.508828163146973,-5.327533698081968,False
proser,mls,near,4677,leopard,cat,-5.885594367980957,-5.327533698081968,False
proser,mls,near,4691,tractor,truck,-8.402459144592285,-5.327533698081968,False
proser,mls,near,4693,pickup_truck,automobile,-5.434845924377441,-5.327533698081968,False
proser,mls,near,4703,fox,deer,-7.0501909255981445,-5.327533698081968,False
proser,mls,near,4706,fox,frog,-2.205287218093872,-5.327533698081968,True
proser,mls,near,4731,tractor,truck,-8.29330062866211,-5.327533698081968,False
proser,mls,near,4736,camel,bird,-6.356259346008301,-5.327533698081968,False
proser,mls,near,4740,bus,truck,-5.384476661682129,-5.327533698081968,False
proser,mls,near,4754,fox,deer,-7.071786403656006,-5.327533698081968,False
proser,mls,near,4756,bus,horse,-4.131187915802002,-5.327533698081968,True
proser,mls,near,4788,bus,automobile,-4.823988914489746,-5.327533698081968,True
proser,mls,near,4808,bus,ship,-5.496013641357422,-5.327533698081968,False
proser,mls,near,4821,pickup_truck,automobile,-8.3270902633667,-5.327533698081968,False
proser,mls,near,4870,pickup_truck,automobile,-9.269448280334473,-5.327533698081968,False
proser,mls,near,4878,fox,cat,-2.697615146636963,-5.327533698081968,True
proser,mls,near,4881,pickup_truck,automobile,-8.736284255981445,-5.327533698081968,False
proser,mls,near,4889,fox,horse,-9.07955265045166,-5.327533698081968,False
proser,mls,near,4892,motorcycle,automobile,-3.6794328689575195,-5.327533698081968,True
proser,mls,near,4894,camel,horse,-3.6279985904693604,-5.327533698081968,True
proser,mls,near,4927,motorcycle,truck,-3.5282397270202637,-5.327533698081968,True
proser,mls,near,4943,leopard,deer,-6.750367164611816,-5.327533698081968,False
proser,mls,near,4960,motorcycle,dog,-3.243908643722534,-5.327533698081968,True
proser,mls,near,4971,leopard,cat,-10.059359550476074,-5.327533698081968,False
proser,mls,near,4991,fox,horse,-3.074389696121216,-5.327533698081968,True
proser,mls,near,4992,leopard,cat,-5.6393609046936035,-5.327533698081968,False
proser,mls,near,4998,bus,truck,-7.145477771759033,-5.327533698081968,False
proser,mls,near,5003,motorcycle,dog,-4.111348628997803,-5.327533698081968,True
proser,mls,near,5008,pickup_truck,automobile,-8.740671157836914,-5.327533698081968,False
proser,mls,near,5009,pickup_truck,automobile,-8.772260665893555,-5.327533698081968,False
proser,mls,near,5015,bus,truck,-6.584020137786865,-5.327533698081968,False
proser,mls,near,5016,leopard,deer,-6.111716270446777,-5.327533698081968,False
proser,mls,near,5020,bus,truck,-6.5206990242004395,-5.327533698081968,False
proser,mls,near,5025,tractor,truck,-9.75430679321289,-5.327533698081968,False
proser,mls,near,5029,camel,deer,-6.820120334625244,-5.327533698081968,False
proser,mls,near,5031,wolf,cat,-7.011309623718262,-5.327533698081968,False
proser,mls,near,5032,camel,bird,-2.1587419509887695,-5.327533698081968,True
proser,mls,near,5064,bus,truck,-6.344137668609619,-5.327533698081968,False
proser,mls,near,5078,wolf,dog,-9.768462181091309,-5.327533698081968,False
proser,mls,near,5084,fox,cat,-5.492179870605469,-5.327533698081968,False
proser,mls,near,5109,leopard,cat,-4.635284900665283,-5.327533698081968,True
proser,mls,near,5110,pickup_truck,automobile,-8.407695770263672,-5.327533698081968,False
proser,mls,near,5112,motorcycle,cat,-7.317863941192627,-5.327533698081968,False
proser,mls,near,5113,camel,dog,-4.75218391418457,-5.327533698081968,True
proser,mls,near,5114,motorcycle,truck,-5.250069618225098,-5.327533698081968,True
proser,mls,near,5119,camel,airplane,-5.348581790924072,-5.327533698081968,False
proser,mls,near,5129,pickup_truck,automobile,-9.188139915466309,-5.327533698081968,False
proser,mls,near,5141,tractor,truck,-4.314631462097168,-5.327533698081968,True
proser,mls,near,5142,leopard,cat,-5.545637607574463,-5.327533698081968,False
proser,mls,near,5149,pickup_truck,truck,-9.047321319580078,-5.327533698081968,False
proser,mls,near,5162,motorcycle,cat,-5.903341293334961,-5.327533698081968,False
proser,mls,near,5163,bus,truck,-9.489241600036621,-5.327533698081968,False
proser,mls,near,5175,motorcycle,automobile,-5.061771392822266,-5.327533698081968,True
proser,mls,near,5182,tractor,frog,-3.999901294708252,-5.327533698081968,True
proser,mls,near,5184,bus,truck,-8.258862495422363,-5.327533698081968,False
proser,mls,near,5185,leopard,frog,-4.562831401824951,-5.327533698081968,True
proser,mls,near,5189,tractor,truck,-6.503931522369385,-5.327533698081968,False
proser,mls,near,5201,bus,truck,-10.009100914001465,-5.327533698081968,False
proser,mls,near,5210,leopard,frog,-3.296994924545288,-5.327533698081968,True
proser,mls,near,5216,motorcycle,deer,-1.8356202840805054,-5.327533698081968,True
proser,mls,near,5218,camel,frog,-5.387679576873779,-5.327533698081968,False
proser,mls,near,5231,leopard,frog,-6.824387550354004,-5.327533698081968,False
proser,mls,near,5249,camel,dog,-5.167237758636475,-5.327533698081968,True
proser,mls,near,5253,camel,cat,-1.8676440715789795,-5.327533698081968,True
proser,mls,near,5285,camel,dog,-7.25835657119751,-5.327533698081968,False
proser,mls,near,5287,tractor,truck,-5.676141262054443,-5.327533698081968,False
proser,mls,near,5291,wolf,dog,-7.813958644866943,-5.327533698081968,False
proser,mls,near,5293,camel,horse,-6.875927925109863,-5.327533698081968,False
proser,mls,near,5311,motorcycle,frog,-5.629474639892578,-5.327533698081968,False
proser,mls,near,5314,tractor,automobile,-3.046509027481079,-5.327533698081968,True
proser,mls,near,5316,leopard,cat,-5.323229789733887,-5.327533698081968,True
proser,mls,near,5317,pickup_truck,automobile,-6.948019981384277,-5.327533698081968,False
proser,mls,near,5327,tractor,truck,-7.6330389976501465,-5.327533698081968,False
proser,mls,near,5328,leopard,deer,-5.741831302642822,-5.327533698081968,False
proser,mls,near,5342,motorcycle,frog,-2.8346714973449707,-5.327533698081968,True
proser,mls,near,5350,motorcycle,truck,-4.602802753448486,-5.327533698081968,True
proser,mls,near,5399,leopard,cat,-9.789718627929688,-5.327533698081968,False
proser,mls,near,5408,wolf,cat,-7.098696231842041,-5.327533698081968,False
proser,mls,near,5425,wolf,dog,-7.263387203216553,-5.327533698081968,False
proser,mls,near,5430,motorcycle,automobile,-4.2592949867248535,-5.327533698081968,True
proser,mls,near,5437,pickup_truck,truck,-5.831605911254883,-5.327533698081968,False
proser,mls,near,5445,tractor,truck,-5.776005268096924,-5.327533698081968,False
proser,mls,near,5449,leopard,frog,-8.343951225280762,-5.327533698081968,False
proser,mls,near,5455,camel,horse,-6.197032451629639,-5.327533698081968,False
proser,mls,near,5458,leopard,dog,-5.051224708557129,-5.327533698081968,True
proser,mls,near,5460,motorcycle,automobile,-2.1362667083740234,-5.327533698081968,True
proser,mls,near,5465,bus,cat,-1.9423454999923706,-5.327533698081968,True
proser,mls,near,5469,motorcycle,cat,-2.59684157371521,-5.327533698081968,True
proser,mls,near,5472,leopard,cat,-6.068976402282715,-5.327533698081968,False
proser,mls,near,5478,leopard,frog,-5.2049407958984375,-5.327533698081968,True
proser,mls,near,5486,motorcycle,automobile,-7.47353458404541,-5.327533698081968,False
proser,mls,near,5494,camel,horse,-4.639440536499023,-5.327533698081968,True
proser,mls,near,5495,tractor,truck,-8.77276611328125,-5.327533698081968,False
proser,mls,near,5516,camel,bird,-3.7487478256225586,-5.327533698081968,True
proser,mls,near,5519,camel,deer,-6.6060566902160645,-5.327533698081968,False
proser,mls,near,5532,camel,dog,-4.6628851890563965,-5.327533698081968,True
proser,mls,near,5550,tractor,truck,-9.569290161132812,-5.327533698081968,False
proser,mls,near,5568,pickup_truck,automobile,-6.988259315490723,-5.327533698081968,False
proser,mls,near,5572,motorcycle,automobile,-9.05066204071045,-5.327533698081968,False
proser,mls,near,5612,motorcycle,truck,-4.184600353240967,-5.327533698081968,True
proser,mls,near,5619,fox,cat,-4.5361247062683105,-5.327533698081968,True
proser,mls,near,5634,bus,truck,-6.940332412719727,-5.327533698081968,False
proser,mls,near,5650,motorcycle,automobile,-5.335108757019043,-5.327533698081968,False
proser,mls,near,5654,bus,automobile,-9.902758598327637,-5.327533698081968,False
proser,mls,near,5664,camel,dog,-3.7060859203338623,-5.327533698081968,True
proser,mls,near,5691,motorcycle,airplane,-3.7425734996795654,-5.327533698081968,True
proser,mls,near,5696,tractor,truck,-6.780328750610352,-5.327533698081968,False
proser,mls,near,5698,leopard,frog,-8.098999977111816,-5.327533698081968,False
proser,mls,near,5715,pickup_truck,truck,-6.609287261962891,-5.327533698081968,False
proser,mls,near,5726,fox,bird,-5.959960460662842,-5.327533698081968,False
proser,mls,near,5732,pickup_truck,automobile,-8.865224838256836,-5.327533698081968,False
proser,mls,near,5736,pickup_truck,truck,-5.80339241027832,-5.327533698081968,False
proser,mls,near,5738,pickup_truck,automobile,-7.826344013214111,-5.327533698081968,False
proser,mls,near,5748,bus,truck,-9.354701042175293,-5.327533698081968,False
proser,mls,near,5756,pickup_truck,automobile,-8.395437240600586,-5.327533698081968,False
proser,mls,near,5762,camel,bird,-10.568427085876465,-5.327533698081968,False
proser,mls,near,5781,wolf,cat,-7.503926753997803,-5.327533698081968,False
proser,mls,near,5818,tractor,horse,-6.322774887084961,-5.327533698081968,False
proser,mls,near,5819,leopard,cat,-7.7200188636779785,-5.327533698081968,False
proser,mls,near,5832,fox,deer,-7.20448637008667,-5.327533698081968,False
proser,mls,near,5853,bus,truck,-10.370267868041992,-5.327533698081968,False
proser,mls,near,5889,fox,dog,-5.025813102722168,-5.327533698081968,True
proser,mls,near,5893,pickup_truck,automobile,-6.365248203277588,-5.327533698081968,False
proser,mls,near,5896,fox,bird,-3.7613275051116943,-5.327533698081968,True
proser,mls,near,5905,leopard,frog,-3.5096089839935303,-5.327533698081968,True
proser,mls,near,5911,wolf,cat,-5.283716678619385,-5.327533698081968,True
proser,mls,near,5912,wolf,bird,-6.408665657043457,-5.327533698081968,False
proser,mls,near,5920,bus,truck,-8.245489120483398,-5.327533698081968,False
proser,mls,near,5932,pickup_truck,truck,-6.7502970695495605,-5.327533698081968,False
proser,mls,near,5945,fox,dog,-2.651728868484497,-5.327533698081968,True
proser,mls,near,6010,wolf,deer,-6.393439292907715,-5.327533698081968,False
proser,mls,near,6022,motorcycle,truck,-2.9023218154907227,-5.327533698081968,True
proser,mls,near,6037,camel,dog,-4.884965419769287,-5.327533698081968,True
proser,mls,near,6044,camel,bird,-4.746519088745117,-5.327533698081968,True
proser,mls,near,6055,leopard,cat,-9.697094917297363,-5.327533698081968,False
proser,mls,near,6061,leopard,cat,-5.419302463531494,-5.327533698081968,False
proser,mls,near,6063,tractor,truck,-4.644498348236084,-5.327533698081968,True
proser,mls,near,6075,pickup_truck,automobile,-7.229696273803711,-5.327533698081968,False
proser,mls,near,6080,fox,deer,-6.112274646759033,-5.327533698081968,False
proser,mls,near,6116,bus,truck,-11.478912353515625,-5.327533698081968,False
proser,mls,near,6132,wolf,cat,-5.8894195556640625,-5.327533698081968,False
proser,mls,near,6144,motorcycle,frog,-3.516282558441162,-5.327533698081968,True
proser,mls,near,6160,wolf,cat,-6.803069591522217,-5.327533698081968,False
proser,mls,near,6162,fox,cat,-9.051032066345215,-5.327533698081968,False
proser,mls,near,6163,fox,deer,-10.138309478759766,-5.327533698081968,False
proser,mls,near,6176,bus,truck,-6.993560314178467,-5.327533698081968,False
proser,mls,near,6178,wolf,dog,-8.05273151397705,-5.327533698081968,False
proser,mls,near,6279,motorcycle,automobile,-8.869841575622559,-5.327533698081968,False
proser,mls,near,6293,leopard,bird,-5.209661960601807,-5.327533698081968,True
proser,mls,near,6303,bus,truck,-4.4758710861206055,-5.327533698081968,True
proser,mls,near,6324,wolf,cat,-5.8761372566223145,-5.327533698081968,False
proser,mls,near,6339,bus,truck,-9.081348419189453,-5.327533698081968,False
proser,mls,near,6343,motorcycle,truck,-7.164536952972412,-5.327533698081968,False
proser,mls,near,6360,tractor,automobile,-6.456212520599365,-5.327533698081968,False
proser,mls,near,6379,tractor,ship,-4.9549641609191895,-5.327533698081968,True
proser,mls,near,6382,motorcycle,cat,-4.5221266746521,-5.327533698081968,True
proser,mls,near,6395,leopard,frog,-8.442892074584961,-5.327533698081968,False
proser,mls,near,6398,tractor,truck,-9.00231647491455,-5.327533698081968,False
proser,mls,near,6401,leopard,frog,-7.657534122467041,-5.327533698081968,False
proser,mls,near,6409,leopard,cat,-6.425075531005859,-5.327533698081968,False
proser,mls,near,6411,bus,truck,-4.017402172088623,-5.327533698081968,True
proser,mls,near,6416,motorcycle,automobile,-4.991304874420166,-5.327533698081968,True
proser,mls,near,6417,camel,bird,-6.528717994689941,-5.327533698081968,False
proser,mls,near,6418,camel,deer,-9.629077911376953,-5.327533698081968,False
proser,mls,near,6430,tractor,truck,-9.02428150177002,-5.327533698081968,False
proser,mls,near,6433,wolf,cat,-7.135519504547119,-5.327533698081968,False
proser,mls,near,6447,wolf,cat,-8.7987699508667,-5.327533698081968,False
proser,mls,near,6449,motorcycle,automobile,-5.306024551391602,-5.327533698081968,True
proser,mls,near,6469,fox,cat,-7.997650623321533,-5.327533698081968,False
proser,mls,near,6475,camel,horse,-4.6567888259887695,-5.327533698081968,True
proser,mls,near,6505,fox,frog,-5.633288383483887,-5.327533698081968,False
proser,mls,near,6528,wolf,cat,-5.2596564292907715,-5.327533698081968,True
proser,mls,near,6545,fox,dog,-3.5101430416107178,-5.327533698081968,True
proser,mls,near,6546,tractor,frog,-2.8982198238372803,-5.327533698081968,True
proser,mls,near,6547,motorcycle,automobile,-5.281522274017334,-5.327533698081968,True
proser,mls,near,6552,wolf,cat,-7.922990322113037,-5.327533698081968,False
proser,mls,near,6561,wolf,cat,-7.126094341278076,-5.327533698081968,False
proser,mls,near,6574,pickup_truck,automobile,-8.72783374786377,-5.327533698081968,False
proser,mls,near,6616,camel,dog,-7.213801860809326,-5.327533698081968,False
proser,mls,near,6652,wolf,dog,-6.443580627441406,-5.327533698081968,False
proser,mls,near,6653,pickup_truck,automobile,-8.567168235778809,-5.327533698081968,False
proser,mls,near,6693,fox,deer,-6.968955039978027,-5.327533698081968,False
proser,mls,near,6712,bus,truck,-8.712072372436523,-5.327533698081968,False
proser,mls,near,6730,motorcycle,airplane,-8.276439666748047,-5.327533698081968,False
proser,mls,near,6735,leopard,cat,-5.142329216003418,-5.327533698081968,True
proser,mls,near,6746,wolf,dog,-4.88499641418457,-5.327533698081968,True
proser,mls,near,6767,leopard,frog,-7.444100379943848,-5.327533698081968,False
proser,mls,near,6778,camel,dog,-4.377373695373535,-5.327533698081968,True
proser,mls,near,6791,bus,airplane,-5.4298415184021,-5.327533698081968,False
proser,mls,near,6807,tractor,truck,-8.860879898071289,-5.327533698081968,False
proser,mls,near,6816,fox,dog,-8.829717636108398,-5.327533698081968,False
proser,mls,near,6866,tractor,truck,-10.043584823608398,-5.327533698081968,False
proser,mls,near,6914,motorcycle,truck,-7.085130214691162,-5.327533698081968,False
proser,mls,near,6924,leopard,frog,-8.391305923461914,-5.327533698081968,False
proser,mls,near,6930,tractor,truck,-9.432906150817871,-5.327533698081968,False
proser,mls,near,6954,motorcycle,truck,-5.575402736663818,-5.327533698081968,False
proser,mls,near,6967,wolf,dog,-7.2910475730896,-5.327533698081968,False
proser,mls,near,7006,tractor,truck,-3.525808334350586,-5.327533698081968,True
proser,mls,near,7021,fox,deer,-2.234912395477295,-5.327533698081968,True
proser,mls,near,7028,wolf,cat,-6.634707927703857,-5.327533698081968,False
proser,mls,near,7078,leopard,cat,-7.139345645904541,-5.327533698081968,False
proser,mls,near,7086,tractor,truck,-3.843749761581421,-5.327533698081968,True
proser,mls,near,7087,wolf,cat,-7.3414177894592285,-5.327533698081968,False
proser,mls,near,7109,motorcycle,truck,-5.901656150817871,-5.327533698081968,False
proser,mls,near,7110,motorcycle,automobile,-3.772254705429077,-5.327533698081968,True
proser,mls,near,7119,pickup_truck,truck,-6.861881732940674,-5.327533698081968,False
proser,mls,near,7125,wolf,dog,-6.0724263191223145,-5.327533698081968,False
proser,mls,near,7128,camel,horse,-4.371037483215332,-5.327533698081968,True
proser,mls,near,7131,pickup_truck,truck,-6.861840724945068,-5.327533698081968,False
proser,mls,near,7133,bus,truck,-10.855412483215332,-5.327533698081968,False
proser,mls,near,7135,wolf,dog,-7.480593204498291,-5.327533698081968,False
proser,mls,near,7141,fox,deer,-5.845788478851318,-5.327533698081968,False
proser,mls,near,7146,tractor,truck,-3.608970880508423,-5.327533698081968,True
proser,mls,near,7160,motorcycle,truck,-4.27911901473999,-5.327533698081968,True
proser,mls,near,7194,camel,deer,-7.195163726806641,-5.327533698081968,False
proser,mls,near,7200,camel,bird,-4.595827579498291,-5.327533698081968,True
proser,mls,near,7207,pickup_truck,automobile,-7.802868843078613,-5.327533698081968,False
proser,mls,near,7209,motorcycle,truck,-3.8124005794525146,-5.327533698081968,True
proser,mls,near,7225,fox,cat,-8.87313461303711,-5.327533698081968,False
proser,mls,near,7248,fox,dog,-8.072997093200684,-5.327533698081968,False
proser,mls,near,7249,motorcycle,cat,-5.150285720825195,-5.327533698081968,True
proser,mls,near,7279,fox,cat,-9.330255508422852,-5.327533698081968,False
proser,mls,near,7283,leopard,cat,-4.733168125152588,-5.327533698081968,True
proser,mls,near,7289,motorcycle,truck,-4.308709621429443,-5.327533698081968,True
proser,mls,near,7298,camel,horse,-5.111361980438232,-5.327533698081968,True
proser,mls,near,7308,wolf,dog,-8.407526016235352,-5.327533698081968,False
proser,mls,near,7317,fox,dog,-6.765826225280762,-5.327533698081968,False
proser,mls,near,7333,camel,deer,-3.429452419281006,-5.327533698081968,True
proser,mls,near,7367,leopard,cat,-4.737711429595947,-5.327533698081968,True
proser,mls,near,7373,fox,cat,-3.984290599822998,-5.327533698081968,True
proser,mls,near,7375,wolf,cat,-6.682766437530518,-5.327533698081968,False
proser,mls,near,7376,bus,truck,-8.159102439880371,-5.327533698081968,False
proser,mls,near,7379,camel,bird,-1.732743740081787,-5.327533698081968,True
proser,mls,near,7388,tractor,airplane,-4.985770225524902,-5.327533698081968,True
proser,mls,near,7389,pickup_truck,automobile,-8.624242782592773,-5.327533698081968,False
proser,mls,near,7407,leopard,cat,-6.536033630371094,-5.327533698081968,False
proser,mls,near,7412,leopard,frog,-5.602924346923828,-5.327533698081968,False
proser,mls,near,7417,leopard,frog,-3.483800172805786,-5.327533698081968,True
proser,mls,near,7427,leopard,cat,-7.822518825531006,-5.327533698081968,False
proser,mls,near,7441,bus,truck,-8.226451873779297,-5.327533698081968,False
proser,mls,near,7445,camel,deer,-7.874802589416504,-5.327533698081968,False
proser,mls,near,7471,motorcycle,cat,-7.74106502532959,-5.327533698081968,False
proser,mls,near,7472,wolf,cat,-4.7215752601623535,-5.327533698081968,True
proser,mls,near,7489,motorcycle,frog,-3.0862014293670654,-5.327533698081968,True
proser,mls,near,7495,leopard,deer,-7.121138095855713,-5.327533698081968,False
proser,mls,near,7503,fox,dog,-7.376321315765381,-5.327533698081968,False
proser,mls,near,7507,tractor,cat,-4.709931373596191,-5.327533698081968,True
proser,mls,near,7508,bus,truck,-7.328183650970459,-5.327533698081968,False
proser,mls,near,7559,pickup_truck,automobile,-8.814468383789062,-5.327533698081968,False
proser,mls,near,7561,wolf,cat,-5.818151950836182,-5.327533698081968,False
proser,mls,near,7564,fox,dog,-8.587552070617676,-5.327533698081968,False
proser,mls,near,7567,bus,truck,-3.2808022499084473,-5.327533698081968,True
proser,mls,near,7569,motorcycle,automobile,-4.259803771972656,-5.327533698081968,True
proser,mls,near,7570,pickup_truck,automobile,-7.680122375488281,-5.327533698081968,False
proser,mls,near,7582,wolf,deer,-8.25776195526123,-5.327533698081968,False
proser,mls,near,7590,tractor,truck,-5.418841361999512,-5.327533698081968,False
proser,mls,near,7609,leopard,cat,-5.4833197593688965,-5.327533698081968,False
proser,mls,near,7621,fox,deer,-4.031586647033691,-5.327533698081968,True
proser,mls,near,7640,motorcycle,automobile,-5.070087432861328,-5.327533698081968,True
proser,mls,near,7643,tractor,cat,-5.0673370361328125,-5.327533698081968,True
proser,mls,near,7650,wolf,cat,-4.426204681396484,-5.327533698081968,True
proser,mls,near,7658,pickup_truck,automobile,-9.694344520568848,-5.327533698081968,False
proser,mls,near,7660,tractor,truck,-5.245362281799316,-5.327533698081968,True
proser,mls,near,7736,tractor,truck,-5.554501056671143,-5.327533698081968,False
proser,mls,near,7750,camel,bird,-6.847196578979492,-5.327533698081968,False
proser,mls,near,7752,wolf,cat,-6.147464275360107,-5.327533698081968,False
proser,mls,near,7772,leopard,deer,-6.293337821960449,-5.327533698081968,False
proser,mls,near,7799,fox,dog,-5.3488335609436035,-5.327533698081968,False
proser,mls,near,7800,camel,dog,-3.9187090396881104,-5.327533698081968,True
proser,mls,near,7806,motorcycle,truck,-5.353671550750732,-5.327533698081968,False
proser,mls,near,7812,bus,truck,-8.894350051879883,-5.327533698081968,False
proser,mls,near,7816,bus,truck,-7.329422950744629,-5.327533698081968,False
proser,mls,near,7823,pickup_truck,automobile,-3.8055715560913086,-5.327533698081968,True
proser,mls,near,7829,tractor,truck,-4.343017578125,-5.327533698081968,True
proser,mls,near,7866,pickup_truck,automobile,-4.371735572814941,-5.327533698081968,True
proser,mls,near,7871,motorcycle,automobile,-3.6052134037017822,-5.327533698081968,True
proser,mls,near,7875,wolf,cat,-7.710971355438232,-5.327533698081968,False
proser,mls,near,7884,tractor,ship,-8.816908836364746,-5.327533698081968,False
proser,mls,near,7900,pickup_truck,automobile,-7.436466693878174,-5.327533698081968,False
proser,mls,near,7912,camel,dog,-3.232706069946289,-5.327533698081968,True
proser,mls,near,7924,fox,dog,-5.740478515625,-5.327533698081968,False
proser,mls,near,7950,leopard,dog,-5.6875529289245605,-5.327533698081968,False
proser,mls,near,7962,pickup_truck,truck,-9.317970275878906,-5.327533698081968,False
proser,mls,near,7973,fox,deer,-5.750690937042236,-5.327533698081968,False
proser,mls,near,7974,leopard,cat,-6.95746374130249,-5.327533698081968,False
proser,mls,near,7980,wolf,dog,-9.391318321228027,-5.327533698081968,False
proser,mls,near,7994,pickup_truck,truck,-3.8988137245178223,-5.327533698081968,True
proser,mls,near,7999,pickup_truck,automobile,-2.750141143798828,-5.327533698081968,True
proser,mls,near,8023,bus,truck,-8.358524322509766,-5.327533698081968,False
proser,mls,near,8026,tractor,airplane,-6.290204048156738,-5.327533698081968,False
proser,mls,near,8082,pickup_truck,automobile,-8.005385398864746,-5.327533698081968,False
proser,mls,near,8085,bus,truck,-8.934496879577637,-5.327533698081968,False
proser,mls,near,8100,fox,deer,-2.112088918685913,-5.327533698081968,True
proser,mls,near,8101,wolf,dog,-5.665396213531494,-5.327533698081968,False
proser,mls,near,8109,fox,deer,-7.795142650604248,-5.327533698081968,False
proser,mls,near,8126,bus,automobile,-6.773886680603027,-5.327533698081968,False
proser,mls,near,8132,fox,dog,-4.380282878875732,-5.327533698081968,True
proser,mls,near,8141,tractor,truck,-6.592279434204102,-5.327533698081968,False
proser,mls,near,8143,camel,cat,-8.690979957580566,-5.327533698081968,False
proser,mls,near,8150,fox,cat,-9.307308197021484,-5.327533698081968,False
proser,mls,near,8165,pickup_truck,truck,-5.558629035949707,-5.327533698081968,False
proser,mls,near,8169,tractor,airplane,-6.518502235412598,-5.327533698081968,False
proser,mls,near,8183,motorcycle,cat,-3.359541893005371,-5.327533698081968,True
proser,mls,near,8185,fox,deer,-4.727592945098877,-5.327533698081968,True
proser,mls,near,8187,fox,cat,-7.4951300621032715,-5.327533698081968,False
proser,mls,near,8219,pickup_truck,automobile,-6.195642471313477,-5.327533698081968,False
proser,mls,near,8231,camel,horse,-2.742089033126831,-5.327533698081968,True
proser,mls,near,8257,motorcycle,horse,-5.274626731872559,-5.327533698081968,True
proser,mls,near,8258,tractor,truck,-4.027888774871826,-5.327533698081968,True
proser,mls,near,8300,motorcycle,truck,-2.328108549118042,-5.327533698081968,True
proser,mls,near,8310,leopard,frog,-4.526151180267334,-5.327533698081968,True
proser,mls,near,8324,leopard,cat,-8.214078903198242,-5.327533698081968,False
proser,mls,near,8329,tractor,truck,-7.756377220153809,-5.327533698081968,False
proser,mls,near,8334,leopard,frog,-6.85953426361084,-5.327533698081968,False
proser,mls,near,8381,fox,frog,-5.371818542480469,-5.327533698081968,False
proser,mls,near,8391,pickup_truck,truck,-7.913809299468994,-5.327533698081968,False
proser,mls,near,8405,fox,deer,-9.635202407836914,-5.327533698081968,False
proser,mls,near,8407,wolf,frog,-4.083032131195068,-5.327533698081968,True
proser,mls,near,8418,wolf,cat,-6.311639308929443,-5.327533698081968,False
proser,mls,near,8447,camel,truck,-5.7817702293396,-5.327533698081968,False
proser,mls,near,8454,leopard,cat,-6.176174640655518,-5.327533698081968,False
proser,mls,near,8455,pickup_truck,automobile,-8.269157409667969,-5.327533698081968,False
proser,mls,near,8457,motorcycle,automobile,-3.5256800651550293,-5.327533698081968,True
proser,mls,near,8460,motorcycle,automobile,-2.8468008041381836,-5.327533698081968,True
proser,mls,near,8497,bus,truck,-3.4323318004608154,-5.327533698081968,True
proser,mls,near,8503,pickup_truck,automobile,-7.533967971801758,-5.327533698081968,False
proser,mls,near,8504,leopard,frog,-2.696652412414551,-5.327533698081968,True
proser,mls,near,8519,pickup_truck,automobile,-5.912020206451416,-5.327533698081968,False
proser,mls,near,8535,wolf,dog,-5.914444923400879,-5.327533698081968,False
proser,mls,near,8580,tractor,ship,-5.47769021987915,-5.327533698081968,False
proser,mls,near,8596,bus,truck,-6.314648151397705,-5.327533698081968,False
proser,mls,near,8598,camel,horse,-2.996802806854248,-5.327533698081968,True
proser,mls,near,8604,camel,deer,-4.916428089141846,-5.327533698081968,True
proser,mls,near,8609,bus,truck,-9.200174331665039,-5.327533698081968,False
proser,mls,near,8618,fox,cat,-6.241259574890137,-5.327533698081968,False
proser,mls,near,8627,motorcycle,automobile,-3.696646213531494,-5.327533698081968,True
proser,mls,near,8634,wolf,cat,-7.96472692489624,-5.327533698081968,False
proser,mls,near,8648,camel,bird,-9.473114013671875,-5.327533698081968,False
proser,mls,near,8655,bus,truck,-8.71481704711914,-5.327533698081968,False
proser,mls,near,8663,bus,truck,-7.4692769050598145,-5.327533698081968,False
proser,mls,near,8672,fox,dog,-7.551558971405029,-5.327533698081968,False
proser,mls,near,8693,pickup_truck,truck,-7.4066948890686035,-5.327533698081968,False
proser,mls,near,8695,leopard,frog,-8.308616638183594,-5.327533698081968,False
proser,mls,near,8713,wolf,dog,-8.346625328063965,-5.327533698081968,False
proser,mls,near,8715,fox,cat,-8.496729850769043,-5.327533698081968,False
proser,mls,near,8717,bus,truck,-5.516613960266113,-5.327533698081968,False
proser,mls,near,8731,fox,cat,-10.143900871276855,-5.327533698081968,False
proser,mls,near,8732,camel,airplane,-4.508509159088135,-5.327533698081968,True
proser,mls,near,8735,fox,cat,-5.574922561645508,-5.327533698081968,False
proser,mls,near,8762,fox,deer,-5.566770076751709,-5.327533698081968,False
proser,mls,near,8763,motorcycle,automobile,-4.6816205978393555,-5.327533698081968,True
proser,mls,near,8774,leopard,cat,-5.65111780166626,-5.327533698081968,False
proser,mls,near,8780,camel,horse,-7.186852931976318,-5.327533698081968,False
proser,mls,near,8800,camel,horse,-4.5083184242248535,-5.327533698081968,True
proser,mls,near,8834,camel,dog,-5.473409652709961,-5.327533698081968,False
proser,mls,near,8904,leopard,frog,-9.2484130859375,-5.327533698081968,False
proser,mls,near,8906,tractor,ship,-4.710359573364258,-5.327533698081968,True
proser,mls,near,8918,wolf,dog,-5.089666843414307,-5.327533698081968,True
proser,mls,near,8920,bus,truck,-5.039970874786377,-5.327533698081968,True
proser,mls,near,8929,motorcycle,truck,-4.786769390106201,-5.327533698081968,True
proser,mls,near,8942,tractor,truck,-4.806342601776123,-5.327533698081968,True
proser,mls,near,8944,pickup_truck,airplane,-3.770472288131714,-5.327533698081968,True
proser,mls,near,8947,pickup_truck,truck,-4.52077054977417,-5.327533698081968,True
proser,mls,near,8953,pickup_truck,automobile,-8.795419692993164,-5.327533698081968,False
proser,mls,near,8958,bus,automobile,-7.681085586547852,-5.327533698081968,False
proser,mls,near,8960,wolf,frog,-4.253893852233887,-5.327533698081968,True
proser,mls,near,8966,pickup_truck,automobile,-8.497574806213379,-5.327533698081968,False
proser,mls,near,8981,motorcycle,truck,-3.6117305755615234,-5.327533698081968,True
proser,mls,near,8996,tractor,ship,-8.796576499938965,-5.327533698081968,False
proser,mls,near,9007,motorcycle,frog,-5.243537425994873,-5.327533698081968,True
proser,mls,near,9014,camel,cat,-5.2175374031066895,-5.327533698081968,True
proser,mls,near,9017,motorcycle,automobile,-4.99105167388916,-5.327533698081968,True
proser,mls,near,9019,tractor,truck,-8.259519577026367,-5.327533698081968,False
proser,mls,near,9027,bus,automobile,-3.83402156829834,-5.327533698081968,True
proser,mls,near,9030,pickup_truck,automobile,-6.959595680236816,-5.327533698081968,False
proser,mls,near,9039,tractor,truck,-8.750057220458984,-5.327533698081968,False
proser,mls,near,9058,leopard,frog,-8.309553146362305,-5.327533698081968,False
proser,mls,near,9081,pickup_truck,automobile,-10.204992294311523,-5.327533698081968,False
proser,mls,near,9093,camel,deer,-3.855487823486328,-5.327533698081968,True
proser,mls,near,9110,camel,horse,-8.399746894836426,-5.327533698081968,False
proser,mls,near,9142,camel,horse,-8.2711820602417,-5.327533698081968,False
proser,mls,near,9148,fox,cat,-5.151094913482666,-5.327533698081968,True
proser,mls,near,9187,leopard,cat,-8.610031127929688,-5.327533698081968,False
proser,mls,near,9203,tractor,truck,-7.4723358154296875,-5.327533698081968,False
proser,mls,near,9205,motorcycle,automobile,-6.340359687805176,-5.327533698081968,False
proser,mls,near,9231,wolf,cat,-8.315580368041992,-5.327533698081968,False
proser,mls,near,9232,bus,truck,-10.60137939453125,-5.327533698081968,False
proser,mls,near,9238,leopard,frog,-6.836812973022461,-5.327533698081968,False
proser,mls,near,9252,bus,truck,-6.430981159210205,-5.327533698081968,False
proser,mls,near,9259,tractor,truck,-6.8921709060668945,-5.327533698081968,False
proser,mls,near,9261,leopard,frog,-9.762894630432129,-5.327533698081968,False
proser,mls,near,9266,camel,dog,-7.947551250457764,-5.327533698081968,False
proser,mls,near,9276,motorcycle,airplane,-5.63679313659668,-5.327533698081968,False
proser,mls,near,9288,tractor,truck,-7.809231281280518,-5.327533698081968,False
proser,mls,near,9317,wolf,cat,-6.83933687210083,-5.327533698081968,False
proser,mls,near,9318,leopard,cat,-8.518670082092285,-5.327533698081968,False
proser,mls,near,9345,motorcycle,truck,-7.189923286437988,-5.327533698081968,False
proser,mls,near,9346,wolf,dog,-7.265629768371582,-5.327533698081968,False
proser,mls,near,9362,camel,deer,-5.437010765075684,-5.327533698081968,False
proser,mls,near,9368,pickup_truck,truck,-10.33806324005127,-5.327533698081968,False
proser,mls,near,9377,pickup_truck,automobile,-6.3903913497924805,-5.327533698081968,False
proser,mls,near,9388,pickup_truck,automobile,-9.026082992553711,-5.327533698081968,False
proser,mls,near,9395,tractor,truck,-3.1241495609283447,-5.327533698081968,True
proser,mls,near,9406,leopard,cat,-9.169734001159668,-5.327533698081968,False
proser,mls,near,9412,camel,cat,-3.8274357318878174,-5.327533698081968,True
proser,mls,near,9429,pickup_truck,automobile,-8.645814895629883,-5.327533698081968,False
proser,mls,near,9447,pickup_truck,automobile,-8.894417762756348,-5.327533698081968,False
proser,mls,near,9453,fox,cat,-8.789199829101562,-5.327533698081968,False
proser,mls,near,9496,fox,bird,-3.407379627227783,-5.327533698081968,True
proser,mls,near,9504,pickup_truck,truck,-6.911047458648682,-5.327533698081968,False
proser,mls,near,9531,camel,horse,-2.8837833404541016,-5.327533698081968,True
proser,mls,near,9546,bus,truck,-5.335026264190674,-5.327533698081968,False
proser,mls,near,9572,bus,truck,-8.048052787780762,-5.327533698081968,False
proser,mls,near,9575,leopard,frog,-9.20177936553955,-5.327533698081968,False
proser,mls,near,9587,wolf,cat,-9.018169403076172,-5.327533698081968,False
proser,mls,near,9611,camel,airplane,-4.8581953048706055,-5.327533698081968,True
proser,mls,near,9612,leopard,frog,-6.189419746398926,-5.327533698081968,False
proser,mls,near,9647,camel,airplane,-5.049082279205322,-5.327533698081968,True
proser,mls,near,9654,motorcycle,cat,-5.661923408508301,-5.327533698081968,False
proser,mls,near,9662,pickup_truck,automobile,-5.932476997375488,-5.327533698081968,False
proser,mls,near,9673,tractor,truck,-2.6573734283447266,-5.327533698081968,True
proser,mls,near,9676,pickup_truck,automobile,-7.524147033691406,-5.327533698081968,False
proser,mls,near,9686,fox,bird,-3.3132715225219727,-5.327533698081968,True
proser,mls,near,9704,tractor,truck,-6.837041854858398,-5.327533698081968,False
proser,mls,near,9708,tractor,truck,-3.59138822555542,-5.327533698081968,True
proser,mls,near,9743,camel,dog,-6.6342597007751465,-5.327533698081968,False
proser,mls,near,9768,wolf,cat,-7.599559307098389,-5.327533698081968,False
proser,mls,near,9790,wolf,cat,-8.516386032104492,-5.327533698081968,False
proser,mls,near,9807,tractor,automobile,-4.907602310180664,-5.327533698081968,True
proser,mls,near,9815,bus,automobile,-5.883296012878418,-5.327533698081968,False
proser,mls,near,9833,motorcycle,automobile,-4.611793518066406,-5.327533698081968,True
proser,mls,near,9835,bus,truck,-9.493512153625488,-5.327533698081968,False
proser,mls,near,9842,fox,deer,-5.711724281311035,-5.327533698081968,False
proser,mls,near,9871,pickup_truck,automobile,-5.704954624176025,-5.327533698081968,False
proser,mls,near,9878,pickup_truck,automobile,-9.073217391967773,-5.327533698081968,False
proser,mls,near,9880,pickup_truck,truck,-7.017894268035889,-5.327533698081968,False
proser,mls,near,9886,wolf,dog,-4.889048099517822,-5.327533698081968,True
proser,mls,near,9914,leopard,frog,-6.400315761566162,-5.327533698081968,False
proser,mls,near,9922,tractor,deer,-3.270826578140259,-5.327533698081968,True
proser,mls,near,9927,pickup_truck,automobile,-8.410728454589844,-5.327533698081968,False
proser,mls,near,9930,bus,automobile,-7.599547386169434,-5.327533698081968,False
proser,mls,near,9936,leopard,cat,-5.618166446685791,-5.327533698081968,False
proser,mls,near,9942,wolf,dog,-6.928142070770264,-5.327533698081968,False
proser,mls,near,9948,wolf,frog,-3.5595757961273193,-5.327533698081968,True
proser,mls,near,9965,wolf,dog,-9.043394088745117,-5.327533698081968,False
proser,mls,near,9969,tractor,truck,-5.736318111419678,-5.327533698081968,False
proser,mls,near,9998,leopard,frog,-6.040940284729004,-5.327533698081968,False
proser,mls,far,3,mushroom,bird,-4.880431175231934,-5.327533698081968,True
proser,mls,far,26,keyboard,ship,-5.579428672790527,-5.327533698081968,False
proser,mls,far,30,chair,airplane,-6.68540096282959,-5.327533698081968,False
proser,mls,far,45,clock,automobile,-4.907108783721924,-5.327533698081968,True
proser,mls,far,52,bottle,bird,-8.804485321044922,-5.327533698081968,False
proser,mls,far,67,sunflower,dog,-4.023584365844727,-5.327533698081968,True
proser,mls,far,76,sunflower,cat,-3.8827643394470215,-5.327533698081968,True
proser,mls,far,77,bowl,truck,-9.090330123901367,-5.327533698081968,False
proser,mls,far,79,clock,bird,-3.8868799209594727,-5.327533698081968,True
proser,mls,far,90,clock,cat,-6.481289386749268,-5.327533698081968,False
proser,mls,far,111,chair,dog,-2.790132761001587,-5.327533698081968,True
proser,mls,far,114,bottle,cat,-5.281005382537842,-5.327533698081968,True
proser,mls,far,121,bowl,bird,-3.537785530090332,-5.327533698081968,True
proser,mls,far,125,chair,cat,-6.212944507598877,-5.327533698081968,False
proser,mls,far,147,keyboard,frog,-4.394780158996582,-5.327533698081968,True
proser,mls,far,148,mushroom,cat,-4.718735218048096,-5.327533698081968,True
proser,mls,far,157,chair,airplane,-5.9217753410339355,-5.327533698081968,False
proser,mls,far,163,bowl,cat,-2.65071702003479,-5.327533698081968,True
proser,mls,far,168,mushroom,cat,-3.338587999343872,-5.327533698081968,True
proser,mls,far,170,bottle,ship,-4.527987003326416,-5.327533698081968,True
proser,mls,far,180,keyboard,airplane,-7.938541412353516,-5.327533698081968,False
proser,mls,far,182,clock,automobile,-2.1257424354553223,-5.327533698081968,True
proser,mls,far,194,wardrobe,cat,-9.513031959533691,-5.327533698081968,False
proser,mls,far,220,wardrobe,truck,-7.923463344573975,-5.327533698081968,False
proser,mls,far,238,sunflower,bird,-9.043050765991211,-5.327533698081968,False
proser,mls,far,249,keyboard,airplane,-6.6397175788879395,-5.327533698081968,False
proser,mls,far,271,mushroom,bird,-5.795666217803955,-5.327533698081968,False
proser,mls,far,318,bowl,cat,-7.140103816986084,-5.327533698081968,False
proser,mls,far,328,wardrobe,truck,-7.202907085418701,-5.327533698081968,False
proser,mls,far,340,bottle,ship,-8.084647178649902,-5.327533698081968,False
proser,mls,far,348,bowl,bird,-3.701486825942993,-5.327533698081968,True
proser,mls,far,349,bowl,cat,-5.3448166847229,-5.327533698081968,False
proser,mls,far,361,keyboard,frog,-4.660920143127441,-5.327533698081968,True
proser,mls,far,363,wardrobe,truck,-5.90739107131958,-5.327533698081968,False
proser,mls,far,365,bowl,cat,-4.288213729858398,-5.327533698081968,True
proser,mls,far,378,wardrobe,cat,-8.66102123260498,-5.327533698081968,False
proser,mls,far,427,bowl,automobile,-4.817559242248535,-5.327533698081968,True
proser,mls,far,433,mushroom,deer,-4.289560317993164,-5.327533698081968,True
proser,mls,far,439,bowl,cat,-7.993852138519287,-5.327533698081968,False
proser,mls,far,447,clock,dog,-5.440255165100098,-5.327533698081968,False
proser,mls,far,450,clock,automobile,-2.5526885986328125,-5.327533698081968,True
proser,mls,far,451,clock,cat,-6.38007116317749,-5.327533698081968,False
proser,mls,far,452,bowl,automobile,-7.313843727111816,-5.327533698081968,False
proser,mls,far,455,bottle,truck,-2.3310787677764893,-5.327533698081968,True
proser,mls,far,562,chair,truck,-6.443892955780029,-5.327533698081968,False
proser,mls,far,575,bottle,ship,-2.967714309692383,-5.327533698081968,True
proser,mls,far,582,sunflower,bird,-5.698421001434326,-5.327533698081968,False
proser,mls,far,583,clock,bird,-3.035578489303589,-5.327533698081968,True
proser,mls,far,588,bowl,ship,-7.267762660980225,-5.327533698081968,False
proser,mls,far,594,bottle,frog,-4.998052597045898,-5.327533698081968,True
proser,mls,far,599,keyboard,dog,-2.5498297214508057,-5.327533698081968,True
proser,mls,far,611,sunflower,bird,-6.352171421051025,-5.327533698081968,False
proser,mls,far,613,chair,ship,-4.129958152770996,-5.327533698081968,True
proser,mls,far,618,clock,ship,-4.904235363006592,-5.327533698081968,True
proser,mls,far,621,keyboard,dog,-3.7639667987823486,-5.327533698081968,True
proser,mls,far,629,sunflower,frog,-3.002371072769165,-5.327533698081968,True
proser,mls,far,645,sunflower,ship,-4.065248966217041,-5.327533698081968,True
proser,mls,far,647,wardrobe,cat,-8.958320617675781,-5.327533698081968,False
proser,mls,far,649,clock,truck,-6.294154167175293,-5.327533698081968,False
proser,mls,far,662,wardrobe,cat,-5.225142955780029,-5.327533698081968,True
proser,mls,far,665,sunflower,cat,-4.950850963592529,-5.327533698081968,True
proser,mls,far,703,bowl,frog,-4.989341735839844,-5.327533698081968,True
proser,mls,far,714,sunflower,bird,-8.057236671447754,-5.327533698081968,False
proser,mls,far,734,wardrobe,cat,-6.64122200012207,-5.327533698081968,False
proser,mls,far,749,sunflower,cat,-4.253386497497559,-5.327533698081968,True
proser,mls,far,771,keyboard,deer,-6.377598285675049,-5.327533698081968,False
proser,mls,far,786,clock,automobile,-5.349903106689453,-5.327533698081968,False
proser,mls,far,788,sunflower,bird,-7.398941516876221,-5.327533698081968,False
proser,mls,far,797,wardrobe,truck,-6.339179515838623,-5.327533698081968,False
proser,mls,far,806,bowl,frog,-8.163339614868164,-5.327533698081968,False
proser,mls,far,823,clock,bird,-4.9726057052612305,-5.327533698081968,True
proser,mls,far,839,keyboard,cat,-3.2994141578674316,-5.327533698081968,True
proser,mls,far,840,chair,cat,-3.875791072845459,-5.327533698081968,True
proser,mls,far,864,bottle,truck,-4.884134769439697,-5.327533698081968,True
proser,mls,far,865,bowl,cat,-6.559248447418213,-5.327533698081968,False
proser,mls,far,870,clock,airplane,-8.216111183166504,-5.327533698081968,False
proser,mls,far,874,bowl,automobile,-4.7803544998168945,-5.327533698081968,True
proser,mls,far,880,chair,cat,-6.416640281677246,-5.327533698081968,False
proser,mls,far,909,mushroom,bird,-4.189077854156494,-5.327533698081968,True
proser,mls,far,911,keyboard,cat,-6.451927661895752,-5.327533698081968,False
proser,mls,far,932,bottle,cat,-8.025544166564941,-5.327533698081968,False
proser,mls,far,934,clock,cat,-3.433809757232666,-5.327533698081968,True
proser,mls,far,953,mushroom,cat,-6.458805561065674,-5.327533698081968,False
proser,mls,far,954,bowl,cat,-2.4428162574768066,-5.327533698081968,True
proser,mls,far,963,mushroom,deer,-6.084887981414795,-5.327533698081968,False
proser,mls,far,976,sunflower,truck,-9.984716415405273,-5.327533698081968,False
proser,mls,far,997,bottle,ship,-5.3740315437316895,-5.327533698081968,False
proser,mls,far,1002,wardrobe,cat,-8.530067443847656,-5.327533698081968,False
proser,mls,far,1015,bottle,truck,-3.6665167808532715,-5.327533698081968,True
proser,mls,far,1032,mushroom,bird,-7.275422096252441,-5.327533698081968,False
proser,mls,far,1041,bowl,frog,-5.7531280517578125,-5.327533698081968,False
proser,mls,far,1045,bottle,bird,-5.267837047576904,-5.327533698081968,True
proser,mls,far,1052,keyboard,cat,-8.2269287109375,-5.327533698081968,False
proser,mls,far,1054,chair,ship,-3.6500742435455322,-5.327533698081968,True
proser,mls,far,1076,chair,truck,-2.2305803298950195,-5.327533698081968,True
proser,mls,far,1097,sunflower,truck,-3.0338573455810547,-5.327533698081968,True
proser,mls,far,1122,sunflower,airplane,-4.2637715339660645,-5.327533698081968,True
proser,mls,far,1130,bottle,truck,-4.208670616149902,-5.327533698081968,True
proser,mls,far,1135,bottle,ship,-6.000041484832764,-5.327533698081968,False
proser,mls,far,1138,mushroom,bird,-9.314952850341797,-5.327533698081968,False
proser,mls,far,1163,clock,ship,-4.395178318023682,-5.327533698081968,True
proser,mls,far,1175,mushroom,dog,-4.643466949462891,-5.327533698081968,True
proser,mls,far,1196,mushroom,frog,-8.524584770202637,-5.327533698081968,False
proser,mls,far,1231,sunflower,bird,-7.0668206214904785,-5.327533698081968,False
proser,mls,far,1264,keyboard,airplane,-6.208977699279785,-5.327533698081968,False
proser,mls,far,1273,mushroom,bird,-5.157965183258057,-5.327533698081968,True
proser,mls,far,1310,clock,dog,-4.593997478485107,-5.327533698081968,True
proser,mls,far,1318,bottle,cat,-6.0237717628479,-5.327533698081968,False
proser,mls,far,1341,chair,airplane,-3.4103565216064453,-5.327533698081968,True
proser,mls,far,1362,wardrobe,cat,-7.8931989669799805,-5.327533698081968,False
proser,mls,far,1410,bowl,dog,-6.027696132659912,-5.327533698081968,False
proser,mls,far,1415,wardrobe,cat,-5.187816619873047,-5.327533698081968,True
proser,mls,far,1428,clock,automobile,-7.88892936706543,-5.327533698081968,False
proser,mls,far,1429,bottle,cat,-5.1433424949646,-5.327533698081968,True
proser,mls,far,1434,chair,airplane,-6.006313323974609,-5.327533698081968,False
proser,mls,far,1438,bottle,bird,-4.64666223526001,-5.327533698081968,True
proser,mls,far,1448,bowl,frog,-3.360240936279297,-5.327533698081968,True
proser,mls,far,1454,mushroom,bird,-5.941731929779053,-5.327533698081968,False
proser,mls,far,1470,wardrobe,cat,-7.729651927947998,-5.327533698081968,False
proser,mls,far,1484,mushroom,bird,-6.421355247497559,-5.327533698081968,False
proser,mls,far,1487,bottle,bird,-2.9492287635803223,-5.327533698081968,True
proser,mls,far,1495,keyboard,cat,-8.29564380645752,-5.327533698081968,False
proser,mls,far,1508,wardrobe,truck,-5.518711090087891,-5.327533698081968,False
proser,mls,far,1514,bottle,ship,-6.249029636383057,-5.327533698081968,False
proser,mls,far,1525,chair,airplane,-5.723333358764648,-5.327533698081968,False
proser,mls,far,1542,sunflower,frog,-2.8475871086120605,-5.327533698081968,True
proser,mls,far,1546,keyboard,cat,-4.842008113861084,-5.327533698081968,True
proser,mls,far,1557,bowl,bird,-2.9200642108917236,-5.327533698081968,True
proser,mls,far,1560,clock,cat,-7.37842321395874,-5.327533698081968,False
proser,mls,far,1562,bottle,bird,-5.534167766571045,-5.327533698081968,False
proser,mls,far,1586,clock,truck,-7.4477925300598145,-5.327533698081968,False
proser,mls,far,1599,keyboard,dog,-4.493470668792725,-5.327533698081968,True
proser,mls,far,1610,chair,cat,-5.808913707733154,-5.327533698081968,False
proser,mls,far,1641,wardrobe,cat,-4.665480136871338,-5.327533698081968,True
proser,mls,far,1642,keyboard,airplane,-2.929743528366089,-5.327533698081968,True
proser,mls,far,1652,chair,airplane,-4.927191734313965,-5.327533698081968,True
proser,mls,far,1674,chair,airplane,-5.652767181396484,-5.327533698081968,False
proser,mls,far,1680,bowl,frog,-3.2347559928894043,-5.327533698081968,True
proser,mls,far,1696,bowl,cat,-9.429560661315918,-5.327533698081968,False
proser,mls,far,1713,sunflower,truck,-4.898040294647217,-5.327533698081968,True
proser,mls,far,1714,bowl,ship,-3.8105900287628174,-5.327533698081968,True
proser,mls,far,1740,chair,cat,-3.8603944778442383,-5.327533698081968,True
proser,mls,far,1760,mushroom,frog,-4.908906936645508,-5.327533698081968,True
proser,mls,far,1781,sunflower,airplane,-10.597280502319336,-5.327533698081968,False
proser,mls,far,1782,mushroom,bird,-2.6909220218658447,-5.327533698081968,True
proser,mls,far,1789,chair,bird,-6.085143566131592,-5.327533698081968,False
proser,mls,far,1792,chair,cat,-4.596261978149414,-5.327533698081968,True
proser,mls,far,1806,clock,cat,-4.27248477935791,-5.327533698081968,True
proser,mls,far,1807,clock,cat,-4.230142116546631,-5.327533698081968,True
proser,mls,far,1809,bowl,frog,-6.137765407562256,-5.327533698081968,False
proser,mls,far,1818,sunflower,bird,-6.266225814819336,-5.327533698081968,False
proser,mls,far,1820,mushroom,frog,-10.081501960754395,-5.327533698081968,False
proser,mls,far,1837,wardrobe,cat,-4.8499298095703125,-5.327533698081968,True
proser,mls,far,1862,wardrobe,cat,-4.303882598876953,-5.327533698081968,True
proser,mls,far,1865,bowl,cat,-7.5913519859313965,-5.327533698081968,False
proser,mls,far,1875,clock,dog,-6.650493621826172,-5.327533698081968,False
proser,mls,far,1899,bottle,cat,-4.573677062988281,-5.327533698081968,True
proser,mls,far,1909,wardrobe,cat,-7.347562313079834,-5.327533698081968,False
proser,mls,far,1927,clock,automobile,-6.032071590423584,-5.327533698081968,False
proser,mls,far,1930,clock,airplane,-4.578034400939941,-5.327533698081968,True
proser,mls,far,1932,bottle,ship,-7.64264440536499,-5.327533698081968,False
proser,mls,far,1944,wardrobe,truck,-9.196046829223633,-5.327533698081968,False
proser,mls,far,1947,chair,airplane,-3.2548229694366455,-5.327533698081968,True
proser,mls,far,1963,keyboard,airplane,-6.416884899139404,-5.327533698081968,False
proser,mls,far,1982,clock,automobile,-6.113509654998779,-5.327533698081968,False
proser,mls,far,1987,mushroom,cat,-5.183344841003418,-5.327533698081968,True
proser,mls,far,2005,mushroom,airplane,-4.089394569396973,-5.327533698081968,True
proser,mls,far,2011,bottle,ship,-2.187983751296997,-5.327533698081968,True
proser,mls,far,2023,keyboard,ship,-5.365478992462158,-5.327533698081968,False
proser,mls,far,2037,keyboard,cat,-8.586623191833496,-5.327533698081968,False
proser,mls,far,2038,sunflower,truck,-5.917248725891113,-5.327533698081968,False
proser,mls,far,2052,keyboard,frog,-5.10921049118042,-5.327533698081968,True
proser,mls,far,2055,keyboard,airplane,-7.69529914855957,-5.327533698081968,False
proser,mls,far,2086,chair,cat,-5.079530239105225,-5.327533698081968,True
proser,mls,far,2108,chair,airplane,-4.428594589233398,-5.327533698081968,True
proser,mls,far,2109,bowl,frog,-2.074704170227051,-5.327533698081968,True
proser,mls,far,2125,clock,cat,-5.342840194702148,-5.327533698081968,False
proser,mls,far,2134,wardrobe,truck,-6.4721198081970215,-5.327533698081968,False
proser,mls,far,2152,chair,bird,-6.354337215423584,-5.327533698081968,False
proser,mls,far,2161,chair,truck,-3.7442662715911865,-5.327533698081968,True
proser,mls,far,2169,clock,automobile,-4.018859386444092,-5.327533698081968,True
proser,mls,far,2176,bowl,ship,-3.8709328174591064,-5.327533698081968,True
proser,mls,far,2181,keyboard,ship,-3.2730419635772705,-5.327533698081968,True
proser,mls,far,2189,clock,frog,-6.259995460510254,-5.327533698081968,False
proser,mls,far,2200,mushroom,bird,-8.033783912658691,-5.327533698081968,False
proser,mls,far,2207,clock,airplane,-1.6949245929718018,-5.327533698081968,True
proser,mls,far,2213,clock,cat,-7.376318454742432,-5.327533698081968,False
proser,mls,far,2223,clock,automobile,-4.684383392333984,-5.327533698081968,True
proser,mls,far,2232,mushroom,bird,-3.0377912521362305,-5.327533698081968,True
proser,mls,far,2243,sunflower,dog,-5.229308128356934,-5.327533698081968,True
proser,mls,far,2269,chair,airplane,-2.293466806411743,-5.327533698081968,True
proser,mls,far,2295,bowl,cat,-3.518434762954712,-5.327533698081968,True
proser,mls,far,2300,bowl,airplane,-6.295086860656738,-5.327533698081968,False
proser,mls,far,2302,bowl,frog,-8.941099166870117,-5.327533698081968,False
proser,mls,far,2314,bottle,automobile,-2.482023239135742,-5.327533698081968,True
proser,mls,far,2332,mushroom,cat,-3.3717992305755615,-5.327533698081968,True
proser,mls,far,2384,mushroom,frog,-3.5039968490600586,-5.327533698081968,True
proser,mls,far,2386,chair,cat,-7.400675296783447,-5.327533698081968,False
proser,mls,far,2389,chair,cat,-6.05460786819458,-5.327533698081968,False
proser,mls,far,2425,bowl,cat,-2.823725700378418,-5.327533698081968,True
proser,mls,far,2428,bottle,cat,-6.258472919464111,-5.327533698081968,False
proser,mls,far,2432,wardrobe,truck,-5.325241565704346,-5.327533698081968,True
proser,mls,far,2446,sunflower,airplane,-3.6970760822296143,-5.327533698081968,True
proser,mls,far,2453,wardrobe,dog,-2.737589120864868,-5.327533698081968,True
proser,mls,far,2463,clock,ship,-4.877567291259766,-5.327533698081968,True
proser,mls,far,2470,chair,airplane,-3.272258996963501,-5.327533698081968,True
proser,mls,far,2475,clock,truck,-4.078256607055664,-5.327533698081968,True
proser,mls,far,2487,clock,cat,-5.957827091217041,-5.327533698081968,False
proser,mls,far,2510,bottle,cat,-9.392868995666504,-5.327533698081968,False
proser,mls,far,2533,clock,dog,-2.5865375995635986,-5.327533698081968,True
proser,mls,far,2545,sunflower,cat,-7.119359016418457,-5.327533698081968,False
proser,mls,far,2550,bottle,truck,-3.6184871196746826,-5.327533698081968,True
proser,mls,far,2557,wardrobe,cat,-1.378688097000122,-5.327533698081968,True
proser,mls,far,2562,keyboard,truck,-5.436310291290283,-5.327533698081968,False
proser,mls,far,2576,chair,truck,-6.455233097076416,-5.327533698081968,False
proser,mls,far,2577,chair,horse,-6.053639888763428,-5.327533698081968,False
proser,mls,far,2579,mushroom,bird,-4.2930402755737305,-5.327533698081968,True
proser,mls,far,2586,clock,ship,-2.798207998275757,-5.327533698081968,True
proser,mls,far,2620,mushroom,bird,-6.41612434387207,-5.327533698081968,False
proser,mls,far,2627,keyboard,airplane,-2.1029069423675537,-5.327533698081968,True
proser,mls,far,2650,keyboard,cat,-2.0688636302948,-5.327533698081968,True
proser,mls,far,2656,bowl,cat,-7.777247905731201,-5.327533698081968,False
proser,mls,far,2661,chair,airplane,-2.2548866271972656,-5.327533698081968,True
proser,mls,far,2670,bowl,deer,-6.404198169708252,-5.327533698081968,False
proser,mls,far,2684,chair,airplane,-8.085827827453613,-5.327533698081968,False
proser,mls,far,2715,wardrobe,cat,-7.875573635101318,-5.327533698081968,False
proser,mls,far,2729,keyboard,truck,-5.455908298492432,-5.327533698081968,False
proser,mls,far,2740,sunflower,bird,-6.39768123626709,-5.327533698081968,False
proser,mls,far,2790,bowl,airplane,-5.361624240875244,-5.327533698081968,False
proser,mls,far,2797,bowl,cat,-8.17532730102539,-5.327533698081968,False
proser,mls,far,2802,chair,cat,-2.736147403717041,-5.327533698081968,True
proser,mls,far,2811,sunflower,frog,-7.5795698165893555,-5.327533698081968,False
proser,mls,far,2815,clock,bird,-2.4814820289611816,-5.327533698081968,True
proser,mls,far,2822,bottle,ship,-6.438291072845459,-5.327533698081968,False
proser,mls,far,2831,sunflower,frog,-8.95916748046875,-5.327533698081968,False
proser,mls,far,2836,clock,frog,-2.5149927139282227,-5.327533698081968,True
proser,mls,far,2856,sunflower,bird,-7.074723243713379,-5.327533698081968,False
proser,mls,far,2915,wardrobe,truck,-9.932113647460938,-5.327533698081968,False
proser,mls,far,2917,chair,airplane,-3.5589239597320557,-5.327533698081968,True
proser,mls,far,2936,clock,cat,-6.617311954498291,-5.327533698081968,False
proser,mls,far,2937,mushroom,bird,-5.325655460357666,-5.327533698081968,True
proser,mls,far,2945,clock,cat,-6.528085708618164,-5.327533698081968,False
proser,mls,far,2963,bottle,truck,-5.248284339904785,-5.327533698081968,True
proser,mls,far,2965,chair,airplane,-7.346426010131836,-5.327533698081968,False
proser,mls,far,2972,sunflower,cat,-2.4263007640838623,-5.327533698081968,True
proser,mls,far,2980,mushroom,dog,-3.3664729595184326,-5.327533698081968,True
proser,mls,far,2989,sunflower,dog,-4.601291179656982,-5.327533698081968,True
proser,mls,far,2993,bottle,cat,-7.822581768035889,-5.327533698081968,False
proser,mls,far,3011,bottle,dog,-4.5820698738098145,-5.327533698081968,True
proser,mls,far,3015,wardrobe,cat,-7.3817458152771,-5.327533698081968,False
proser,mls,far,3039,mushroom,frog,-7.335262298583984,-5.327533698081968,False
proser,mls,far,3053,wardrobe,cat,-5.799010276794434,-5.327533698081968,False
proser,mls,far,3078,bowl,bird,-6.403076648712158,-5.327533698081968,False
proser,mls,far,3089,sunflower,dog,-6.509589672088623,-5.327533698081968,False
proser,mls,far,3091,bowl,automobile,-3.1932520866394043,-5.327533698081968,True
proser,mls,far,3095,bowl,cat,-4.4970622062683105,-5.327533698081968,True
proser,mls,far,3115,sunflower,frog,-5.0826311111450195,-5.327533698081968,True
proser,mls,far,3122,bottle,cat,-6.198137283325195,-5.327533698081968,False
proser,mls,far,3139,keyboard,truck,-4.0142059326171875,-5.327533698081968,True
proser,mls,far,3149,wardrobe,truck,-4.511780738830566,-5.327533698081968,True
proser,mls,far,3186,chair,airplane,-8.561223030090332,-5.327533698081968,False
proser,mls,far,3203,chair,airplane,-6.479534149169922,-5.327533698081968,False
proser,mls,far,3209,bowl,dog,-4.474295139312744,-5.327533698081968,True
proser,mls,far,3210,clock,automobile,-7.772317886352539,-5.327533698081968,False
proser,mls,far,3216,bottle,bird,-3.774794816970825,-5.327533698081968,True
proser,mls,far,3232,bottle,ship,-6.434453964233398,-5.327533698081968,False
proser,mls,far,3247,keyboard,truck,-7.561297416687012,-5.327533698081968,False
proser,mls,far,3253,bowl,dog,-2.5275533199310303,-5.327533698081968,True
proser,mls,far,3282,clock,cat,-7.673145771026611,-5.327533698081968,False
proser,mls,far,3286,chair,automobile,-3.380281925201416,-5.327533698081968,True
proser,mls,far,3293,chair,airplane,-6.683791637420654,-5.327533698081968,False
proser,mls,far,3298,keyboard,airplane,-6.811864852905273,-5.327533698081968,False
proser,mls,far,3299,chair,airplane,-5.8180131912231445,-5.327533698081968,False
proser,mls,far,3304,bowl,bird,-4.878350257873535,-5.327533698081968,True
proser,mls,far,3305,mushroom,frog,-9.049161911010742,-5.327533698081968,False
proser,mls,far,3316,bottle,cat,-7.649176597595215,-5.327533698081968,False
proser,mls,far,3317,chair,airplane,-5.8910040855407715,-5.327533698081968,False
proser,mls,far,3322,chair,bird,-2.9771976470947266,-5.327533698081968,True
proser,mls,far,3337,mushroom,frog,-4.641079425811768,-5.327533698081968,True
proser,mls,far,3347,keyboard,cat,-4.544336795806885,-5.327533698081968,True
proser,mls,far,3348,bowl,frog,-4.275850296020508,-5.327533698081968,True
proser,mls,far,3349,chair,truck,-3.986576557159424,-5.327533698081968,True
proser,mls,far,3350,bottle,truck,-5.255736827850342,-5.327533698081968,True
proser,mls,far,3352,mushroom,bird,-6.475687503814697,-5.327533698081968,False
proser,mls,far,3373,bowl,cat,-9.292349815368652,-5.327533698081968,False
proser,mls,far,3378,wardrobe,cat,-8.167930603027344,-5.327533698081968,False
proser,mls,far,3386,sunflower,cat,-9.406134605407715,-5.327533698081968,False
proser,mls,far,3402,sunflower,bird,-4.575905799865723,-5.327533698081968,True
proser,mls,far,3409,chair,airplane,-5.054494380950928,-5.327533698081968,True
proser,mls,far,3429,sunflower,cat,-3.3768515586853027,-5.327533698081968,True
proser,mls,far,3444,bottle,cat,-3.827226161956787,-5.327533698081968,True
proser,mls,far,3470,keyboard,frog,-3.894784450531006,-5.327533698081968,True
proser,mls,far,3493,mushroom,dog,-4.2438130378723145,-5.327533698081968,True
proser,mls,far,3502,mushroom,frog,-7.471757888793945,-5.327533698081968,False
proser,mls,far,3507,bowl,cat,-4.930083274841309,-5.327533698081968,True
proser,mls,far,3548,bottle,cat,-4.343080997467041,-5.327533698081968,True
proser,mls,far,3559,sunflower,truck,-3.691300868988037,-5.327533698081968,True
proser,mls,far,3568,chair,dog,-4.61769437789917,-5.327533698081968,True
proser,mls,far,3579,keyboard,airplane,-8.190010070800781,-5.327533698081968,False
proser,mls,far,3586,keyboard,cat,-8.130351066589355,-5.327533698081968,False
proser,mls,far,3609,wardrobe,truck,-3.9477715492248535,-5.327533698081968,True
proser,mls,far,3636,mushroom,cat,-5.72532320022583,-5.327533698081968,False
proser,mls,far,3659,clock,frog,-4.552812099456787,-5.327533698081968,True
proser,mls,far,3683,clock,cat,-7.192694664001465,-5.327533698081968,False
proser,mls,far,3684,mushroom,frog,-7.245301246643066,-5.327533698081968,False
proser,mls,far,3693,keyboard,truck,-3.621194839477539,-5.327533698081968,True
proser,mls,far,3702,wardrobe,cat,-5.073888778686523,-5.327533698081968,True
proser,mls,far,3705,wardrobe,truck,-7.05844259262085,-5.327533698081968,False
proser,mls,far,3716,keyboard,bird,-1.9690070152282715,-5.327533698081968,True
proser,mls,far,3728,bowl,cat,-6.435496807098389,-5.327533698081968,False
proser,mls,far,3730,bowl,cat,-5.742298603057861,-5.327533698081968,False
proser,mls,far,3734,mushroom,cat,-4.273718357086182,-5.327533698081968,True
proser,mls,far,3742,mushroom,cat,-6.225832462310791,-5.327533698081968,False
proser,mls,far,3759,mushroom,bird,-4.792326927185059,-5.327533698081968,True
proser,mls,far,3765,bowl,ship,-7.285333156585693,-5.327533698081968,False
proser,mls,far,3770,sunflower,bird,-6.287137031555176,-5.327533698081968,False
proser,mls,far,3787,wardrobe,cat,-7.235995769500732,-5.327533698081968,False
proser,mls,far,3806,wardrobe,cat,-7.660702705383301,-5.327533698081968,False
proser,mls,far,3853,wardrobe,truck,-6.2101335525512695,-5.327533698081968,False
proser,mls,far,3855,keyboard,cat,-5.1926093101501465,-5.327533698081968,True
proser,mls,far,3863,bowl,ship,-5.907381534576416,-5.327533698081968,False
proser,mls,far,3872,keyboard,airplane,-7.852019309997559,-5.327533698081968,False
proser,mls,far,3888,bottle,cat,-9.496668815612793,-5.327533698081968,False
proser,mls,far,3906,bottle,ship,-7.43239688873291,-5.327533698081968,False
proser,mls,far,3912,chair,horse,-2.942322015762329,-5.327533698081968,True
proser,mls,far,3924,wardrobe,truck,-8.19374942779541,-5.327533698081968,False
proser,mls,far,3942,sunflower,truck,-4.110604763031006,-5.327533698081968,True
proser,mls,far,3952,bowl,dog,-6.343723297119141,-5.327533698081968,False
proser,mls,far,3962,mushroom,cat,-5.732696056365967,-5.327533698081968,False
proser,mls,far,3968,mushroom,frog,-9.289669036865234,-5.327533698081968,False
proser,mls,far,3975,sunflower,frog,-5.261448383331299,-5.327533698081968,True
proser,mls,far,4010,chair,airplane,-7.987872123718262,-5.327533698081968,False
proser,mls,far,4022,mushroom,dog,-6.104797840118408,-5.327533698081968,False
proser,mls,far,4031,wardrobe,cat,-4.5512166023254395,-5.327533698081968,True
proser,mls,far,4033,wardrobe,cat,-3.3401670455932617,-5.327533698081968,True
proser,mls,far,4034,wardrobe,truck,-4.820451259613037,-5.327533698081968,True
proser,mls,far,4061,chair,airplane,-4.246991157531738,-5.327533698081968,True
proser,mls,far,4065,bottle,truck,-4.296411991119385,-5.327533698081968,True
proser,mls,far,4077,bottle,cat,-2.5712103843688965,-5.327533698081968,True
proser,mls,far,4087,wardrobe,truck,-3.577260732650757,-5.327533698081968,True
proser,mls,far,4103,sunflower,dog,-5.293062686920166,-5.327533698081968,True
proser,mls,far,4125,chair,airplane,-4.029763221740723,-5.327533698081968,True
proser,mls,far,4151,bowl,cat,-5.074392795562744,-5.327533698081968,True
proser,mls,far,4159,chair,bird,-7.731689453125,-5.327533698081968,False
proser,mls,far,4171,wardrobe,cat,-7.411404609680176,-5.327533698081968,False
proser,mls,far,4174,clock,cat,-6.948112964630127,-5.327533698081968,False
proser,mls,far,4183,keyboard,airplane,-4.1100077629089355,-5.327533698081968,True
proser,mls,far,4186,chair,airplane,-6.018815040588379,-5.327533698081968,False
proser,mls,far,4206,clock,automobile,-4.704856872558594,-5.327533698081968,True
proser,mls,far,4208,wardrobe,truck,-7.012645721435547,-5.327533698081968,False
proser,mls,far,4214,chair,airplane,-7.832498550415039,-5.327533698081968,False
proser,mls,far,4245,wardrobe,cat,-7.975157260894775,-5.327533698081968,False
proser,mls,far,4252,bowl,cat,-8.098577499389648,-5.327533698081968,False
proser,mls,far,4259,chair,airplane,-4.20809268951416,-5.327533698081968,True
proser,mls,far,4269,mushroom,horse,-3.5429227352142334,-5.327533698081968,True
proser,mls,far,4321,clock,truck,-8.730024337768555,-5.327533698081968,False
proser,mls,far,4325,bottle,automobile,-5.604413986206055,-5.327533698081968,False
proser,mls,far,4332,bottle,bird,-3.3601393699645996,-5.327533698081968,True
proser,mls,far,4334,bottle,cat,-8.73287296295166,-5.327533698081968,False
proser,mls,far,4348,bowl,frog,-2.958080291748047,-5.327533698081968,True
proser,mls,far,4367,bowl,cat,-5.0352253913879395,-5.327533698081968,True
proser,mls,far,4369,clock,ship,-4.916413307189941,-5.327533698081968,True
proser,mls,far,4373,mushroom,airplane,-5.760427474975586,-5.327533698081968,False
proser,mls,far,4376,sunflower,bird,-3.426389455795288,-5.327533698081968,True
proser,mls,far,4382,wardrobe,cat,-8.200514793395996,-5.327533698081968,False
proser,mls,far,4383,keyboard,cat,-2.5092132091522217,-5.327533698081968,True
proser,mls,far,4386,bowl,frog,-6.9493184089660645,-5.327533698081968,False
proser,mls,far,4394,mushroom,horse,-5.647761821746826,-5.327533698081968,False
proser,mls,far,4417,mushroom,cat,-5.385599613189697,-5.327533698081968,False
proser,mls,far,4444,chair,cat,-4.568638324737549,-5.327533698081968,True
proser,mls,far,4466,wardrobe,cat,-7.1378302574157715,-5.327533698081968,False
proser,mls,far,4471,bowl,frog,-8.909599304199219,-5.327533698081968,False
proser,mls,far,4475,clock,cat,-6.6432271003723145,-5.327533698081968,False
proser,mls,far,4514,mushroom,frog,-2.499643087387085,-5.327533698081968,True
proser,mls,far,4520,bowl,cat,-3.5124778747558594,-5.327533698081968,True
proser,mls,far,4631,wardrobe,cat,-7.1962385177612305,-5.327533698081968,False
proser,mls,far,4656,clock,airplane,-3.073509454727173,-5.327533698081968,True
proser,mls,far,4668,chair,airplane,-6.604098320007324,-5.327533698081968,False
proser,mls,far,4670,keyboard,cat,-4.508580684661865,-5.327533698081968,True
proser,mls,far,4683,bottle,cat,-10.094271659851074,-5.327533698081968,False
proser,mls,far,4704,clock,truck,-9.197081565856934,-5.327533698081968,False
proser,mls,far,4708,bottle,airplane,-3.2278783321380615,-5.327533698081968,True
proser,mls,far,4722,chair,airplane,-4.330147743225098,-5.327533698081968,True
proser,mls,far,4734,wardrobe,cat,-7.361682415008545,-5.327533698081968,False
proser,mls,far,4746,sunflower,truck,-3.683168649673462,-5.327533698081968,True
proser,mls,far,4769,clock,automobile,-4.335227966308594,-5.327533698081968,True
proser,mls,far,4771,clock,automobile,-1.7288404703140259,-5.327533698081968,True
proser,mls,far,4779,clock,cat,-3.4698867797851562,-5.327533698081968,True
proser,mls,far,4785,sunflower,bird,-8.78884220123291,-5.327533698081968,False
proser,mls,far,4800,keyboard,cat,-6.153125762939453,-5.327533698081968,False
proser,mls,far,4804,keyboard,horse,-4.913596153259277,-5.327533698081968,True
proser,mls,far,4809,keyboard,bird,-2.4407918453216553,-5.327533698081968,True
proser,mls,far,4818,bottle,truck,-5.776779651641846,-5.327533698081968,False
proser,mls,far,4830,bowl,automobile,-7.74880313873291,-5.327533698081968,False
proser,mls,far,4838,keyboard,automobile,-4.451019763946533,-5.327533698081968,True
proser,mls,far,4847,chair,bird,-8.425267219543457,-5.327533698081968,False
proser,mls,far,4848,bottle,automobile,-3.9850969314575195,-5.327533698081968,True
proser,mls,far,4851,sunflower,bird,-4.429702281951904,-5.327533698081968,True
proser,mls,far,4859,clock,cat,-6.787688732147217,-5.327533698081968,False
proser,mls,far,4863,bowl,ship,-7.737883567810059,-5.327533698081968,False
proser,mls,far,4910,wardrobe,cat,-6.1796464920043945,-5.327533698081968,False
proser,mls,far,4918,chair,cat,-2.5734658241271973,-5.327533698081968,True
proser,mls,far,4933,wardrobe,truck,-6.132602214813232,-5.327533698081968,False
proser,mls,far,4947,wardrobe,cat,-10.2687349319458,-5.327533698081968,False
proser,mls,far,4956,bottle,cat,-4.319621562957764,-5.327533698081968,True
proser,mls,far,4968,mushroom,deer,-2.926058769226074,-5.327533698081968,True
proser,mls,far,4981,bottle,ship,-7.31730842590332,-5.327533698081968,False
proser,mls,far,4982,mushroom,bird,-7.3603057861328125,-5.327533698081968,False
proser,mls,far,4986,clock,truck,-7.392882823944092,-5.327533698081968,False
proser,mls,far,4999,keyboard,frog,-3.777440071105957,-5.327533698081968,True
proser,mls,far,5002,sunflower,frog,-4.369782447814941,-5.327533698081968,True
proser,mls,far,5005,sunflower,bird,-4.3856000900268555,-5.327533698081968,True
proser,mls,far,5030,bottle,frog,-4.621758460998535,-5.327533698081968,True
proser,mls,far,5082,wardrobe,cat,-8.088263511657715,-5.327533698081968,False
proser,mls,far,5083,bowl,frog,-5.533332824707031,-5.327533698081968,False
proser,mls,far,5096,chair,airplane,-8.711413383483887,-5.327533698081968,False
proser,mls,far,5102,bottle,truck,-2.2372171878814697,-5.327533698081968,True
proser,mls,far,5127,bowl,cat,-2.5185556411743164,-5.327533698081968,True
proser,mls,far,5147,clock,cat,-5.5899529457092285,-5.327533698081968,False
proser,mls,far,5155,sunflower,dog,-4.196776390075684,-5.327533698081968,True
proser,mls,far,5181,sunflower,cat,-5.344573497772217,-5.327533698081968,False
proser,mls,far,5215,wardrobe,cat,-4.3763427734375,-5.327533698081968,True
proser,mls,far,5219,mushroom,cat,-9.051308631896973,-5.327533698081968,False
proser,mls,far,5236,clock,cat,-4.811636447906494,-5.327533698081968,True
proser,mls,far,5250,keyboard,airplane,-3.921682834625244,-5.327533698081968,True
proser,mls,far,5260,sunflower,bird,-9.26346206665039,-5.327533698081968,False
proser,mls,far,5282,bowl,bird,-3.5101375579833984,-5.327533698081968,True
proser,mls,far,5319,clock,dog,-3.6501312255859375,-5.327533698081968,True
proser,mls,far,5324,bottle,ship,-2.201124668121338,-5.327533698081968,True
proser,mls,far,5333,wardrobe,truck,-5.549462795257568,-5.327533698081968,False
proser,mls,far,5354,mushroom,bird,-4.8871917724609375,-5.327533698081968,True
proser,mls,far,5364,clock,cat,-4.653326988220215,-5.327533698081968,True
proser,mls,far,5375,mushroom,frog,-3.0066349506378174,-5.327533698081968,True
proser,mls,far,5378,keyboard,truck,-3.2440707683563232,-5.327533698081968,True
proser,mls,far,5386,mushroom,frog,-3.9822916984558105,-5.327533698081968,True
proser,mls,far,5387,wardrobe,ship,-1.544434905052185,-5.327533698081968,True
proser,mls,far,5414,clock,cat,-7.955432415008545,-5.327533698081968,False
proser,mls,far,5428,wardrobe,truck,-4.704921722412109,-5.327533698081968,True
proser,mls,far,5440,bottle,ship,-6.128801345825195,-5.327533698081968,False
proser,mls,far,5444,bowl,cat,-3.3667497634887695,-5.327533698081968,True
proser,mls,far,5473,chair,bird,-5.878701210021973,-5.327533698081968,False
proser,mls,far,5484,mushroom,truck,-2.7957139015197754,-5.327533698081968,True
proser,mls,far,5505,keyboard,airplane,-5.003020286560059,-5.327533698081968,True
proser,mls,far,5508,bowl,cat,-4.278506278991699,-5.327533698081968,True
proser,mls,far,5565,wardrobe,cat,-8.001265525817871,-5.327533698081968,False
proser,mls,far,5573,sunflower,frog,-7.008427619934082,-5.327533698081968,False
proser,mls,far,5577,keyboard,frog,-8.772662162780762,-5.327533698081968,False
proser,mls,far,5587,wardrobe,truck,-2.7590508460998535,-5.327533698081968,True
proser,mls,far,5603,chair,airplane,-7.1037211418151855,-5.327533698081968,False
proser,mls,far,5627,mushroom,deer,-5.4682135581970215,-5.327533698081968,False
proser,mls,far,5633,keyboard,frog,-6.587131023406982,-5.327533698081968,False
proser,mls,far,5638,mushroom,bird,-5.1009650230407715,-5.327533698081968,True
proser,mls,far,5643,wardrobe,cat,-6.1774516105651855,-5.327533698081968,False
proser,mls,far,5646,mushroom,bird,-6.037210941314697,-5.327533698081968,False
proser,mls,far,5659,keyboard,truck,-4.662897109985352,-5.327533698081968,True
proser,mls,far,5666,wardrobe,cat,-8.131775856018066,-5.327533698081968,False
proser,mls,far,5680,sunflower,frog,-5.892665863037109,-5.327533698081968,False
proser,mls,far,5683,chair,airplane,-9.119197845458984,-5.327533698081968,False
proser,mls,far,5686,bottle,cat,-7.713524341583252,-5.327533698081968,False
proser,mls,far,5690,clock,airplane,-9.395832061767578,-5.327533698081968,False
proser,mls,far,5699,chair,ship,-6.3561177253723145,-5.327533698081968,False
proser,mls,far,5716,bowl,cat,-6.2758402824401855,-5.327533698081968,False
proser,mls,far,5740,keyboard,truck,-3.7617790699005127,-5.327533698081968,True
proser,mls,far,5742,sunflower,truck,-5.388547420501709,-5.327533698081968,False
proser,mls,far,5768,clock,cat,-6.801382064819336,-5.327533698081968,False
proser,mls,far,5777,keyboard,airplane,-7.792734622955322,-5.327533698081968,False
proser,mls,far,5799,chair,airplane,-6.034363746643066,-5.327533698081968,False
proser,mls,far,5810,bottle,ship,-6.823897838592529,-5.327533698081968,False
proser,mls,far,5820,mushroom,bird,-7.404087066650391,-5.327533698081968,False
proser,mls,far,5825,wardrobe,cat,-5.5087056159973145,-5.327533698081968,False
proser,mls,far,5838,mushroom,frog,-3.9737720489501953,-5.327533698081968,True
proser,mls,far,5845,clock,airplane,-6.616976737976074,-5.327533698081968,False
proser,mls,far,5861,sunflower,bird,-4.598168849945068,-5.327533698081968,True
proser,mls,far,5882,bowl,automobile,-3.349038600921631,-5.327533698081968,True
proser,mls,far,5926,chair,airplane,-5.8695831298828125,-5.327533698081968,False
proser,mls,far,5940,keyboard,cat,-10.971758842468262,-5.327533698081968,False
proser,mls,far,5944,mushroom,cat,-6.070584774017334,-5.327533698081968,False
proser,mls,far,5978,clock,ship,-5.160661220550537,-5.327533698081968,True
proser,mls,far,5981,bottle,cat,-7.2849812507629395,-5.327533698081968,False
proser,mls,far,5993,bottle,cat,-2.698772430419922,-5.327533698081968,True
proser,mls,far,5995,chair,airplane,-5.360119819641113,-5.327533698081968,False
proser,mls,far,6015,keyboard,truck,-5.1591410636901855,-5.327533698081968,True
proser,mls,far,6018,bottle,airplane,-5.964448928833008,-5.327533698081968,False
proser,mls,far,6025,bottle,cat,-4.132734775543213,-5.327533698081968,True
proser,mls,far,6030,sunflower,bird,-8.7072172164917,-5.327533698081968,False
proser,mls,far,6033,bowl,automobile,-6.860510349273682,-5.327533698081968,False
proser,mls,far,6042,keyboard,bird,-3.818942070007324,-5.327533698081968,True
proser,mls,far,6046,wardrobe,cat,-9.596044540405273,-5.327533698081968,False
proser,mls,far,6069,bowl,cat,-4.866719722747803,-5.327533698081968,True
proser,mls,far,6079,bowl,dog,-6.18952751159668,-5.327533698081968,False
proser,mls,far,6089,bottle,ship,-5.6586432456970215,-5.327533698081968,False
proser,mls,far,6098,chair,cat,-4.536040306091309,-5.327533698081968,True
proser,mls,far,6112,keyboard,cat,-7.421916484832764,-5.327533698081968,False
proser,mls,far,6117,keyboard,airplane,-3.7553813457489014,-5.327533698081968,True
proser,mls,far,6131,keyboard,truck,-5.010909080505371,-5.327533698081968,True
proser,mls,far,6134,keyboard,airplane,-3.8738276958465576,-5.327533698081968,True
proser,mls,far,6141,chair,ship,-4.931772232055664,-5.327533698081968,True
proser,mls,far,6145,keyboard,cat,-6.8205180168151855,-5.327533698081968,False
proser,mls,far,6152,mushroom,deer,-5.035048007965088,-5.327533698081968,True
proser,mls,far,6161,wardrobe,truck,-5.503164768218994,-5.327533698081968,False
proser,mls,far,6165,clock,cat,-3.1930081844329834,-5.327533698081968,True
proser,mls,far,6168,bottle,bird,-2.5939037799835205,-5.327533698081968,True
proser,mls,far,6194,mushroom,dog,-6.166257381439209,-5.327533698081968,False
proser,mls,far,6204,wardrobe,bird,-5.971432209014893,-5.327533698081968,False
proser,mls,far,6214,bottle,ship,-3.5178511142730713,-5.327533698081968,True
proser,mls,far,6215,mushroom,frog,-5.578006744384766,-5.327533698081968,False
proser,mls,far,6217,bottle,frog,-2.952805280685425,-5.327533698081968,True
proser,mls,far,6218,keyboard,frog,-7.297595024108887,-5.327533698081968,False
proser,mls,far,6233,chair,airplane,-9.867895126342773,-5.327533698081968,False
proser,mls,far,6237,wardrobe,truck,-3.1192946434020996,-5.327533698081968,True
proser,mls,far,6238,clock,ship,-3.862917184829712,-5.327533698081968,True
proser,mls,far,6239,bottle,cat,-6.040808200836182,-5.327533698081968,False
proser,mls,far,6245,chair,airplane,-7.047853469848633,-5.327533698081968,False
proser,mls,far,6252,bowl,ship,-5.265880107879639,-5.327533698081968,True
proser,mls,far,6254,bowl,cat,-7.692241191864014,-5.327533698081968,False
proser,mls,far,6267,clock,automobile,-3.621591567993164,-5.327533698081968,True
proser,mls,far,6269,clock,cat,-6.716527462005615,-5.327533698081968,False
proser,mls,far,6297,keyboard,bird,-4.3675127029418945,-5.327533698081968,True
proser,mls,far,6298,keyboard,cat,-8.365782737731934,-5.327533698081968,False
proser,mls,far,6327,bowl,cat,-5.377808094024658,-5.327533698081968,False
proser,mls,far,6340,keyboard,airplane,-5.710505962371826,-5.327533698081968,False
proser,mls,far,6364,chair,airplane,-3.2823374271392822,-5.327533698081968,True
proser,mls,far,6370,keyboard,cat,-3.6165034770965576,-5.327533698081968,True
proser,mls,far,6388,sunflower,bird,-7.25665807723999,-5.327533698081968,False
proser,mls,far,6390,wardrobe,truck,-8.748273849487305,-5.327533698081968,False
proser,mls,far,6413,wardrobe,cat,-7.484178066253662,-5.327533698081968,False
proser,mls,far,6419,keyboard,airplane,-8.261856079101562,-5.327533698081968,False
proser,mls,far,6421,sunflower,frog,-2.148221254348755,-5.327533698081968,True
proser,mls,far,6423,wardrobe,truck,-8.172420501708984,-5.327533698081968,False
proser,mls,far,6440,bottle,cat,-4.556278228759766,-5.327533698081968,True
proser,mls,far,6472,bottle,ship,-8.137749671936035,-5.327533698081968,False
proser,mls,far,6482,clock,ship,-3.9224531650543213,-5.327533698081968,True
proser,mls,far,6490,clock,automobile,-6.432425498962402,-5.327533698081968,False
proser,mls,far,6491,chair,airplane,-9.555931091308594,-5.327533698081968,False
proser,mls,far,6500,clock,cat,-3.412177085876465,-5.327533698081968,True
proser,mls,far,6507,bottle,cat,-5.013395309448242,-5.327533698081968,True
proser,mls,far,6508,clock,bird,-3.514613151550293,-5.327533698081968,True
proser,mls,far,6510,keyboard,truck,-3.2167727947235107,-5.327533698081968,True
proser,mls,far,6512,wardrobe,horse,-3.740017890930176,-5.327533698081968,True
proser,mls,far,6519,bowl,frog,-3.427626609802246,-5.327533698081968,True
proser,mls,far,6543,keyboard,truck,-6.205782413482666,-5.327533698081968,False
proser,mls,far,6558,mushroom,bird,-8.141307830810547,-5.327533698081968,False
proser,mls,far,6559,bowl,cat,-3.645677089691162,-5.327533698081968,True
proser,mls,far,6565,bowl,frog,-8.522100448608398,-5.327533698081968,False
proser,mls,far,6575,mushroom,truck,-3.6050047874450684,-5.327533698081968,True
proser,mls,far,6594,chair,bird,-4.686291694641113,-5.327533698081968,True
proser,mls,far,6602,bottle,ship,-6.0170183181762695,-5.327533698081968,False
proser,mls,far,6619,chair,airplane,-3.9785125255584717,-5.327533698081968,True
proser,mls,far,6647,sunflower,bird,-2.684061050415039,-5.327533698081968,True
proser,mls,far,6655,chair,airplane,-4.023670673370361,-5.327533698081968,True
proser,mls,far,6657,clock,ship,-2.6136293411254883,-5.327533698081968,True
proser,mls,far,6668,mushroom,cat,-5.440201759338379,-5.327533698081968,False
proser,mls,far,6673,clock,cat,-10.193219184875488,-5.327533698081968,False
proser,mls,far,6679,mushroom,ship,-4.133171081542969,-5.327533698081968,True
proser,mls,far,6681,mushroom,cat,-2.3072545528411865,-5.327533698081968,True
proser,mls,far,6687,sunflower,bird,-5.574882984161377,-5.327533698081968,False
proser,mls,far,6695,keyboard,bird,-3.3378939628601074,-5.327533698081968,True
proser,mls,far,6729,mushroom,bird,-4.349889278411865,-5.327533698081968,True
proser,mls,far,6733,keyboard,horse,-4.354002952575684,-5.327533698081968,True
proser,mls,far,6734,keyboard,truck,-4.630306243896484,-5.327533698081968,True
proser,mls,far,6760,keyboard,airplane,-4.506342887878418,-5.327533698081968,True
proser,mls,far,6772,bowl,ship,-5.208113670349121,-5.327533698081968,True
proser,mls,far,6774,clock,bird,-6.126553058624268,-5.327533698081968,False
proser,mls,far,6777,keyboard,truck,-6.534488201141357,-5.327533698081968,False
proser,mls,far,6783,wardrobe,truck,-5.1464457511901855,-5.327533698081968,True
proser,mls,far,6788,bottle,truck,-3.0411758422851562,-5.327533698081968,True
proser,mls,far,6795,clock,frog,-2.150458574295044,-5.327533698081968,True
proser,mls,far,6804,bowl,cat,-7.657890796661377,-5.327533698081968,False
proser,mls,far,6809,wardrobe,cat,-7.789514541625977,-5.327533698081968,False
proser,mls,far,6823,wardrobe,cat,-5.560927867889404,-5.327533698081968,False
proser,mls,far,6841,clock,ship,-2.8856427669525146,-5.327533698081968,True
proser,mls,far,6843,sunflower,frog,-5.869035720825195,-5.327533698081968,False
proser,mls,far,6845,sunflower,bird,-6.148865699768066,-5.327533698081968,False
proser,mls,far,6859,bowl,frog,-4.910126209259033,-5.327533698081968,True
proser,mls,far,6863,wardrobe,cat,-7.026113033294678,-5.327533698081968,False
proser,mls,far,6886,bottle,ship,-2.54939866065979,-5.327533698081968,True
proser,mls,far,6890,clock,cat,-3.6206634044647217,-5.327533698081968,True
proser,mls,far,6899,bottle,ship,-7.300523281097412,-5.327533698081968,False
proser,mls,far,6907,keyboard,truck,-6.948007106781006,-5.327533698081968,False
proser,mls,far,6911,mushroom,deer,-3.468271255493164,-5.327533698081968,True
proser,mls,far,6928,sunflower,frog,-4.798523426055908,-5.327533698081968,True
proser,mls,far,6943,chair,airplane,-8.0136079788208,-5.327533698081968,False
proser,mls,far,6965,mushroom,cat,-5.773802280426025,-5.327533698081968,False
proser,mls,far,6981,clock,ship,-5.441107749938965,-5.327533698081968,False
proser,mls,far,6998,keyboard,cat,-3.1167726516723633,-5.327533698081968,True
proser,mls,far,7012,bottle,cat,-7.64345121383667,-5.327533698081968,False
proser,mls,far,7017,sunflower,truck,-2.8124396800994873,-5.327533698081968,True
proser,mls,far,7060,mushroom,frog,-5.505159378051758,-5.327533698081968,False
proser,mls,far,7063,chair,airplane,-4.677471160888672,-5.327533698081968,True
proser,mls,far,7077,bottle,frog,-3.832637071609497,-5.327533698081968,True
proser,mls,far,7093,bottle,dog,-5.692007064819336,-5.327533698081968,False
proser,mls,far,7096,keyboard,horse,-3.1739795207977295,-5.327533698081968,True
proser,mls,far,7104,mushroom,dog,-6.6375651359558105,-5.327533698081968,False
proser,mls,far,7123,wardrobe,cat,-5.829519748687744,-5.327533698081968,False
proser,mls,far,7161,bowl,cat,-4.8291239738464355,-5.327533698081968,True
proser,mls,far,7171,wardrobe,truck,-7.46935510635376,-5.327533698081968,False
proser,mls,far,7181,mushroom,frog,-8.119841575622559,-5.327533698081968,False
proser,mls,far,7192,chair,cat,-8.1514310836792,-5.327533698081968,False
proser,mls,far,7224,clock,truck,-6.516193389892578,-5.327533698081968,False
proser,mls,far,7229,mushroom,frog,-4.146184921264648,-5.327533698081968,True
proser,mls,far,7258,sunflower,frog,-5.985426902770996,-5.327533698081968,False
proser,mls,far,7259,bottle,truck,-6.861071586608887,-5.327533698081968,False
proser,mls,far,7275,clock,automobile,-5.698156833648682,-5.327533698081968,False
proser,mls,far,7284,mushroom,cat,-2.0327014923095703,-5.327533698081968,True
proser,mls,far,7285,wardrobe,horse,-2.5251729488372803,-5.327533698081968,True
proser,mls,far,7291,chair,bird,-3.8264904022216797,-5.327533698081968,True
proser,mls,far,7319,chair,truck,-2.3480491638183594,-5.327533698081968,True
proser,mls,far,7328,sunflower,bird,-3.1412620544433594,-5.327533698081968,True
proser,mls,far,7345,bowl,ship,-5.1875481605529785,-5.327533698081968,True
proser,mls,far,7356,mushroom,bird,-4.483558177947998,-5.327533698081968,True
proser,mls,far,7362,clock,automobile,-4.894656181335449,-5.327533698081968,True
proser,mls,far,7406,bottle,bird,-4.2127227783203125,-5.327533698081968,True
proser,mls,far,7415,bottle,ship,-3.072563648223877,-5.327533698081968,True
proser,mls,far,7423,bottle,automobile,-2.70926570892334,-5.327533698081968,True
proser,mls,far,7425,mushroom,dog,-4.398299217224121,-5.327533698081968,True
proser,mls,far,7428,bowl,ship,-5.083444118499756,-5.327533698081968,True
proser,mls,far,7437,wardrobe,cat,-6.828261852264404,-5.327533698081968,False
proser,mls,far,7443,bottle,cat,-11.38927173614502,-5.327533698081968,False
proser,mls,far,7456,chair,truck,-2.382917881011963,-5.327533698081968,True
proser,mls,far,7469,wardrobe,truck,-6.297824382781982,-5.327533698081968,False
proser,mls,far,7483,mushroom,frog,-8.554770469665527,-5.327533698081968,False
proser,mls,far,7499,chair,truck,-6.099082946777344,-5.327533698081968,False
proser,mls,far,7515,bowl,frog,-5.2214884757995605,-5.327533698081968,True
proser,mls,far,7535,chair,truck,-4.869622707366943,-5.327533698081968,True
proser,mls,far,7542,chair,cat,-3.89410662651062,-5.327533698081968,True
proser,mls,far,7543,chair,truck,-4.5199198722839355,-5.327533698081968,True
proser,mls,far,7604,wardrobe,cat,-6.272538661956787,-5.327533698081968,False
proser,mls,far,7606,wardrobe,cat,-5.463637351989746,-5.327533698081968,False
proser,mls,far,7607,wardrobe,cat,-5.35719633102417,-5.327533698081968,False
proser,mls,far,7616,sunflower,dog,-2.8433539867401123,-5.327533698081968,True
proser,mls,far,7619,mushroom,cat,-4.41287088394165,-5.327533698081968,True
proser,mls,far,7626,clock,ship,-5.572927951812744,-5.327533698081968,False
proser,mls,far,7632,mushroom,frog,-6.991366386413574,-5.327533698081968,False
proser,mls,far,7654,keyboard,truck,-4.569962501525879,-5.327533698081968,True
proser,mls,far,7683,sunflower,dog,-4.588369846343994,-5.327533698081968,True
proser,mls,far,7694,wardrobe,cat,-7.440069198608398,-5.327533698081968,False
proser,mls,far,7698,keyboard,cat,-6.405120372772217,-5.327533698081968,False
proser,mls,far,7714,mushroom,truck,-3.4504289627075195,-5.327533698081968,True
proser,mls,far,7728,bottle,cat,-3.839743137359619,-5.327533698081968,True
proser,mls,far,7737,bowl,automobile,-5.058379173278809,-5.327533698081968,True
proser,mls,far,7739,keyboard,cat,-4.4605231285095215,-5.327533698081968,True
proser,mls,far,7755,sunflower,frog,-4.8305439949035645,-5.327533698081968,True
proser,mls,far,7756,mushroom,deer,-2.9787232875823975,-5.327533698081968,True
proser,mls,far,7776,sunflower,bird,-5.005420207977295,-5.327533698081968,True
proser,mls,far,7781,keyboard,airplane,-3.3867385387420654,-5.327533698081968,True
proser,mls,far,7784,bowl,dog,-5.342264175415039,-5.327533698081968,False
proser,mls,far,7785,mushroom,dog,-5.470757961273193,-5.327533698081968,False
proser,mls,far,7787,mushroom,cat,-5.535480976104736,-5.327533698081968,False
proser,mls,far,7795,bowl,frog,-5.0167131423950195,-5.327533698081968,True
proser,mls,far,7804,bowl,ship,-3.628124952316284,-5.327533698081968,True
proser,mls,far,7828,wardrobe,truck,-6.196426868438721,-5.327533698081968,False
proser,mls,far,7850,bottle,automobile,-2.455411434173584,-5.327533698081968,True
proser,mls,far,7868,keyboard,airplane,-7.482170104980469,-5.327533698081968,False
proser,mls,far,7917,clock,dog,-3.711855173110962,-5.327533698081968,True
proser,mls,far,7923,clock,cat,-3.969331741333008,-5.327533698081968,True
proser,mls,far,7933,clock,truck,-5.35233211517334,-5.327533698081968,False
proser,mls,far,7957,keyboard,airplane,-5.872937202453613,-5.327533698081968,False
proser,mls,far,7959,clock,airplane,-7.225030899047852,-5.327533698081968,False
proser,mls,far,7982,chair,cat,-5.663824081420898,-5.327533698081968,False
proser,mls,far,7989,sunflower,bird,-5.619107723236084,-5.327533698081968,False
proser,mls,far,7991,sunflower,dog,-5.401490688323975,-5.327533698081968,False
proser,mls,far,8004,bowl,cat,-6.204765796661377,-5.327533698081968,False
proser,mls,far,8013,bowl,frog,-6.091900825500488,-5.327533698081968,False
proser,mls,far,8022,chair,truck,-4.468742370605469,-5.327533698081968,True
proser,mls,far,8036,clock,truck,-5.180627346038818,-5.327533698081968,True
proser,mls,far,8058,keyboard,airplane,-5.021542072296143,-5.327533698081968,True
proser,mls,far,8068,sunflower,frog,-8.459762573242188,-5.327533698081968,False
proser,mls,far,8074,clock,dog,-3.499267339706421,-5.327533698081968,True
proser,mls,far,8088,bottle,dog,-3.4903717041015625,-5.327533698081968,True
proser,mls,far,8090,bottle,ship,-4.641973495483398,-5.327533698081968,True
proser,mls,far,8122,clock,cat,-3.0112245082855225,-5.327533698081968,True
proser,mls,far,8166,sunflower,dog,-0.9091444611549377,-5.327533698081968,True
proser,mls,far,8209,chair,airplane,-5.305675506591797,-5.327533698081968,True
proser,mls,far,8233,keyboard,dog,-4.816427707672119,-5.327533698081968,True
proser,mls,far,8236,wardrobe,truck,-9.448902130126953,-5.327533698081968,False
proser,mls,far,8244,wardrobe,cat,-5.450455188751221,-5.327533698081968,False
proser,mls,far,8309,bottle,ship,-6.637546062469482,-5.327533698081968,False
proser,mls,far,8312,keyboard,airplane,-6.435759544372559,-5.327533698081968,False
proser,mls,far,8317,bottle,cat,-8.110087394714355,-5.327533698081968,False
proser,mls,far,8335,bowl,cat,-4.888686656951904,-5.327533698081968,True
proser,mls,far,8369,keyboard,truck,-8.204839706420898,-5.327533698081968,False
proser,mls,far,8378,sunflower,bird,-5.46709680557251,-5.327533698081968,False
proser,mls,far,8406,keyboard,airplane,-5.946646213531494,-5.327533698081968,False
proser,mls,far,8453,keyboard,airplane,-4.922589302062988,-5.327533698081968,True
proser,mls,far,8462,bottle,truck,-2.217374324798584,-5.327533698081968,True
proser,mls,far,8470,sunflower,bird,-6.700052261352539,-5.327533698081968,False
proser,mls,far,8472,keyboard,airplane,-5.320657253265381,-5.327533698081968,True
proser,mls,far,8475,sunflower,bird,-8.339162826538086,-5.327533698081968,False
proser,mls,far,8498,chair,bird,-8.768315315246582,-5.327533698081968,False
proser,mls,far,8505,mushroom,bird,-9.329421043395996,-5.327533698081968,False
proser,mls,far,8521,keyboard,dog,-1.5546884536743164,-5.327533698081968,True
proser,mls,far,8531,wardrobe,truck,-5.941068649291992,-5.327533698081968,False
proser,mls,far,8549,mushroom,frog,-9.345930099487305,-5.327533698081968,False
proser,mls,far,8568,bowl,airplane,-6.753166198730469,-5.327533698081968,False
proser,mls,far,8572,clock,automobile,-7.924172878265381,-5.327533698081968,False
proser,mls,far,8576,wardrobe,cat,-8.376758575439453,-5.327533698081968,False
proser,mls,far,8579,keyboard,cat,-7.178216457366943,-5.327533698081968,False
proser,mls,far,8581,sunflower,airplane,-4.289644241333008,-5.327533698081968,True
proser,mls,far,8590,bowl,dog,-4.420886039733887,-5.327533698081968,True
proser,mls,far,8616,sunflower,bird,-8.038037300109863,-5.327533698081968,False
proser,mls,far,8644,bottle,frog,-5.680103778839111,-5.327533698081968,False
proser,mls,far,8656,bowl,cat,-6.462577819824219,-5.327533698081968,False
proser,mls,far,8666,chair,airplane,-6.064510345458984,-5.327533698081968,False
proser,mls,far,8689,sunflower,dog,-8.526557922363281,-5.327533698081968,False
proser,mls,far,8701,mushroom,dog,-9.22215747833252,-5.327533698081968,False
proser,mls,far,8707,mushroom,bird,-5.817918300628662,-5.327533698081968,False
proser,mls,far,8722,bowl,cat,-2.8754124641418457,-5.327533698081968,True
proser,mls,far,8730,sunflower,truck,-2.9214203357696533,-5.327533698081968,True
proser,mls,far,8736,sunflower,bird,-8.661749839782715,-5.327533698081968,False
proser,mls,far,8740,wardrobe,cat,-7.461905002593994,-5.327533698081968,False
proser,mls,far,8753,chair,truck,-3.8132529258728027,-5.327533698081968,True
proser,mls,far,8757,wardrobe,cat,-3.4275476932525635,-5.327533698081968,True
proser,mls,far,8785,sunflower,bird,-5.4007134437561035,-5.327533698081968,False
proser,mls,far,8788,mushroom,bird,-5.989157199859619,-5.327533698081968,False
proser,mls,far,8804,wardrobe,cat,-8.054890632629395,-5.327533698081968,False
proser,mls,far,8812,bottle,automobile,-4.760449409484863,-5.327533698081968,True
proser,mls,far,8829,mushroom,cat,-6.943429470062256,-5.327533698081968,False
proser,mls,far,8866,sunflower,bird,-8.594433784484863,-5.327533698081968,False
proser,mls,far,8867,sunflower,airplane,-5.2913336753845215,-5.327533698081968,True
proser,mls,far,8868,wardrobe,cat,-5.476992130279541,-5.327533698081968,False
proser,mls,far,8881,sunflower,dog,-4.890900135040283,-5.327533698081968,True
proser,mls,far,8889,wardrobe,cat,-8.682640075683594,-5.327533698081968,False
proser,mls,far,8930,wardrobe,cat,-3.7239413261413574,-5.327533698081968,True
proser,mls,far,8949,clock,cat,-3.1156821250915527,-5.327533698081968,True
proser,mls,far,8962,mushroom,dog,-2.4463768005371094,-5.327533698081968,True
proser,mls,far,8985,sunflower,bird,-4.790042400360107,-5.327533698081968,True
proser,mls,far,8994,keyboard,airplane,-10.111116409301758,-5.327533698081968,False
proser,mls,far,9003,chair,bird,-4.387985706329346,-5.327533698081968,True
proser,mls,far,9012,keyboard,cat,-5.815098762512207,-5.327533698081968,False
proser,mls,far,9044,bottle,bird,-7.648148059844971,-5.327533698081968,False
proser,mls,far,9052,bottle,truck,-4.9887309074401855,-5.327533698081968,True
proser,mls,far,9053,sunflower,dog,-4.18651008605957,-5.327533698081968,True
proser,mls,far,9056,chair,airplane,-6.975441932678223,-5.327533698081968,False
proser,mls,far,9059,wardrobe,cat,-4.126049518585205,-5.327533698081968,True
proser,mls,far,9087,chair,cat,-4.103821754455566,-5.327533698081968,True
proser,mls,far,9089,chair,airplane,-5.531888961791992,-5.327533698081968,False
proser,mls,far,9095,mushroom,cat,-3.8159823417663574,-5.327533698081968,True
proser,mls,far,9102,bowl,frog,-7.718783378601074,-5.327533698081968,False
proser,mls,far,9103,mushroom,bird,-8.689361572265625,-5.327533698081968,False
proser,mls,far,9107,bottle,dog,-3.145235300064087,-5.327533698081968,True
proser,mls,far,9122,keyboard,airplane,-4.463802337646484,-5.327533698081968,True
proser,mls,far,9125,mushroom,bird,-5.195290565490723,-5.327533698081968,True
proser,mls,far,9126,bottle,truck,-5.421276569366455,-5.327533698081968,False
proser,mls,far,9149,wardrobe,truck,-7.332233905792236,-5.327533698081968,False
proser,mls,far,9172,clock,ship,-3.085989475250244,-5.327533698081968,True
proser,mls,far,9174,sunflower,airplane,-2.3684237003326416,-5.327533698081968,True
proser,mls,far,9177,bowl,frog,-2.8311548233032227,-5.327533698081968,True
proser,mls,far,9186,wardrobe,truck,-5.635077953338623,-5.327533698081968,False
proser,mls,far,9193,mushroom,cat,-8.982316017150879,-5.327533698081968,False
proser,mls,far,9209,sunflower,bird,-5.7931036949157715,-5.327533698081968,False
proser,mls,far,9212,wardrobe,dog,-5.6541829109191895,-5.327533698081968,False
proser,mls,far,9256,sunflower,dog,-3.409548282623291,-5.327533698081968,True
proser,mls,far,9262,keyboard,airplane,-5.251969337463379,-5.327533698081968,True
proser,mls,far,9270,wardrobe,cat,-7.595117092132568,-5.327533698081968,False
proser,mls,far,9303,clock,automobile,-7.117214679718018,-5.327533698081968,False
proser,mls,far,9307,wardrobe,cat,-8.894619941711426,-5.327533698081968,False
proser,mls,far,9315,sunflower,bird,-5.1300506591796875,-5.327533698081968,True
proser,mls,far,9321,clock,deer,-5.900112628936768,-5.327533698081968,False
proser,mls,far,9344,chair,airplane,-3.8089168071746826,-5.327533698081968,True
proser,mls,far,9347,bottle,cat,-4.25142240524292,-5.327533698081968,True
proser,mls,far,9357,bottle,ship,-4.5915303230285645,-5.327533698081968,True
proser,mls,far,9396,sunflower,cat,-3.49210262298584,-5.327533698081968,True
proser,mls,far,9397,bowl,dog,-1.2558486461639404,-5.327533698081968,True
proser,mls,far,9409,chair,airplane,-4.46199893951416,-5.327533698081968,True
proser,mls,far,9421,keyboard,truck,-2.727809429168701,-5.327533698081968,True
proser,mls,far,9431,sunflower,dog,-7.371823787689209,-5.327533698081968,False
proser,mls,far,9433,sunflower,deer,-6.0410590171813965,-5.327533698081968,False
proser,mls,far,9471,clock,deer,-4.198561191558838,-5.327533698081968,True
proser,mls,far,9492,bowl,ship,-9.197772979736328,-5.327533698081968,False
proser,mls,far,9532,sunflower,frog,-5.038578987121582,-5.327533698081968,True
proser,mls,far,9533,clock,bird,-5.208171367645264,-5.327533698081968,True
proser,mls,far,9558,clock,automobile,-4.464304447174072,-5.327533698081968,True
proser,mls,far,9561,bowl,frog,-8.468353271484375,-5.327533698081968,False
proser,mls,far,9593,chair,airplane,-4.517193794250488,-5.327533698081968,True
proser,mls,far,9594,clock,bird,-5.264814853668213,-5.327533698081968,True
proser,mls,far,9600,chair,airplane,-8.059163093566895,-5.327533698081968,False
proser,mls,far,9657,wardrobe,cat,-5.576436519622803,-5.327533698081968,False
proser,mls,far,9669,bowl,ship,-4.982896327972412,-5.327533698081968,True
proser,mls,far,9681,sunflower,cat,-6.681682109832764,-5.327533698081968,False
proser,mls,far,9711,sunflower,bird,-6.668035507202148,-5.327533698081968,False
proser,mls,far,9716,bottle,cat,-6.036128044128418,-5.327533698081968,False
proser,mls,far,9731,bowl,automobile,-4.737708568572998,-5.327533698081968,True
proser,mls,far,9734,wardrobe,cat,-4.9528045654296875,-5.327533698081968,True
proser,mls,far,9736,keyboard,bird,-4.366866588592529,-5.327533698081968,True
proser,mls,far,9742,keyboard,frog,-3.0116684436798096,-5.327533698081968,True
proser,mls,far,9755,bottle,frog,-7.670011520385742,-5.327533698081968,False
proser,mls,far,9766,keyboard,cat,-5.874471187591553,-5.327533698081968,False
proser,mls,far,9775,sunflower,bird,-8.158974647521973,-5.327533698081968,False
proser,mls,far,9778,mushroom,bird,-8.963301658630371,-5.327533698081968,False
proser,mls,far,9795,bowl,airplane,-4.691243648529053,-5.327533698081968,True
proser,mls,far,9826,mushroom,deer,-3.1585500240325928,-5.327533698081968,True
proser,mls,far,9847,mushroom,bird,-7.000706195831299,-5.327533698081968,False
proser,mls,far,9857,bottle,truck,-4.519669055938721,-5.327533698081968,True
proser,mls,far,9873,chair,airplane,-3.9721786975860596,-5.327533698081968,True
proser,mls,far,9876,sunflower,cat,-2.8045499324798584,-5.327533698081968,True
proser,mls,far,9907,sunflower,frog,-5.877671241760254,-5.327533698081968,False
proser,mls,far,9920,sunflower,cat,-5.918466091156006,-5.327533698081968,False
proser,mls,far,9940,sunflower,dog,-2.5696632862091064,-5.327533698081968,True
proser,mls,far,9967,bottle,dog,-5.051204204559326,-5.327533698081968,True
proser,mls,far,9997,mushroom,airplane,-6.389468669891357,-5.327533698081968,False
proser,placeholder,near,6,camel,bird,0.00025529414415359497,5.8979168534279115e-05,True
proser,placeholder,near,17,wolf,cat,-0.00019721686840057373,5.8979168534279115e-05,False
proser,placeholder,near,36,pickup_truck,automobile,-3.52710485458374e-05,5.8979168534279115e-05,False
proser,placeholder,near,47,pickup_truck,truck,2.1278858184814453e-05,5.8979168534279115e-05,False
proser,placeholder,near,58,leopard,cat,-3.805011510848999e-05,5.8979168534279115e-05,False
proser,placeholder,near,62,camel,deer,0.0001694411039352417,5.8979168534279115e-05,True
proser,placeholder,near,85,tractor,truck,8.535385131835938e-05,5.8979168534279115e-05,True
proser,placeholder,near,94,bus,truck,-0.00026039034128189087,5.8979168534279115e-05,False
proser,placeholder,near,149,pickup_truck,automobile,-8.984655141830444e-05,5.8979168534279115e-05,False
proser,placeholder,near,150,pickup_truck,truck,-7.282942533493042e-05,5.8979168534279115e-05,False
proser,placeholder,near,156,pickup_truck,truck,-0.00024421513080596924,5.8979168534279115e-05,False
proser,placeholder,near,193,bus,truck,-0.00021041929721832275,5.8979168534279115e-05,False
proser,placeholder,near,196,pickup_truck,airplane,3.116577863693237e-05,5.8979168534279115e-05,False
proser,placeholder,near,214,wolf,cat,-0.00029156357049942017,5.8979168534279115e-05,False
proser,placeholder,near,230,tractor,ship,0.00013014674186706543,5.8979168534279115e-05,True
proser,placeholder,near,242,fox,horse,8.982419967651367e-05,5.8979168534279115e-05,True
proser,placeholder,near,255,wolf,cat,-0.00014694035053253174,5.8979168534279115e-05,False
proser,placeholder,near,256,pickup_truck,automobile,-0.0001397952437400818,5.8979168534279115e-05,False
proser,placeholder,near,259,leopard,cat,-6.576627492904663e-05,5.8979168534279115e-05,False
proser,placeholder,near,262,tractor,truck,3.246217966079712e-05,5.8979168534279115e-05,False
proser,placeholder,near,274,leopard,frog,-3.9890408515930176e-05,5.8979168534279115e-05,False
proser,placeholder,near,283,tractor,truck,5.266815423965454e-05,5.8979168534279115e-05,False
proser,placeholder,near,288,leopard,frog,1.2576580047607422e-05,5.8979168534279115e-05,False
proser,placeholder,near,299,tractor,automobile,0.00010578334331512451,5.8979168534279115e-05,True
proser,placeholder,near,313,leopard,cat,2.378225326538086e-05,5.8979168534279115e-05,False
proser,placeholder,near,317,camel,dog,3.144890069961548e-05,5.8979168534279115e-05,False
proser,placeholder,near,321,tractor,truck,-7.12275505065918e-06,5.8979168534279115e-05,False
proser,placeholder,near,338,fox,dog,6.821006536483765e-05,5.8979168534279115e-05,True
proser,placeholder,near,351,fox,cat,-0.0002944543957710266,5.8979168534279115e-05,False
proser,placeholder,near,353,pickup_truck,automobile,-0.0002592504024505615,5.8979168534279115e-05,False
proser,placeholder,near,354,motorcycle,automobile,0.00024835020303726196,5.8979168534279115e-05,True
proser,placeholder,near,366,tractor,frog,9.811669588088989e-05,5.8979168534279115e-05,True
proser,placeholder,near,409,tractor,truck,2.3923814296722412e-05,5.8979168534279115e-05,False
proser,placeholder,near,425,leopard,frog,-0.00010947883129119873,5.8979168534279115e-05,False
proser,placeholder,near,460,pickup_truck,automobile,-0.0001266077160835266,5.8979168534279115e-05,False
proser,placeholder,near,471,wolf,cat,-6.573647260665894e-05,5.8979168534279115e-05,False
proser,placeholder,near,477,leopard,cat,4.45246696472168e-05,5.8979168534279115e-05,False
proser,placeholder,near,498,tractor,deer,0.00025931745767593384,5.8979168534279115e-05,True
proser,placeholder,near,507,pickup_truck,truck,-0.00017364323139190674,5.8979168534279115e-05,False
proser,placeholder,near,540,camel,bird,0.00018121302127838135,5.8979168534279115e-05,True
proser,placeholder,near,555,leopard,cat,7.083266973495483e-05,5.8979168534279115e-05,True
proser,placeholder,near,578,pickup_truck,automobile,-0.00025790929794311523,5.8979168534279115e-05,False
proser,placeholder,near,615,motorcycle,frog,0.00021383166313171387,5.8979168534279115e-05,True
proser,placeholder,near,619,bus,automobile,0.00010795146226882935,5.8979168534279115e-05,True
proser,placeholder,near,626,motorcycle,airplane,-7.23525881767273e-05,5.8979168534279115e-05,False
proser,placeholder,near,632,wolf,cat,-8.478760719299316e-05,5.8979168534279115e-05,False
proser,placeholder,near,650,camel,dog,0.0001696571707725525,5.8979168534279115e-05,True
proser,placeholder,near,652,tractor,truck,6.2599778175354e-05,5.8979168534279115e-05,True
proser,placeholder,near,653,wolf,cat,-0.00010652095079421997,5.8979168534279115e-05,False
proser,placeholder,near,669,fox,deer,-8.597224950790405e-05,5.8979168534279115e-05,False
proser,placeholder,near,684,wolf,cat,0.00013171881437301636,5.8979168534279115e-05,True
proser,placeholder,near,702,leopard,bird,2.5287270545959473e-05,5.8979168534279115e-05,False
proser,placeholder,near,712,wolf,dog,-1.0810792446136475e-05,5.8979168534279115e-05,False
proser,placeholder,near,717,camel,horse,-4.693120718002319e-05,5.8979168534279115e-05,False
proser,placeholder,near,720,wolf,dog,-0.0002124384045600891,5.8979168534279115e-05,False
proser,placeholder,near,751,camel,cat,0.0002062767744064331,5.8979168534279115e-05,True
proser,placeholder,near,752,motorcycle,dog,0.00014869123697280884,5.8979168534279115e-05,True
proser,placeholder,near,766,bus,truck,-0.00026069581508636475,5.8979168534279115e-05,False
proser,placeholder,near,769,camel,airplane,-0.00012484192848205566,5.8979168534279115e-05,False
proser,placeholder,near,790,motorcycle,truck,-5.35622239112854e-05,5.8979168534279115e-05,False
proser,placeholder,near,796,pickup_truck,truck,-7.142871618270874e-05,5.8979168534279115e-05,False
proser,placeholder,near,803,pickup_truck,automobile,-4.860013723373413e-05,5.8979168534279115e-05,False
proser,placeholder,near,809,wolf,dog,-0.00014659762382507324,5.8979168534279115e-05,False
proser,placeholder,near,811,camel,deer,4.513561725616455e-05,5.8979168534279115e-05,False
proser,placeholder,near,822,bus,truck,-2.8811395168304443e-05,5.8979168534279115e-05,False
proser,placeholder,near,897,wolf,cat,-0.0002567768096923828,5.8979168534279115e-05,False
proser,placeholder,near,900,camel,horse,0.00017120689153671265,5.8979168534279115e-05,True
proser,placeholder,near,902,camel,horse,0.00024443864822387695,5.8979168534279115e-05,True
proser,placeholder,near,915,camel,dog,-0.00012690573930740356,5.8979168534279115e-05,False
proser,placeholder,near,921,tractor,truck,-0.00022235512733459473,5.8979168534279115e-05,False
proser,placeholder,near,923,motorcycle,automobile,0.00023064762353897095,5.8979168534279115e-05,True
proser,placeholder,near,939,wolf,dog,-0.0001385137438774109,5.8979168534279115e-05,False
proser,placeholder,near,945,leopard,frog,-0.00018295645713806152,5.8979168534279115e-05,False
proser,placeholder,near,952,leopard,cat,8.397549390792847e-05,5.8979168534279115e-05,True
proser,placeholder,near,957,bus,truck,-0.00023218989372253418,5.8979168534279115e-05,False
proser,placeholder,near,959,fox,dog,-0.00040284544229507446,5.8979168534279115e-05,False
proser,placeholder,near,969,fox,cat,-2.095848321914673e-05,5.8979168534279115e-05,False
proser,placeholder,near,992,camel,cat,0.00011613219976425171,5.8979168534279115e-05,True
proser,placeholder,near,995,tractor,truck,-0.00015470385551452637,5.8979168534279115e-05,False
proser,placeholder,near,1023,motorcycle,truck,-2.362579107284546e-05,5.8979168534279115e-05,False
proser,placeholder,near,1026,wolf,dog,-0.00021760165691375732,5.8979168534279115e-05,False
proser,placeholder,near,1034,bus,truck,-0.0002487450838088989,5.8979168534279115e-05,False
proser,placeholder,near,1060,camel,horse,-0.0003081187605857849,5.8979168534279115e-05,False
proser,placeholder,near,1081,tractor,truck,-7.746368646621704e-05,5.8979168534279115e-05,False
proser,placeholder,near,1084,leopard,frog,0.00011967867612838745,5.8979168534279115e-05,True
proser,placeholder,near,1085,camel,dog,0.00022070854902267456,5.8979168534279115e-05,True
proser,placeholder,near,1096,motorcycle,cat,-0.00011817365884780884,5.8979168534279115e-05,False
proser,placeholder,near,1133,fox,deer,-0.0001707226037979126,5.8979168534279115e-05,False
proser,placeholder,near,1143,bus,truck,0.0001337006688117981,5.8979168534279115e-05,True
proser,placeholder,near,1145,pickup_truck,automobile,-5.1021575927734375e-05,5.8979168534279115e-05,False
proser,placeholder,near,1155,pickup_truck,automobile,-2.3230910301208496e-05,5.8979168534279115e-05,False
proser,placeholder,near,1181,tractor,truck,0.00020470470190048218,5.8979168534279115e-05,True
proser,placeholder,near,1184,camel,deer,-0.00017614662647247314,5.8979168534279115e-05,False
proser,placeholder,near,1212,pickup_truck,automobile,-0.0001764148473739624,5.8979168534279115e-05,False
proser,placeholder,near,1218,motorcycle,automobile,8.997321128845215e-05,5.8979168534279115e-05,True
proser,placeholder,near,1227,fox,cat,-0.00021805614233016968,5.8979168534279115e-05,False
proser,placeholder,near,1260,tractor,truck,-0.00021332502365112305,5.8979168534279115e-05,False
proser,placeholder,near,1261,tractor,truck,-0.00011353939771652222,5.8979168534279115e-05,False
proser,placeholder,near,1271,bus,truck,-0.00025688111782073975,5.8979168534279115e-05,False
proser,placeholder,near,1320,fox,dog,-5.204230546951294e-05,5.8979168534279115e-05,False
proser,placeholder,near,1321,motorcycle,truck,0.00025571882724761963,5.8979168534279115e-05,True
proser,placeholder,near,1324,leopard,frog,-0.00010926276445388794,5.8979168534279115e-05,False
proser,placeholder,near,1327,pickup_truck,automobile,-0.00014875829219818115,5.8979168534279115e-05,False
proser,placeholder,near,1328,leopard,cat,3.859400749206543e-05,5.8979168534279115e-05,False
proser,placeholder,near,1345,wolf,cat,-0.0002506673336029053,5.8979168534279115e-05,False
proser,placeholder,near,1403,fox,deer,0.00011249631643295288,5.8979168534279115e-05,True
proser,placeholder,near,1404,motorcycle,cat,-0.0002818182110786438,5.8979168534279115e-05,False
proser,placeholder,near,1423,camel,dog,-0.00011315196752548218,5.8979168534279115e-05,False
proser,placeholder,near,1425,fox,deer,-3.6403536796569824e-05,5.8979168534279115e-05,False
proser,placeholder,near,1427,bus,truck,0.00012720376253128052,5.8979168534279115e-05,True
proser,placeholder,near,1432,fox,dog,-0.00015589594841003418,5.8979168534279115e-05,False
proser,placeholder,near,1445,bus,truck,-0.0002001747488975525,5.8979168534279115e-05,False
proser,placeholder,near,1463,motorcycle,dog,2.03549861907959e-05,5.8979168534279115e-05,False
proser,placeholder,near,1464,motorcycle,truck,-5.731731653213501e-05,5.8979168534279115e-05,False
proser,placeholder,near,1478,bus,truck,-0.00027107447385787964,5.8979168534279115e-05,False
proser,placeholder,near,1489,bus,truck,-0.00025413185358047485,5.8979168534279115e-05,False
proser,placeholder,near,1491,pickup_truck,automobile,-2.6181340217590332e-05,5.8979168534279115e-05,False
proser,placeholder,near,1498,fox,cat,-0.00013941526412963867,5.8979168534279115e-05,False
proser,placeholder,near,1510,camel,deer,0.00010749697685241699,5.8979168534279115e-05,True
proser,placeholder,near,1519,wolf,dog,9.185075759887695e-05,5.8979168534279115e-05,True
proser,placeholder,near,1568,pickup_truck,automobile,-0.00012320280075073242,5.8979168534279115e-05,False
proser,placeholder,near,1570,leopard,cat,-0.00015264004468917847,5.8979168534279115e-05,False
proser,placeholder,near,1572,camel,deer,-0.0002225935459136963,5.8979168534279115e-05,False
proser,placeholder,near,1573,camel,airplane,-1.5772879123687744e-05,5.8979168534279115e-05,False
proser,placeholder,near,1588,camel,bird,-2.6926398277282715e-05,5.8979168534279115e-05,False
proser,placeholder,near,1607,leopard,cat,8.217990398406982e-05,5.8979168534279115e-05,True
proser,placeholder,near,1616,bus,horse,0.00027773529291152954,5.8979168534279115e-05,True
proser,placeholder,near,1620,leopard,bird,0.0001594647765159607,5.8979168534279115e-05,True
proser,placeholder,near,1645,fox,deer,0.0001491829752922058,5.8979168534279115e-05,True
proser,placeholder,near,1662,bus,truck,-0.00033123791217803955,5.8979168534279115e-05,False
proser,placeholder,near,1671,motorcycle,airplane,0.00021079927682876587,5.8979168534279115e-05,True
proser,placeholder,near,1687,camel,dog,0.00012890249490737915,5.8979168534279115e-05,True
proser,placeholder,near,1698,fox,deer,0.00018308311700820923,5.8979168534279115e-05,True
proser,placeholder,near,1752,wolf,cat,1.1555850505828857e-05,5.8979168534279115e-05,False
proser,placeholder,near,1753,tractor,truck,-9.416043758392334e-05,5.8979168534279115e-05,False
proser,placeholder,near,1771,leopard,deer,0.00011467188596725464,5.8979168534279115e-05,True
proser,placeholder,near,1783,fox,cat,1.9259750843048096e-05,5.8979168534279115e-05,False
proser,placeholder,near,1799,fox,cat,3.8929283618927e-05,5.8979168534279115e-05,False
proser,placeholder,near,1812,motorcycle,frog,0.00012794137001037598,5.8979168534279115e-05,True
proser,placeholder,near,1829,motorcycle,automobile,0.00032082945108413696,5.8979168534279115e-05,True
proser,placeholder,near,1843,leopard,deer,-3.8817524909973145e-06,5.8979168534279115e-05,False
proser,placeholder,near,1864,tractor,truck,-0.00013729184865951538,5.8979168534279115e-05,False
proser,placeholder,near,1881,tractor,truck,0.00019960105419158936,5.8979168534279115e-05,True
proser,placeholder,near,1882,camel,dog,-0.0002124980092048645,5.8979168534279115e-05,False
proser,placeholder,near,1889,bus,cat,0.00021267682313919067,5.8979168534279115e-05,True
proser,placeholder,near,1913,pickup_truck,truck,-9.515881538391113e-05,5.8979168534279115e-05,False
proser,placeholder,near,1937,wolf,dog,-6.720423698425293e-06,5.8979168534279115e-05,False
proser,placeholder,near,1976,tractor,truck,-2.7045607566833496e-05,5.8979168534279115e-05,False
proser,placeholder,near,1985,bus,automobile,-0.0001688152551651001,5.8979168534279115e-05,False
proser,placeholder,near,1994,leopard,frog,-0.00010776519775390625,5.8979168534279115e-05,False
proser,placeholder,near,2012,pickup_truck,automobile,1.96993350982666e-05,5.8979168534279115e-05,False
proser,placeholder,near,2019,bus,automobile,-5.4329633712768555e-05,5.8979168534279115e-05,False
proser,placeholder,near,2029,tractor,truck,6.665289402008057e-05,5.8979168534279115e-05,True
proser,placeholder,near,2033,motorcycle,airplane,0.00016864389181137085,5.8979168534279115e-05,True
proser,placeholder,near,2051,camel,horse,-9.819865226745605e-06,5.8979168534279115e-05,False
proser,placeholder,near,2064,wolf,dog,-0.0003487393260002136,5.8979168534279115e-05,False
proser,placeholder,near,2066,motorcycle,truck,0.00010432302951812744,5.8979168534279115e-05,True
proser,placeholder,near,2072,motorcycle,frog,0.00017148256301879883,5.8979168534279115e-05,True
proser,placeholder,near,2082,motorcycle,automobile,3.803521394729614e-05,5.8979168534279115e-05,False
proser,placeholder,near,2100,pickup_truck,automobile,-0.0002181604504585266,5.8979168534279115e-05,False
proser,placeholder,near,2101,tractor,frog,4.278123378753662e-05,5.8979168534279115e-05,False
proser,placeholder,near,2102,wolf,bird,-0.00015917420387268066,5.8979168534279115e-05,False
proser,placeholder,near,2123,tractor,truck,-0.00025300681591033936,5.8979168534279115e-05,False
proser,placeholder,near,2131,fox,horse,0.0002677440643310547,5.8979168534279115e-05,True
proser,placeholder,near,2144,tractor,truck,-0.0002095922827720642,5.8979168534279115e-05,False
proser,placeholder,near,2145,camel,horse,0.00014029443264007568,5.8979168534279115e-05,True
proser,placeholder,near,2148,motorcycle,cat,4.141032695770264e-05,5.8979168534279115e-05,False
proser,placeholder,near,2171,tractor,truck,-0.00010986626148223877,5.8979168534279115e-05,False
proser,placeholder,near,2203,bus,automobile,-0.00014009326696395874,5.8979168534279115e-05,False
proser,placeholder,near,2211,leopard,cat,9.094923734664917e-05,5.8979168534279115e-05,True
proser,placeholder,near,2219,wolf,dog,-0.000218316912651062,5.8979168534279115e-05,False
proser,placeholder,near,2242,motorcycle,frog,0.00011761486530303955,5.8979168534279115e-05,True
proser,placeholder,near,2267,camel,cat,7.883459329605103e-05,5.8979168534279115e-05,True
proser,placeholder,near,2315,camel,horse,5.692243576049805e-05,5.8979168534279115e-05,False
proser,placeholder,near,2321,pickup_truck,automobile,-0.0001766607165336609,5.8979168534279115e-05,False
proser,placeholder,near,2336,fox,deer,9.834021329879761e-05,5.8979168534279115e-05,True
proser,placeholder,near,2337,wolf,horse,-2.3186206817626953e-05,5.8979168534279115e-05,False
proser,placeholder,near,2340,wolf,cat,-0.0003129914402961731,5.8979168534279115e-05,False
proser,placeholder,near,2349,fox,deer,2.4266541004180908e-05,5.8979168534279115e-05,False
proser,placeholder,near,2356,fox,deer,-8.374452590942383e-06,5.8979168534279115e-05,False
proser,placeholder,near,2396,pickup_truck,automobile,-0.0001912340521812439,5.8979168534279115e-05,False
proser,placeholder,near,2415,camel,deer,-0.00018785148859024048,5.8979168534279115e-05,False
proser,placeholder,near,2421,pickup_truck,automobile,5.520135164260864e-05,5.8979168534279115e-05,False
proser,placeholder,near,2435,fox,cat,-0.00010269880294799805,5.8979168534279115e-05,False
proser,placeholder,near,2484,bus,truck,-0.00015263259410858154,5.8979168534279115e-05,False
proser,placeholder,near,2503,tractor,ship,8.276104927062988e-05,5.8979168534279115e-05,True
proser,placeholder,near,2518,fox,dog,4.884600639343262e-05,5.8979168534279115e-05,False
proser,placeholder,near,2544,fox,deer,7.106363773345947e-05,5.8979168534279115e-05,True
proser,placeholder,near,2556,pickup_truck,truck,-2.1517276763916016e-05,5.8979168534279115e-05,False
proser,placeholder,near,2569,tractor,truck,2.9072165489196777e-05,5.8979168534279115e-05,False
proser,placeholder,near,2570,leopard,cat,-0.00012099742889404297,5.8979168534279115e-05,False
proser,placeholder,near,2591,bus,truck,-0.00019125640392303467,5.8979168534279115e-05,False
proser,placeholder,near,2603,pickup_truck,automobile,-0.00020040571689605713,5.8979168534279115e-05,False
proser,placeholder,near,2618,wolf,cat,-0.00021757185459136963,5.8979168534279115e-05,False
proser,placeholder,near,2624,tractor,truck,-7.167458534240723e-05,5.8979168534279115e-05,False
proser,placeholder,near,2647,leopard,frog,-0.0002710074186325073,5.8979168534279115e-05,False
proser,placeholder,near,2665,bus,truck,-0.000270746648311615,5.8979168534279115e-05,False
proser,placeholder,near,2675,tractor,truck,8.591264486312866e-05,5.8979168534279115e-05,True
proser,placeholder,near,2678,leopard,cat,-0.0001310408115386963,5.8979168534279115e-05,False
proser,placeholder,near,2698,bus,truck,-7.790327072143555e-05,5.8979168534279115e-05,False
proser,placeholder,near,2712,camel,horse,8.241087198257446e-05,5.8979168534279115e-05,True
proser,placeholder,near,2719,bus,truck,-0.00033549964427948,5.8979168534279115e-05,False
proser,placeholder,near,2756,fox,cat,3.485381603240967e-05,5.8979168534279115e-05,False
proser,placeholder,near,2774,camel,frog,-6.708502769470215e-05,5.8979168534279115e-05,False
proser,placeholder,near,2826,wolf,deer,-0.0001459270715713501,5.8979168534279115e-05,False
proser,placeholder,near,2828,fox,cat,1.4275312423706055e-05,5.8979168534279115e-05,False
proser,placeholder,near,2832,bus,truck,-0.00033057481050491333,5.8979168534279115e-05,False
proser,placeholder,near,2834,camel,horse,-5.840510129928589e-05,5.8979168534279115e-05,False
proser,placeholder,near,2835,wolf,dog,-4.9248337745666504e-05,5.8979168534279115e-05,False
proser,placeholder,near,2842,wolf,cat,-0.00018971413373947144,5.8979168534279115e-05,False
proser,placeholder,near,2843,bus,truck,-0.00021650642156600952,5.8979168534279115e-05,False
proser,placeholder,near,2871,tractor,truck,0.0002231597900390625,5.8979168534279115e-05,True
proser,placeholder,near,2882,pickup_truck,automobile,-0.00018308311700820923,5.8979168534279115e-05,False
proser,placeholder,near,2891,fox,cat,7.177144289016724e-05,5.8979168534279115e-05,True
proser,placeholder,near,2911,tractor,ship,-0.00010008364915847778,5.8979168534279115e-05,False
proser,placeholder,near,2933,wolf,cat,-6.970018148422241e-05,5.8979168534279115e-05,False
proser,placeholder,near,2946,camel,dog,-0.00021381676197052002,5.8979168534279115e-05,False
proser,placeholder,near,2948,camel,deer,-9.826570749282837e-05,5.8979168534279115e-05,False
proser,placeholder,near,2956,tractor,truck,-6.610900163650513e-05,5.8979168534279115e-05,False
proser,placeholder,near,2986,wolf,dog,0.00019787997007369995,5.8979168534279115e-05,True
proser,placeholder,near,2992,tractor,ship,0.00016542524099349976,5.8979168534279115e-05,True
proser,placeholder,near,3009,leopard,deer,0.0002545267343521118,5.8979168534279115e-05,True
proser,placeholder,near,3026,bus,truck,-0.0002670362591743469,5.8979168534279115e-05,False
proser,placeholder,near,3027,motorcycle,cat,0.0001330450177192688,5.8979168534279115e-05,True
proser,placeholder,near,3054,motorcycle,airplane,3.956258296966553e-06,5.8979168534279115e-05,False
proser,placeholder,near,3074,leopard,frog,-0.00013608485460281372,5.8979168534279115e-05,False
proser,placeholder,near,3104,leopard,cat,-0.00027567148208618164,5.8979168534279115e-05,False
proser,placeholder,near,3106,bus,truck,5.990266799926758e-06,5.8979168534279115e-05,False
proser,placeholder,near,3111,motorcycle,truck,0.00021324306726455688,5.8979168534279115e-05,True
proser,placeholder,near,3136,fox,cat,-6.546080112457275e-05,5.8979168534279115e-05,False
proser,placeholder,near,3153,camel,truck,0.00018622726202011108,5.8979168534279115e-05,True
proser,placeholder,near,3177,tractor,truck,-0.00014332681894302368,5.8979168534279115e-05,False
proser,placeholder,near,3197,bus,truck,-0.00026235729455947876,5.8979168534279115e-05,False
proser,placeholder,near,3200,leopard,cat,8.344650268554688e-05,5.8979168534279115e-05,True
proser,placeholder,near,3219,wolf,dog,-8.536875247955322e-05,5.8979168534279115e-05,False
proser,placeholder,near,3236,bus,automobile,-0.00015259534120559692,5.8979168534279115e-05,False
proser,placeholder,near,3240,motorcycle,airplane,2.6151537895202637e-06,5.8979168534279115e-05,False
proser,placeholder,near,3256,motorcycle,airplane,0.00033718347549438477,5.8979168534279115e-05,True
proser,placeholder,near,3276,bus,truck,-0.0002574995160102844,5.8979168534279115e-05,False
proser,placeholder,near,3291,leopard,bird,0.00011315196752548218,5.8979168534279115e-05,True
proser,placeholder,near,3319,camel,dog,7.265061140060425e-05,5.8979168534279115e-05,True
proser,placeholder,near,3338,leopard,cat,8.253753185272217e-05,5.8979168534279115e-05,True
proser,placeholder,near,3346,leopard,cat,-0.0001644343137741089,5.8979168534279115e-05,False
proser,placeholder,near,3368,fox,deer,-2.822279930114746e-05,5.8979168534279115e-05,False
proser,placeholder,near,3376,motorcycle,automobile,-0.00020148605108261108,5.8979168534279115e-05,False
proser,placeholder,near,3379,leopard,cat,-9.638816118240356e-05,5.8979168534279115e-05,False
proser,placeholder,near,3412,tractor,truck,0.00017549097537994385,5.8979168534279115e-05,True
proser,placeholder,near,3478,bus,truck,2.7880072593688965e-05,5.8979168534279115e-05,False
proser,placeholder,near,3484,tractor,truck,-0.0001235678791999817,5.8979168534279115e-05,False
proser,placeholder,near,3487,wolf,dog,-9.528547525405884e-05,5.8979168534279115e-05,False
proser,placeholder,near,3525,motorcycle,horse,0.00015848129987716675,5.8979168534279115e-05,True
proser,placeholder,near,3532,tractor,truck,-7.873028516769409e-05,5.8979168534279115e-05,False
proser,placeholder,near,3537,pickup_truck,truck,2.8423964977264404e-05,5.8979168534279115e-05,False
proser,placeholder,near,3538,wolf,dog,-0.0002417042851448059,5.8979168534279115e-05,False
proser,placeholder,near,3549,leopard,deer,2.7276575565338135e-05,5.8979168534279115e-05,False
proser,placeholder,near,3558,motorcycle,automobile,-0.0001368895173072815,5.8979168534279115e-05,False
proser,placeholder,near,3564,bus,cat,7.700920104980469e-05,5.8979168534279115e-05,True
proser,placeholder,near,3567,leopard,dog,4.286319017410278e-05,5.8979168534279115e-05,False
proser,placeholder,near,3605,fox,cat,5.9507787227630615e-05,5.8979168534279115e-05,True
proser,placeholder,near,3606,motorcycle,truck,0.00030619651079177856,5.8979168534279115e-05,True
proser,placeholder,near,3607,fox,dog,0.00011286139488220215,5.8979168534279115e-05,True
proser,placeholder,near,3608,fox,cat,-0.00018502771854400635,5.8979168534279115e-05,False
proser,placeholder,near,3613,wolf,dog,-9.712576866149902e-05,5.8979168534279115e-05,False
proser,placeholder,near,3630,pickup_truck,truck,-0.0002055838704109192,5.8979168534279115e-05,False
proser,placeholder,near,3644,fox,deer,-0.0003251582384109497,5.8979168534279115e-05,False
proser,placeholder,near,3655,pickup_truck,automobile,2.489238977432251e-05,5.8979168534279115e-05,False
proser,placeholder,near,3663,wolf,cat,-0.00010257214307785034,5.8979168534279115e-05,False
proser,placeholder,near,3701,bus,truck,-7.601827383041382e-05,5.8979168534279115e-05,False
proser,placeholder,near,3715,motorcycle,automobile,0.0002377927303314209,5.8979168534279115e-05,True
proser,placeholder,near,3731,wolf,dog,-0.0001240074634552002,5.8979168534279115e-05,False
proser,placeholder,near,3732,motorcycle,truck,-0.00015837699174880981,5.8979168534279115e-05,False
proser,placeholder,near,3747,wolf,dog,1.4066696166992188e-05,5.8979168534279115e-05,False
proser,placeholder,near,3748,motorcycle,frog,-6.803125143051147e-05,5.8979168534279115e-05,False
proser,placeholder,near,3755,bus,truck,-0.00022577494382858276,5.8979168534279115e-05,False
proser,placeholder,near,3760,fox,cat,-0.00023978948593139648,5.8979168534279115e-05,False
proser,placeholder,near,3817,wolf,dog,-0.00025778263807296753,5.8979168534279115e-05,False
proser,placeholder,near,3823,fox,cat,8.60169529914856e-05,5.8979168534279115e-05,True
proser,placeholder,near,3831,camel,horse,0.00013227015733718872,5.8979168534279115e-05,True
proser,placeholder,near,3840,tractor,truck,0.0002859830856323242,5.8979168534279115e-05,True
proser,placeholder,near,3849,wolf,cat,3.711134195327759e-05,5.8979168534279115e-05,False
proser,placeholder,near,3857,motorcycle,cat,0.0002080276608467102,5.8979168534279115e-05,True
proser,placeholder,near,3868,bus,truck,0.00010386109352111816,5.8979168534279115e-05,True
proser,placeholder,near,3877,wolf,cat,-0.0002198144793510437,5.8979168534279115e-05,False
proser,placeholder,near,3884,camel,horse,0.0002481043338775635,5.8979168534279115e-05,True
proser,placeholder,near,3886,wolf,dog,-9.218603372573853e-05,5.8979168534279115e-05,False
proser,placeholder,near,3887,bus,truck,-0.00014604628086090088,5.8979168534279115e-05,False
proser,placeholder,near,3893,motorcycle,airplane,0.00013023614883422852,5.8979168534279115e-05,True
proser,placeholder,near,3908,fox,cat,4.106014966964722e-05,5.8979168534279115e-05,False
proser,placeholder,near,3913,tractor,truck,-0.00019083172082901,5.8979168534279115e-05,False
proser,placeholder,near,3927,wolf,dog,-0.0001522153615951538,5.8979168534279115e-05,False
proser,placeholder,near,3930,camel,ship,-2.2001564502716064e-05,5.8979168534279115e-05,False
proser,placeholder,near,3933,pickup_truck,automobile,-9.284913539886475e-05,5.8979168534279115e-05,False
proser,placeholder,near,3947,bus,truck,4.348158836364746e-05,5.8979168534279115e-05,False
proser,placeholder,near,3985,camel,deer,-0.0002066195011138916,5.8979168534279115e-05,False
proser,placeholder,near,4003,fox,deer,-8.76113772392273e-05,5.8979168534279115e-05,False
proser,placeholder,near,4004,fox,cat,5.103647708892822e-06,5.8979168534279115e-05,False
proser,placeholder,near,4027,tractor,truck,-4.392862319946289e-05,5.8979168534279115e-05,False
proser,placeholder,near,4028,motorcycle,airplane,1.5780329704284668e-05,5.8979168534279115e-05,False
proser,placeholder,near,4049,fox,dog,0.00017598271369934082,5.8979168534279115e-05,True
proser,placeholder,near,4104,bus,airplane,-0.00022035837173461914,5.8979168534279115e-05,False
proser,placeholder,near,4109,tractor,truck,-2.440810203552246e-05,5.8979168534279115e-05,False
proser,placeholder,near,4118,leopard,frog,1.8283724784851074e-05,5.8979168534279115e-05,False
proser,placeholder,near,4128,motorcycle,cat,0.00024759769439697266,5.8979168534279115e-05,True
proser,placeholder,near,4129,bus,truck,0.00014369934797286987,5.8979168534279115e-05,True
proser,placeholder,near,4147,motorcycle,cat,0.00022043287754058838,5.8979168534279115e-05,True
proser,placeholder,near,4153,wolf,cat,1.788884401321411e-05,5.8979168534279115e-05,False
proser,placeholder,near,4173,bus,truck,-0.0002964138984680176,5.8979168534279115e-05,False
proser,placeholder,near,4182,fox,deer,-4.8533082008361816e-05,5.8979168534279115e-05,False
proser,placeholder,near,4185,bus,truck,-0.0002650022506713867,5.8979168534279115e-05,False
proser,placeholder,near,4201,bus,truck,-3.748387098312378e-05,5.8979168534279115e-05,False
proser,placeholder,near,4225,wolf,frog,-2.127140760421753e-05,5.8979168534279115e-05,False
proser,placeholder,near,4234,camel,deer,-0.0003307610750198364,5.8979168534279115e-05,False
proser,placeholder,near,4238,leopard,dog,-0.00019922852516174316,5.8979168534279115e-05,False
proser,placeholder,near,4255,fox,deer,-0.0001915767788887024,5.8979168534279115e-05,False
proser,placeholder,near,4264,fox,deer,-0.00024159997701644897,5.8979168534279115e-05,False
proser,placeholder,near,4277,fox,dog,0.00010465085506439209,5.8979168534279115e-05,True
proser,placeholder,near,4278,leopard,deer,0.00014196336269378662,5.8979168534279115e-05,True
proser,placeholder,near,4283,wolf,cat,1.1265277862548828e-05,5.8979168534279115e-05,False
proser,placeholder,near,4285,wolf,dog,-0.00021772831678390503,5.8979168534279115e-05,False
proser,placeholder,near,4294,wolf,deer,0.0001016855239868164,5.8979168534279115e-05,True
proser,placeholder,near,4296,bus,truck,-0.0002807900309562683,5.8979168534279115e-05,False
proser,placeholder,near,4307,bus,truck,-0.0002014636993408203,5.8979168534279115e-05,False
proser,placeholder,near,4313,fox,horse,0.0001254752278327942,5.8979168534279115e-05,True
proser,placeholder,near,4316,pickup_truck,truck,-0.00032585859298706055,5.8979168534279115e-05,False
proser,placeholder,near,4320,leopard,cat,-0.0002470463514328003,5.8979168534279115e-05,False
proser,placeholder,near,4335,pickup_truck,truck,-0.00023223459720611572,5.8979168534279115e-05,False
proser,placeholder,near,4341,fox,airplane,-7.990747690200806e-05,5.8979168534279115e-05,False
proser,placeholder,near,4345,camel,cat,9.223818778991699e-05,5.8979168534279115e-05,True
proser,placeholder,near,4378,wolf,dog,-0.0001964569091796875,5.8979168534279115e-05,False
proser,placeholder,near,4387,pickup_truck,truck,-2.676248550415039e-05,5.8979168534279115e-05,False
proser,placeholder,near,4404,tractor,truck,-0.00013559311628341675,5.8979168534279115e-05,False
proser,placeholder,near,4415,camel,dog,0.0003113597631454468,5.8979168534279115e-05,True
proser,placeholder,near,4426,bus,automobile,7.189065217971802e-05,5.8979168534279115e-05,True
proser,placeholder,near,4434,bus,truck,-0.0001101270318031311,5.8979168534279115e-05,False
proser,placeholder,near,4435,camel,dog,3.7029385566711426e-06,5.8979168534279115e-05,False
proser,placeholder,near,4441,fox,dog,-0.00020982325077056885,5.8979168534279115e-05,False
proser,placeholder,near,4461,motorcycle,airplane,6.127357482910156e-05,5.8979168534279115e-05,True
proser,placeholder,near,4463,pickup_truck,automobile,-3.688782453536987e-05,5.8979168534279115e-05,False
proser,placeholder,near,4464,bus,truck,-0.00027693063020706177,5.8979168534279115e-05,False
proser,placeholder,near,4468,bus,truck,9.52407717704773e-05,5.8979168534279115e-05,True
proser,placeholder,near,4470,wolf,dog,0.00011288374662399292,5.8979168534279115e-05,True
proser,placeholder,near,4487,motorcycle,airplane,0.00018417835235595703,5.8979168534279115e-05,True
proser,placeholder,near,4506,pickup_truck,automobile,-0.0003211572766304016,5.8979168534279115e-05,False
proser,placeholder,near,4515,pickup_truck,automobile,-0.00027861446142196655,5.8979168534279115e-05,False
proser,placeholder,near,4517,tractor,truck,0.0001253262162208557,5.8979168534279115e-05,True
proser,placeholder,near,4519,camel,bird,-7.628649473190308e-05,5.8979168534279115e-05,False
proser,placeholder,near,4586,bus,automobile,-0.00024962425231933594,5.8979168534279115e-05,False
proser,placeholder,near,4588,pickup_truck,automobile,-0.00026028603315353394,5.8979168534279115e-05,False
proser,placeholder,near,4602,wolf,dog,-0.00021412968635559082,5.8979168534279115e-05,False
proser,placeholder,near,4609,leopard,frog,0.00013987720012664795,5.8979168534279115e-05,True
proser,placeholder,near,4610,tractor,truck,-0.00018480420112609863,5.8979168534279115e-05,False
proser,placeholder,near,4611,leopard,cat,7.269531488418579e-05,5.8979168534279115e-05,True
proser,placeholder,near,4621,fox,deer,6.236135959625244e-06,5.8979168534279115e-05,False
proser,placeholder,near,4663,tractor,truck,-0.00027489662170410156,5.8979168534279115e-05,False
proser,placeholder,near,4677,leopard,cat,-8.89599323272705e-06,5.8979168534279115e-05,False
proser,placeholder,near,4691,tractor,truck,-0.00020703673362731934,5.8979168534279115e-05,False
proser,placeholder,near,4693,pickup_truck,automobile,3.436952829360962e-05,5.8979168534279115e-05,False
proser,placeholder,near,4703,fox,deer,-9.366124868392944e-05,5.8979168534279115e-05,False
proser,placeholder,near,4706,fox,frog,0.0003362521529197693,5.8979168534279115e-05,True
proser,placeholder,near,4731,tractor,truck,-0.00019051134586334229,5.8979168534279115e-05,False
proser,placeholder,near,4736,camel,bird,-8.161365985870361e-05,5.8979168534279115e-05,False
proser,placeholder,near,4740,bus,truck,2.7924776077270508e-05,5.8979168534279115e-05,False
proser,placeholder,near,4754,fox,deer,-0.00011944770812988281,5.8979168534279115e-05,False
proser,placeholder,near,4756,bus,horse,0.00019846111536026,5.8979168534279115e-05,True
proser,placeholder,near,4788,bus,automobile,0.00010345876216888428,5.8979168534279115e-05,True
proser,placeholder,near,4808,bus,ship,8.179247379302979e-05,5.8979168534279115e-05,True
proser,placeholder,near,4821,pickup_truck,automobile,-0.00016220659017562866,5.8979168534279115e-05,False
proser,placeholder,near,4870,pickup_truck,automobile,-0.0002869144082069397,5.8979168534279115e-05,False
proser,placeholder,near,4878,fox,cat,0.00019598007202148438,5.8979168534279115e-05,True
proser,placeholder,near,4881,pickup_truck,automobile,-0.00021688640117645264,5.8979168534279115e-05,False
proser,placeholder,near,4889,fox,horse,-0.00025407224893569946,5.8979168534279115e-05,False
proser,placeholder,near,4892,motorcycle,automobile,0.00021907687187194824,5.8979168534279115e-05,True
proser,placeholder,near,4894,camel,horse,0.0001772567629814148,5.8979168534279115e-05,True
proser,placeholder,near,4927,motorcycle,truck,0.00018116086721420288,5.8979168534279115e-05,True
proser,placeholder,near,4943,leopard,deer,-4.1268765926361084e-05,5.8979168534279115e-05,False
proser,placeholder,near,4960,motorcycle,dog,0.0002803131937980652,5.8979168534279115e-05,True
proser,placeholder,near,4971,leopard,cat,-0.00030822306871414185,5.8979168534279115e-05,False
proser,placeholder,near,4991,fox,horse,0.00022307783365249634,5.8979168534279115e-05,True
proser,placeholder,near,4992,leopard,cat,4.056096076965332e-05,5.8979168534279115e-05,False
proser,placeholder,near,4998,bus,truck,-8.091330528259277e-05,5.8979168534279115e-05,False
proser,placeholder,near,5003,motorcycle,dog,0.0001722574234008789,5.8979168534279115e-05,True
proser,placeholder,near,5008,pickup_truck,automobile,-0.000263020396232605,5.8979168534279115e-05,False
proser,placeholder,near,5009,pickup_truck,automobile,-0.00023899227380752563,5.8979168534279115e-05,False
proser,placeholder,near,5015,bus,truck,-5.5499374866485596e-05,5.8979168534279115e-05,False
proser,placeholder,near,5016,leopard,deer,-3.756582736968994e-05,5.8979168534279115e-05,False
proser,placeholder,near,5020,bus,truck,-3.068894147872925e-05,5.8979168534279115e-05,False
proser,placeholder,near,5025,tractor,truck,-0.0002737566828727722,5.8979168534279115e-05,False
proser,placeholder,near,5029,camel,deer,-6.85378909111023e-05,5.8979168534279115e-05,False
proser,placeholder,near,5031,wolf,cat,-8.884072303771973e-05,5.8979168534279115e-05,False
proser,placeholder,near,5032,camel,bird,0.0002654045820236206,5.8979168534279115e-05,True
proser,placeholder,near,5064,bus,truck,1.4141201972961426e-05,5.8979168534279115e-05,False
proser,placeholder,near,5078,wolf,dog,-0.0003094896674156189,5.8979168534279115e-05,False
proser,placeholder,near,5084,fox,cat,8.381903171539307e-06,5.8979168534279115e-05,False
proser,placeholder,near,5109,leopard,cat,0.00018839538097381592,5.8979168534279115e-05,True
proser,placeholder,near,5110,pickup_truck,automobile,-0.00020929425954818726,5.8979168534279115e-05,False
proser,placeholder,near,5112,motorcycle,cat,-2.6620924472808838e-05,5.8979168534279115e-05,False
proser,placeholder,near,5113,camel,dog,0.0001103430986404419,5.8979168534279115e-05,True
proser,placeholder,near,5114,motorcycle,truck,0.0001123473048210144,5.8979168534279115e-05,True
proser,placeholder,near,5119,camel,airplane,-3.062933683395386e-05,5.8979168534279115e-05,False
proser,placeholder,near,5129,pickup_truck,automobile,-0.00026451051235198975,5.8979168534279115e-05,False
proser,placeholder,near,5141,tractor,truck,0.0001432076096534729,5.8979168534279115e-05,True
proser,placeholder,near,5142,leopard,cat,2.1569430828094482e-05,5.8979168534279115e-05,False
proser,placeholder,near,5149,pickup_truck,truck,-0.0002660304307937622,5.8979168534279115e-05,False
proser,placeholder,near,5162,motorcycle,cat,3.296881914138794e-05,5.8979168534279115e-05,False
proser,placeholder,near,5163,bus,truck,-0.0002621784806251526,5.8979168534279115e-05,False
proser,placeholder,near,5175,motorcycle,automobile,0.00014882534742355347,5.8979168534279115e-05,True
proser,placeholder,near,5182,tractor,frog,0.0001921430230140686,5.8979168534279115e-05,True
proser,placeholder,near,5184,bus,truck,-0.0001864805817604065,5.8979168534279115e-05,False
proser,placeholder,near,5185,leopard,frog,0.000117473304271698,5.8979168534279115e-05,True
proser,placeholder,near,5189,tractor,truck,-4.8220157623291016e-05,5.8979168534279115e-05,False
proser,placeholder,near,5201,bus,truck,-0.0003284141421318054,5.8979168534279115e-05,False
proser,placeholder,near,5210,leopard,frog,0.0002077147364616394,5.8979168534279115e-05,True
proser,placeholder,near,5216,motorcycle,deer,0.0002370402216911316,5.8979168534279115e-05,True
proser,placeholder,near,5218,camel,frog,3.6582350730895996e-05,5.8979168534279115e-05,False
proser,placeholder,near,5231,leopard,frog,-9.289383888244629e-05,5.8979168534279115e-05,False
proser,placeholder,near,5249,camel,dog,5.0693750381469727e-05,5.8979168534279115e-05,False
proser,placeholder,near,5253,camel,cat,0.0003254711627960205,5.8979168534279115e-05,True
proser,placeholder,near,5285,camel,dog,-0.00018002092838287354,5.8979168534279115e-05,False
proser,placeholder,near,5287,tractor,truck,5.552917718887329e-05,5.8979168534279115e-05,False
proser,placeholder,near,5291,wolf,dog,-0.00018299371004104614,5.8979168534279115e-05,False
proser,placeholder,near,5293,camel,horse,-5.5439770221710205e-05,5.8979168534279115e-05,False
proser,placeholder,near,5311,motorcycle,frog,1.3463199138641357e-05,5.8979168534279115e-05,False
proser,placeholder,near,5314,tractor,automobile,0.00028045475482940674,5.8979168534279115e-05,True
proser,placeholder,near,5316,leopard,cat,6.745010614395142e-05,5.8979168534279115e-05,True
proser,placeholder,near,5317,pickup_truck,automobile,-8.129328489303589e-05,5.8979168534279115e-05,False
proser,placeholder,near,5327,tractor,truck,-0.00013506412506103516,5.8979168534279115e-05,False
proser,placeholder,near,5328,leopard,deer,-1.5497207641601562e-06,5.8979168534279115e-05,False
proser,placeholder,near,5342,motorcycle,frog,0.0002931728959083557,5.8979168534279115e-05,True
proser,placeholder,near,5350,motorcycle,truck,0.00014851242303848267,5.8979168534279115e-05,True
proser,placeholder,near,5399,leopard,cat,-0.0002865344285964966,5.8979168534279115e-05,False
proser,placeholder,near,5408,wolf,cat,-0.00010115653276443481,5.8979168534279115e-05,False
proser,placeholder,near,5425,wolf,dog,-0.00013111531734466553,5.8979168534279115e-05,False
proser,placeholder,near,5430,motorcycle,automobile,0.00012840330600738525,5.8979168534279115e-05,True
proser,placeholder,near,5437,pickup_truck,truck,1.2516975402832031e-06,5.8979168534279115e-05,False
proser,placeholder,near,5445,tractor,truck,5.81592321395874e-05,5.8979168534279115e-05,False
proser,placeholder,near,5449,leopard,frog,-0.00016371160745620728,5.8979168534279115e-05,False
proser,placeholder,near,5455,camel,horse,-4.29302453994751e-05,5.8979168534279115e-05,False
proser,placeholder,near,5458,leopard,dog,8.289515972137451e-05,5.8979168534279115e-05,True
proser,placeholder,near,5460,motorcycle,automobile,0.000337749719619751,5.8979168534279115e-05,True
proser,placeholder,near,5465,bus,cat,0.0003140270709991455,5.8979168534279115e-05,True
proser,placeholder,near,5469,motorcycle,cat,0.00029046833515167236,5.8979168534279115e-05,True
proser,placeholder,near,5472,leopard,cat,4.395842552185059e-06,5.8979168534279115e-05,False
proser,placeholder,near,5478,leopard,frog,7.051229476928711e-05,5.8979168534279115e-05,True
proser,placeholder,near,5486,motorcycle,automobile,-0.00013628602027893066,5.8979168534279115e-05,False
proser,placeholder,near,5494,camel,horse,0.00013177096843719482,5.8979168534279115e-05,True
proser,placeholder,near,5495,tractor,truck,-0.00024644285440444946,5.8979168534279115e-05,False
proser,placeholder,near,5516,camel,bird,0.00015562772750854492,5.8979168534279115e-05,True
proser,placeholder,near,5519,camel,deer,-2.9578804969787598e-05,5.8979168534279115e-05,False
proser,placeholder,near,5532,camel,dog,5.4270029067993164e-05,5.8979168534279115e-05,False
proser,placeholder,near,5550,tractor,truck,-0.00028914958238601685,5.8979168534279115e-05,False
proser,placeholder,near,5568,pickup_truck,automobile,-7.706135511398315e-05,5.8979168534279115e-05,False
proser,placeholder,near,5572,motorcycle,automobile,-0.00019028037786483765,5.8979168534279115e-05,False
proser,placeholder,near,5612,motorcycle,truck,0.00016786158084869385,5.8979168534279115e-05,True
proser,placeholder,near,5619,fox,cat,0.00011482089757919312,5.8979168534279115e-05,True
proser,placeholder,near,5634,bus,truck,-0.00010772794485092163,5.8979168534279115e-05,False
proser,placeholder,near,5650,motorcycle,automobile,4.071742296218872e-05,5.8979168534279115e-05,False
proser,placeholder,near,5654,bus,automobile,-0.0003379806876182556,5.8979168534279115e-05,False
proser,placeholder,near,5664,camel,dog,0.00017305463552474976,5.8979168534279115e-05,True
proser,placeholder,near,5691,motorcycle,airplane,0.00017640739679336548,5.8979168534279115e-05,True
proser,placeholder,near,5696,tractor,truck,-5.6549906730651855e-06,5.8979168534279115e-05,False
proser,placeholder,near,5698,leopard,frog,-0.00020564347505569458,5.8979168534279115e-05,False
proser,placeholder,near,5715,pickup_truck,truck,-2.979487180709839e-05,5.8979168534279115e-05,False
proser,placeholder,near,5726,fox,bird,-5.2228569984436035e-06,5.8979168534279115e-05,False
proser,placeholder,near,5732,pickup_truck,automobile,-0.00025713443756103516,5.8979168534279115e-05,False
proser,placeholder,near,5736,pickup_truck,truck,8.210539817810059e-06,5.8979168534279115e-05,False
proser,placeholder,near,5738,pickup_truck,automobile,-0.00016313791275024414,5.8979168534279115e-05,False
proser,placeholder,near,5748,bus,truck,-0.00026620179414749146,5.8979168534279115e-05,False
proser,placeholder,near,5756,pickup_truck,automobile,-0.0002212822437286377,5.8979168534279115e-05,False
proser,placeholder,near,5762,camel,bird,-0.00035949796438217163,5.8979168534279115e-05,False
proser,placeholder,near,5781,wolf,cat,-0.00012323260307312012,5.8979168534279115e-05,False
proser,placeholder,near,5818,tractor,horse,-4.780292510986328e-05,5.8979168534279115e-05,False
proser,placeholder,near,5819,leopard,cat,-0.00016198307275772095,5.8979168534279115e-05,False
proser,placeholder,near,5832,fox,deer,-0.00011473149061203003,5.8979168534279115e-05,False
proser,placeholder,near,5853,bus,truck,-0.000333935022354126,5.8979168534279115e-05,False
proser,placeholder,near,5889,fox,dog,0.00011398643255233765,5.8979168534279115e-05,True
proser,placeholder,near,5893,pickup_truck,automobile,-3.0234456062316895e-05,5.8979168534279115e-05,False
proser,placeholder,near,5896,fox,bird,0.00015998631715774536,5.8979168534279115e-05,True
proser,placeholder,near,5905,leopard,frog,0.00019887089729309082,5.8979168534279115e-05,True
proser,placeholder,near,5911,wolf,cat,1.6726553440093994e-05,5.8979168534279115e-05,False
proser,placeholder,near,5912,wolf,bird,-5.979090929031372e-05,5.8979168534279115e-05,False
proser,placeholder,near,5920,bus,truck,-0.00020215660333633423,5.8979168534279115e-05,False
proser,placeholder,near,5932,pickup_truck,truck,-6.052851676940918e-05,5.8979168534279115e-05,False
proser,placeholder,near,5945,fox,dog,0.0002621114253997803,5.8979168534279115e-05,True
proser,placeholder,near,6010,wolf,deer,-5.994737148284912e-05,5.8979168534279115e-05,False
proser,placeholder,near,6022,motorcycle,truck,0.0002879500389099121,5.8979168534279115e-05,True
proser,placeholder,near,6037,camel,dog,0.00011070817708969116,5.8979168534279115e-05,True
proser,placeholder,near,6044,camel,bird,8.884072303771973e-05,5.8979168534279115e-05,True
proser,placeholder,near,6055,leopard,cat,-0.0002981126308441162,5.8979168534279115e-05,False
proser,placeholder,near,6061,leopard,cat,7.149577140808105e-05,5.8979168534279115e-05,True
proser,placeholder,near,6063,tractor,truck,7.773935794830322e-05,5.8979168534279115e-05,True
proser,placeholder,near,6075,pickup_truck,automobile,-0.00013266503810882568,5.8979168534279115e-05,False
proser,placeholder,near,6080,fox,deer,-5.7443976402282715e-06,5.8979168534279115e-05,False
proser,placeholder,near,6116,bus,truck,-0.00041113048791885376,5.8979168534279115e-05,False
proser,placeholder,near,6132,wolf,cat,7.897615432739258e-07,5.8979168534279115e-05,False
proser,placeholder,near,6144,motorcycle,frog,0.00032863765954971313,5.8979168534279115e-05,True
proser,placeholder,near,6160,wolf,cat,-4.933774471282959e-05,5.8979168534279115e-05,False
proser,placeholder,near,6162,fox,cat,-0.00028095394372940063,5.8979168534279115e-05,False
proser,placeholder,near,6163,fox,deer,-0.0002904757857322693,5.8979168534279115e-05,False
proser,placeholder,near,6176,bus,truck,-7.841736078262329e-05,5.8979168534279115e-05,False
proser,placeholder,near,6178,wolf,dog,-0.00022836029529571533,5.8979168534279115e-05,False
proser,placeholder,near,6279,motorcycle,automobile,-0.00019461661577224731,5.8979168534279115e-05,False
proser,placeholder,near,6293,leopard,bird,8.747726678848267e-05,5.8979168534279115e-05,True
proser,placeholder,near,6303,bus,truck,9.951740503311157e-05,5.8979168534279115e-05,True
proser,placeholder,near,6324,wolf,cat,1.5221536159515381e-05,5.8979168534279115e-05,False
proser,placeholder,near,6339,bus,truck,-0.000254310667514801,5.8979168534279115e-05,False
proser,placeholder,near,6343,motorcycle,truck,-5.3629279136657715e-05,5.8979168534279115e-05,False
proser,placeholder,near,6360,tractor,automobile,-3.474205732345581e-05,5.8979168534279115e-05,False
proser,placeholder,near,6379,tractor,ship,0.00010038912296295166,5.8979168534279115e-05,True
proser,placeholder,near,6382,motorcycle,cat,0.00013988465070724487,5.8979168534279115e-05,True
proser,placeholder,near,6395,leopard,frog,-0.0002275407314300537,5.8979168534279115e-05,False
proser,placeholder,near,6398,tractor,truck,-0.0002800598740577698,5.8979168534279115e-05,False
proser,placeholder,near,6401,leopard,frog,-0.00012034177780151367,5.8979168534279115e-05,False
proser,placeholder,near,6409,leopard,cat,-8.568167686462402e-06,5.8979168534279115e-05,False
proser,placeholder,near,6411,bus,truck,0.0001796036958694458,5.8979168534279115e-05,True
proser,placeholder,near,6416,motorcycle,automobile,0.0001086890697479248,5.8979168534279115e-05,True
proser,placeholder,near,6417,camel,bird,-5.007535219192505e-05,5.8979168534279115e-05,False
proser,placeholder,near,6418,camel,deer,-0.00031113624572753906,5.8979168534279115e-05,False
proser,placeholder,near,6430,tractor,truck,-0.0002313554286956787,5.8979168534279115e-05,False
proser,placeholder,near,6433,wolf,cat,-0.00010751187801361084,5.8979168534279115e-05,False
proser,placeholder,near,6447,wolf,cat,-0.00021464377641677856,5.8979168534279115e-05,False
proser,placeholder,near,6449,motorcycle,automobile,3.7454068660736084e-05,5.8979168534279115e-05,False
proser,placeholder,near,6469,fox,cat,-0.00014503300189971924,5.8979168534279115e-05,False
proser,placeholder,near,6475,camel,horse,0.00010066479444503784,5.8979168534279115e-05,True
proser,placeholder,near,6505,fox,frog,-9.909272193908691e-06,5.8979168534279115e-05,False
proser,placeholder,near,6528,wolf,cat,8.82372260093689e-05,5.8979168534279115e-05,True
proser,placeholder,near,6545,fox,dog,0.00018568336963653564,5.8979168534279115e-05,True
proser,placeholder,near,6546,tractor,frog,0.00021254271268844604,5.8979168534279115e-05,True
proser,placeholder,near,6547,motorcycle,automobile,3.3833086490631104e-05,5.8979168534279115e-05,False
proser,placeholder,near,6552,wolf,cat,-0.00013331323862075806,5.8979168534279115e-05,False
proser,placeholder,near,6561,wolf,cat,-0.00015132874250411987,5.8979168534279115e-05,False
proser,placeholder,near,6574,pickup_truck,automobile,-0.000245511531829834,5.8979168534279115e-05,False
proser,placeholder,near,6616,camel,dog,-0.00013586878776550293,5.8979168534279115e-05,False
proser,placeholder,near,6652,wolf,dog,-3.971904516220093e-05,5.8979168534279115e-05,False
proser,placeholder,near,6653,pickup_truck,automobile,-0.00022437423467636108,5.8979168534279115e-05,False
proser,placeholder,near,6693,fox,deer,-8.194893598556519e-05,5.8979168534279115e-05,False
proser,placeholder,near,6712,bus,truck,-0.00020288676023483276,5.8979168534279115e-05,False
proser,placeholder,near,6730,motorcycle,airplane,-0.00023292005062103271,5.8979168534279115e-05,False
proser,placeholder,near,6735,leopard,cat,7.829815149307251e-05,5.8979168534279115e-05,True
proser,placeholder,near,6746,wolf,dog,8.127093315124512e-05,5.8979168534279115e-05,True
proser,placeholder,near,6767,leopard,frog,-0.00013064593076705933,5.8979168534279115e-05,False
proser,placeholder,near,6778,camel,dog,0.00013928860425949097,5.8979168534279115e-05,True
proser,placeholder,near,6791,bus,airplane,6.585568189620972e-05,5.8979168534279115e-05,True
proser,placeholder,near,6807,tractor,truck,-0.0002847909927368164,5.8979168534279115e-05,False
proser,placeholder,near,6816,fox,dog,-0.00025325268507003784,5.8979168534279115e-05,False
proser,placeholder,near,6866,tractor,truck,-0.0002831891179084778,5.8979168534279115e-05,False
proser,placeholder,near,6914,motorcycle,truck,-1.887977123260498e-05,5.8979168534279115e-05,False
proser,placeholder,near,6924,leopard,frog,-0.00019183754920959473,5.8979168534279115e-05,False
proser,placeholder,near,6930,tractor,truck,-0.000247761607170105,5.8979168534279115e-05,False
proser,placeholder,near,6954,motorcycle,truck,1.7918646335601807e-05,5.8979168534279115e-05,False
proser,placeholder,near,6967,wolf,dog,-0.00010404735803604126,5.8979168534279115e-05,False
proser,placeholder,near,7006,tractor,truck,0.00013167411088943481,5.8979168534279115e-05,True
proser,placeholder,near,7021,fox,deer,0.00029221922159194946,5.8979168534279115e-05,True
proser,placeholder,near,7028,wolf,cat,-6.193667650222778e-05,5.8979168534279115e-05,False
proser,placeholder,near,7078,leopard,cat,-0.00013985484838485718,5.8979168534279115e-05,False
proser,placeholder,near,7086,tractor,truck,0.00021979212760925293,5.8979168534279115e-05,True
proser,placeholder,near,7087,wolf,cat,-0.00010802596807479858,5.8979168534279115e-05,False
proser,placeholder,near,7109,motorcycle,truck,4.1641294956207275e-05,5.8979168534279115e-05,False
proser,placeholder,near,7110,motorcycle,automobile,0.00018278509378433228,5.8979168534279115e-05,True
proser,placeholder,near,7119,pickup_truck,truck,-8.068978786468506e-05,5.8979168534279115e-05,False
proser,placeholder,near,7125,wolf,dog,-6.937235593795776e-05,5.8979168534279115e-05,False
proser,placeholder,near,7128,camel,horse,3.787875175476074e-05,5.8979168534279115e-05,False
proser,placeholder,near,7131,pickup_truck,truck,-9.320676326751709e-05,5.8979168534279115e-05,False
proser,placeholder,near,7133,bus,truck,-0.0003840327262878418,5.8979168534279115e-05,False
proser,placeholder,near,7135,wolf,dog,-0.00016035139560699463,5.8979168534279115e-05,False
proser,placeholder,near,7141,fox,deer,-3.7103891372680664e-05,5.8979168534279115e-05,False
proser,placeholder,near,7146,tractor,truck,0.00029161572456359863,5.8979168534279115e-05,True
proser,placeholder,near,7160,motorcycle,truck,0.00016392767429351807,5.8979168534279115e-05,True
proser,placeholder,near,7194,camel,deer,-0.00011134892702102661,5.8979168534279115e-05,False
proser,placeholder,near,7200,camel,bird,7.400661706924438e-05,5.8979168534279115e-05,True
proser,placeholder,near,7207,pickup_truck,automobile,-0.00015948712825775146,5.8979168534279115e-05,False
proser,placeholder,near,7209,motorcycle,truck,0.00013195723295211792,5.8979168534279115e-05,True
proser,placeholder,near,7225,fox,cat,-0.00023861229419708252,5.8979168534279115e-05,False
proser,placeholder,near,7248,fox,dog,-0.0001779794692993164,5.8979168534279115e-05,False
proser,placeholder,near,7249,motorcycle,cat,0.00011557340621948242,5.8979168534279115e-05,True
proser,placeholder,near,7279,fox,cat,-0.00022370368242263794,5.8979168534279115e-05,False
proser,placeholder,near,7283,leopard,cat,0.00011283159255981445,5.8979168534279115e-05,True
proser,placeholder,near,7289,motorcycle,truck,0.00014606118202209473,5.8979168534279115e-05,True
proser,placeholder,near,7298,camel,horse,0.00011520832777023315,5.8979168534279115e-05,True
proser,placeholder,near,7308,wolf,dog,-0.0002310052514076233,5.8979168534279115e-05,False
proser,placeholder,near,7317,fox,dog,-0.00010807067155838013,5.8979168534279115e-05,False
proser,placeholder,near,7333,camel,deer,0.00017501413822174072,5.8979168534279115e-05,True
proser,placeholder,near,7367,leopard,cat,0.00013624876737594604,5.8979168534279115e-05,True
proser,placeholder,near,7373,fox,cat,0.00012656301259994507,5.8979168534279115e-05,True
proser,placeholder,near,7375,wolf,cat,-5.3651630878448486e-05,5.8979168534279115e-05,False
proser,placeholder,near,7376,bus,truck,-0.00014641135931015015,5.8979168534279115e-05,False
proser,placeholder,near,7379,camel,bird,0.00028558075428009033,5.8979168534279115e-05,True
proser,placeholder,near,7388,tractor,airplane,2.8073787689208984e-05,5.8979168534279115e-05,False
proser,placeholder,near,7389,pickup_truck,automobile,-0.00019243359565734863,5.8979168534279115e-05,False
proser,placeholder,near,7407,leopard,cat,-5.1237642765045166e-05,5.8979168534279115e-05,False
proser,placeholder,near,7412,leopard,frog,2.0697712898254395e-05,5.8979168534279115e-05,False
proser,placeholder,near,7417,leopard,frog,0.0002111196517944336,5.8979168534279115e-05,True
proser,placeholder,near,7427,leopard,cat,-0.00019083917140960693,5.8979168534279115e-05,False
proser,placeholder,near,7441,bus,truck,-0.00015729665756225586,5.8979168534279115e-05,False
proser,placeholder,near,7445,camel,deer,-0.0001841709017753601,5.8979168534279115e-05,False
proser,placeholder,near,7471,motorcycle,cat,-9.443610906600952e-05,5.8979168534279115e-05,False
proser,placeholder,near,7472,wolf,cat,0.00012337416410446167,5.8979168534279115e-05,True
proser,placeholder,near,7489,motorcycle,frog,0.00018228590488433838,5.8979168534279115e-05,True
proser,placeholder,near,7495,leopard,deer,-7.073581218719482e-05,5.8979168534279115e-05,False
proser,placeholder,near,7503,fox,dog,-0.00011027604341506958,5.8979168534279115e-05,False
proser,placeholder,near,7507,tractor,cat,0.00016414374113082886,5.8979168534279115e-05,True
proser,placeholder,near,7508,bus,truck,-0.00012218952178955078,5.8979168534279115e-05,False
proser,placeholder,near,7559,pickup_truck,automobile,-0.00024041533470153809,5.8979168534279115e-05,False
proser,placeholder,near,7561,wolf,cat,-8.620321750640869e-06,5.8979168534279115e-05,False
proser,placeholder,near,7564,fox,dog,-0.00023158639669418335,5.8979168534279115e-05,False
proser,placeholder,near,7567,bus,truck,0.00030721724033355713,5.8979168534279115e-05,True
proser,placeholder,near,7569,motorcycle,automobile,0.00018602609634399414,5.8979168534279115e-05,True
proser,placeholder,near,7570,pickup_truck,automobile,-7.789582014083862e-05,5.8979168534279115e-05,False
proser,placeholder,near,7582,wolf,deer,-0.0001842975616455078,5.8979168534279115e-05,False
proser,placeholder,near,7590,tractor,truck,0.00010803341865539551,5.8979168534279115e-05,True
proser,placeholder,near,7609,leopard,cat,4.214048385620117e-05,5.8979168534279115e-05,False
proser,placeholder,near,7621,fox,deer,0.00014675408601760864,5.8979168534279115e-05,True
proser,placeholder,near,7640,motorcycle,automobile,0.0001231059432029724,5.8979168534279115e-05,True
proser,placeholder,near,7643,tractor,cat,9.550899267196655e-05,5.8979168534279115e-05,True
proser,placeholder,near,7650,wolf,cat,9.885430335998535e-05,5.8979168534279115e-05,True
proser,placeholder,near,7658,pickup_truck,automobile,-0.0002718418836593628,5.8979168534279115e-05,False
proser,placeholder,near,7660,tractor,truck,0.00011362135410308838,5.8979168534279115e-05,True
proser,placeholder,near,7736,tractor,truck,-2.868473529815674e-06,5.8979168534279115e-05,False
proser,placeholder,near,7750,camel,bird,-9.71183180809021e-05,5.8979168534279115e-05,False
proser,placeholder,near,7752,wolf,cat,-2.9139220714569092e-05,5.8979168534279115e-05,False
proser,placeholder,near,7772,leopard,deer,-3.41758131980896e-05,5.8979168534279115e-05,False
proser,placeholder,near,7799,fox,dog,1.8872320652008057e-05,5.8979168534279115e-05,False
proser,placeholder,near,7800,camel,dog,0.00015851855278015137,5.8979168534279115e-05,True
proser,placeholder,near,7806,motorcycle,truck,5.5283308029174805e-05,5.8979168534279115e-05,False
proser,placeholder,near,7812,bus,truck,-0.00022511184215545654,5.8979168534279115e-05,False
proser,placeholder,near,7816,bus,truck,-0.00012465566396713257,5.8979168534279115e-05,False
proser,placeholder,near,7823,pickup_truck,automobile,0.00022097676992416382,5.8979168534279115e-05,True
proser,placeholder,near,7829,tractor,truck,0.0001255720853805542,5.8979168534279115e-05,True
proser,placeholder,near,7866,pickup_truck,automobile,0.00015468895435333252,5.8979168534279115e-05,True
proser,placeholder,near,7871,motorcycle,automobile,0.0002562999725341797,5.8979168534279115e-05,True
proser,placeholder,near,7875,wolf,cat,-0.0001513957977294922,5.8979168534279115e-05,False
proser,placeholder,near,7884,tractor,ship,-0.00017601996660232544,5.8979168534279115e-05,False
proser,placeholder,near,7900,pickup_truck,automobile,-0.00015963613986968994,5.8979168534279115e-05,False
proser,placeholder,near,7912,camel,dog,0.00019513815641403198,5.8979168534279115e-05,True
proser,placeholder,near,7924,fox,dog,5.689263343811035e-05,5.8979168534279115e-05,False
proser,placeholder,near,7950,leopard,dog,7.115304470062256e-06,5.8979168534279115e-05,False
proser,placeholder,near,7962,pickup_truck,truck,-0.00029581785202026367,5.8979168534279115e-05,False
proser,placeholder,near,7973,fox,deer,1.564621925354004e-05,5.8979168534279115e-05,False
proser,placeholder,near,7974,leopard,cat,-0.00010488927364349365,5.8979168534279115e-05,False
proser,placeholder,near,7980,wolf,dog,-0.0003007054328918457,5.8979168534279115e-05,False
proser,placeholder,near,7994,pickup_truck,truck,0.00020935386419296265,5.8979168534279115e-05,True
proser,placeholder,near,7999,pickup_truck,automobile,0.00029440224170684814,5.8979168534279115e-05,True
proser,placeholder,near,8023,bus,truck,-0.0001177862286567688,5.8979168534279115e-05,False
proser,placeholder,near,8026,tractor,airplane,-2.3476779460906982e-05,5.8979168534279115e-05,False
proser,placeholder,near,8082,pickup_truck,automobile,-0.0001896992325782776,5.8979168534279115e-05,False
proser,placeholder,near,8085,bus,truck,-0.00021015852689743042,5.8979168534279115e-05,False
proser,placeholder,near,8100,fox,deer,0.0003675222396850586,5.8979168534279115e-05,True
proser,placeholder,near,8101,wolf,dog,1.12876296043396e-05,5.8979168534279115e-05,False
proser,placeholder,near,8109,fox,deer,-0.00011402368545532227,5.8979168534279115e-05,False
proser,placeholder,near,8126,bus,automobile,-9.375810623168945e-05,5.8979168534279115e-05,False
proser,placeholder,near,8132,fox,dog,9.593367576599121e-05,5.8979168534279115e-05,True
proser,placeholder,near,8141,tractor,truck,-1.068413257598877e-05,5.8979168534279115e-05,False
proser,placeholder,near,8143,camel,cat,-0.00023054331541061401,5.8979168534279115e-05,False
proser,placeholder,near,8150,fox,cat,-0.0002784356474876404,5.8979168534279115e-05,False
proser,placeholder,near,8165,pickup_truck,truck,3.810226917266846e-05,5.8979168534279115e-05,False
proser,placeholder,near,8169,tractor,airplane,-8.755922317504883e-05,5.8979168534279115e-05,False
proser,placeholder,near,8183,motorcycle,cat,0.00018281489610671997,5.8979168534279115e-05,True
proser,placeholder,near,8185,fox,deer,0.00013065338134765625,5.8979168534279115e-05,True
proser,placeholder,near,8187,fox,cat,-0.00016114860773086548,5.8979168534279115e-05,False
proser,placeholder,near,8219,pickup_truck,automobile,-2.9072165489196777e-05,5.8979168534279115e-05,False
proser,placeholder,near,8231,camel,horse,0.00023132562637329102,5.8979168534279115e-05,True
proser,placeholder,near,8257,motorcycle,horse,7.842481136322021e-05,5.8979168534279115e-05,True
proser,placeholder,near,8258,tractor,truck,0.00021754950284957886,5.8979168534279115e-05,True
proser,placeholder,near,8300,motorcycle,truck,0.0003458783030509949,5.8979168534279115e-05,True
proser,placeholder,near,8310,leopard,frog,7.96690583229065e-05,5.8979168534279115e-05,True
proser,placeholder,near,8324,leopard,cat,-0.0001618117094039917,5.8979168534279115e-05,False
proser,placeholder,near,8329,tractor,truck,-9.866058826446533e-05,5.8979168534279115e-05,False
proser,placeholder,near,8334,leopard,frog,-0.00013969093561172485,5.8979168534279115e-05,False
proser,placeholder,near,8381,fox,frog,9.71183180809021e-05,5.8979168534279115e-05,True
proser,placeholder,near,8391,pickup_truck,truck,-0.00016924738883972168,5.8979168534279115e-05,False
proser,placeholder,near,8405,fox,deer,-0.0002524927258491516,5.8979168534279115e-05,False
proser,placeholder,near,8407,wolf,frog,0.00016480684280395508,5.8979168534279115e-05,True
proser,placeholder,near,8418,wolf,cat,-2.4460256099700928e-05,5.8979168534279115e-05,False
proser,placeholder,near,8447,camel,truck,2.6986002922058105e-05,5.8979168534279115e-05,False
proser,placeholder,near,8454,leopard,cat,6.013363599777222e-05,5.8979168534279115e-05,True
proser,placeholder,near,8455,pickup_truck,automobile,-0.00020365417003631592,5.8979168534279115e-05,False
proser,placeholder,near,8457,motorcycle,automobile,0.0002565160393714905,5.8979168534279115e-05,True
proser,placeholder,near,8460,motorcycle,automobile,0.00020720064640045166,5.8979168534279115e-05,True
proser,placeholder,near,8497,bus,truck,0.00011111795902252197,5.8979168534279115e-05,True
proser,placeholder,near,8503,pickup_truck,automobile,-0.00012080371379852295,5.8979168534279115e-05,False
proser,placeholder,near,8504,leopard,frog,0.00023803114891052246,5.8979168534279115e-05,True
proser,placeholder,near,8519,pickup_truck,automobile,1.7307698726654053e-05,5.8979168534279115e-05,False
proser,placeholder,near,8535,wolf,dog,-4.4405460357666016e-06,5.8979168534279115e-05,False
proser,placeholder,near,8580,tractor,ship,4.531443119049072e-05,5.8979168534279115e-05,False
proser,placeholder,near,8596,bus,truck,-3.462284803390503e-05,5.8979168534279115e-05,False
proser,placeholder,near,8598,camel,horse,0.00021055340766906738,5.8979168534279115e-05,True
proser,placeholder,near,8604,camel,deer,7.763504981994629e-05,5.8979168534279115e-05,True
proser,placeholder,near,8609,bus,truck,-0.0002471357583999634,5.8979168534279115e-05,False
proser,placeholder,near,8618,fox,cat,1.1414289474487305e-05,5.8979168534279115e-05,False
proser,placeholder,near,8627,motorcycle,automobile,0.0001588761806488037,5.8979168534279115e-05,True
proser,placeholder,near,8634,wolf,cat,-0.00012902915477752686,5.8979168534279115e-05,False
proser,placeholder,near,8648,camel,bird,-0.0002780929207801819,5.8979168534279115e-05,False
proser,placeholder,near,8655,bus,truck,-0.00022498518228530884,5.8979168534279115e-05,False
proser,placeholder,near,8663,bus,truck,-0.00016129761934280396,5.8979168534279115e-05,False
proser,placeholder,near,8672,fox,dog,-0.00010779500007629395,5.8979168534279115e-05,False
proser,placeholder,near,8693,pickup_truck,truck,-8.749216794967651e-05,5.8979168534279115e-05,False
proser,placeholder,near,8695,leopard,frog,-0.0001377016305923462,5.8979168534279115e-05,False
proser,placeholder,near,8713,wolf,dog,-0.00017409026622772217,5.8979168534279115e-05,False
proser,placeholder,near,8715,fox,cat,-0.00020467489957809448,5.8979168534279115e-05,False
proser,placeholder,near,8717,bus,truck,4.525482654571533e-05,5.8979168534279115e-05,False
proser,placeholder,near,8731,fox,cat,-0.000339411199092865,5.8979168534279115e-05,False
proser,placeholder,near,8732,camel,airplane,4.906207323074341e-05,5.8979168534279115e-05,False
proser,placeholder,near,8735,fox,cat,-4.246830940246582e-07,5.8979168534279115e-05,False
proser,placeholder,near,8762,fox,deer,3.6738812923431396e-05,5.8979168534279115e-05,False
proser,placeholder,near,8763,motorcycle,automobile,0.00013577938079833984,5.8979168534279115e-05,True
proser,placeholder,near,8774,leopard,cat,3.0934810638427734e-05,5.8979168534279115e-05,False
proser,placeholder,near,8780,camel,horse,-8.677691221237183e-05,5.8979168534279115e-05,False
proser,placeholder,near,8800,camel,horse,9.3117356300354e-05,5.8979168534279115e-05,True
proser,placeholder,near,8834,camel,dog,3.5762786865234375e-05,5.8979168534279115e-05,False
proser,placeholder,near,8904,leopard,frog,-0.00028733164072036743,5.8979168534279115e-05,False
proser,placeholder,near,8906,tractor,ship,6.724148988723755e-05,5.8979168534279115e-05,True
proser,placeholder,near,8918,wolf,dog,9.908527135848999e-05,5.8979168534279115e-05,True
proser,placeholder,near,8920,bus,truck,9.818375110626221e-05,5.8979168534279115e-05,True
proser,placeholder,near,8929,motorcycle,truck,0.00018643587827682495,5.8979168534279115e-05,True
proser,placeholder,near,8942,tractor,truck,0.00012658536434173584,5.8979168534279115e-05,True
proser,placeholder,near,8944,pickup_truck,airplane,0.00014823675155639648,5.8979168534279115e-05,True
proser,placeholder,near,8947,pickup_truck,truck,7.662922143936157e-05,5.8979168534279115e-05,True
proser,placeholder,near,8953,pickup_truck,automobile,-0.00019991397857666016,5.8979168534279115e-05,False
proser,placeholder,near,8958,bus,automobile,-0.0001226663589477539,5.8979168534279115e-05,False
proser,placeholder,near,8960,wolf,frog,9.460747241973877e-05,5.8979168534279115e-05,True
proser,placeholder,near,8966,pickup_truck,automobile,-0.00023886561393737793,5.8979168534279115e-05,False
proser,placeholder,near,8981,motorcycle,truck,0.000196799635887146,5.8979168534279115e-05,True
proser,placeholder,near,8996,tractor,ship,-0.00026076287031173706,5.8979168534279115e-05,False
proser,placeholder,near,9007,motorcycle,frog,0.00016858428716659546,5.8979168534279115e-05,True
proser,placeholder,near,9014,camel,cat,3.9555132389068604e-05,5.8979168534279115e-05,False
proser,placeholder,near,9017,motorcycle,automobile,6.260722875595093e-05,5.8979168534279115e-05,True
proser,placeholder,near,9019,tractor,truck,-0.00016819685697555542,5.8979168534279115e-05,False
proser,placeholder,near,9027,bus,automobile,0.00023082643747329712,5.8979168534279115e-05,True
proser,placeholder,near,9030,pickup_truck,automobile,-7.080286741256714e-05,5.8979168534279115e-05,False
proser,placeholder,near,9039,tractor,truck,-0.00018659979104995728,5.8979168534279115e-05,False
proser,placeholder,near,9058,leopard,frog,-0.00018896907567977905,5.8979168534279115e-05,False
proser,placeholder,near,9081,pickup_truck,automobile,-0.00032757967710494995,5.8979168534279115e-05,False
proser,placeholder,near,9093,camel,deer,0.0001957342028617859,5.8979168534279115e-05,True
proser,placeholder,near,9110,camel,horse,-0.00020913034677505493,5.8979168534279115e-05,False
proser,placeholder,near,9142,camel,horse,-0.00021381676197052002,5.8979168534279115e-05,False
proser,placeholder,near,9148,fox,cat,5.511194467544556e-05,5.8979168534279115e-05,False
proser,placeholder,near,9187,leopard,cat,-0.00020325183868408203,5.8979168534279115e-05,False
proser,placeholder,near,9203,tractor,truck,-0.00013870000839233398,5.8979168534279115e-05,False
proser,placeholder,near,9205,motorcycle,automobile,7.286667823791504e-05,5.8979168534279115e-05,True
proser,placeholder,near,9231,wolf,cat,-0.0001325756311416626,5.8979168534279115e-05,False
proser,placeholder,near,9232,bus,truck,-0.0003245547413825989,5.8979168534279115e-05,False
proser,placeholder,near,9238,leopard,frog,-9.204447269439697e-05,5.8979168534279115e-05,False
proser,placeholder,near,9252,bus,truck,1.3425946235656738e-05,5.8979168534279115e-05,False
proser,placeholder,near,9259,tractor,truck,-2.8677284717559814e-05,5.8979168534279115e-05,False
proser,placeholder,near,9261,leopard,frog,-0.00032898038625717163,5.8979168534279115e-05,False
proser,placeholder,near,9266,camel,dog,-0.0001592785120010376,5.8979168534279115e-05,False
proser,placeholder,near,9276,motorcycle,airplane,6.00963830947876e-05,5.8979168534279115e-05,True
proser,placeholder,near,9288,tractor,truck,-0.00010269880294799805,5.8979168534279115e-05,False
proser,placeholder,near,9317,wolf,cat,-6.525963544845581e-05,5.8979168534279115e-05,False
proser,placeholder,near,9318,leopard,cat,-0.00020561367273330688,5.8979168534279115e-05,False
proser,placeholder,near,9345,motorcycle,truck,-6.801635026931763e-05,5.8979168534279115e-05,False
proser,placeholder,near,9346,wolf,dog,-4.704296588897705e-05,5.8979168534279115e-05,False
proser,placeholder,near,9362,camel,deer,3.2238662242889404e-05,5.8979168534279115e-05,False
proser,placeholder,near,9368,pickup_truck,truck,-0.0003404095768928528,5.8979168534279115e-05,False
proser,placeholder,near,9377,pickup_truck,automobile,-2.641230821609497e-05,5.8979168534279115e-05,False
proser,placeholder,near,9388,pickup_truck,automobile,-0.0002512410283088684,5.8979168534279115e-05,False
proser,placeholder,near,9395,tractor,truck,0.00020904093980789185,5.8979168534279115e-05,True
proser,placeholder,near,9406,leopard,cat,-0.0002675652503967285,5.8979168534279115e-05,False
proser,placeholder,near,9412,camel,cat,0.00015351921319961548,5.8979168534279115e-05,True
proser,placeholder,near,9429,pickup_truck,automobile,-0.00021447986364364624,5.8979168534279115e-05,False
proser,placeholder,near,9447,pickup_truck,automobile,-0.0002556145191192627,5.8979168534279115e-05,False
proser,placeholder,near,9453,fox,cat,-0.0002792626619338989,5.8979168534279115e-05,False
proser,placeholder,near,9496,fox,bird,0.0002161860466003418,5.8979168534279115e-05,True
proser,placeholder,near,9504,pickup_truck,truck,-6.94766640663147e-05,5.8979168534279115e-05,False
proser,placeholder,near,9531,camel,horse,0.00023433566093444824,5.8979168534279115e-05,True
proser,placeholder,near,9546,bus,truck,6.655603647232056e-05,5.8979168534279115e-05,True
proser,placeholder,near,9572,bus,truck,-0.0001604706048965454,5.8979168534279115e-05,False
proser,placeholder,near,9575,leopard,frog,-0.0002817809581756592,5.8979168534279115e-05,False
proser,placeholder,near,9587,wolf,cat,-0.0002602040767669678,5.8979168534279115e-05,False
proser,placeholder,near,9611,camel,airplane,-9.03010368347168e-06,5.8979168534279115e-05,False
proser,placeholder,near,9612,leopard,frog,-6.571412086486816e-06,5.8979168534279115e-05,False
proser,placeholder,near,9647,camel,airplane,7.80448317527771e-05,5.8979168534279115e-05,True
proser,placeholder,near,9654,motorcycle,cat,4.7519803047180176e-05,5.8979168534279115e-05,False
proser,placeholder,near,9662,pickup_truck,automobile,-1.2889504432678223e-06,5.8979168534279115e-05,False
proser,placeholder,near,9673,tractor,truck,0.0002552717924118042,5.8979168534279115e-05,True
proser,placeholder,near,9676,pickup_truck,automobile,-0.0001264512538909912,5.8979168534279115e-05,False
proser,placeholder,near,9686,fox,bird,0.00011162459850311279,5.8979168534279115e-05,True
proser,placeholder,near,9704,tractor,truck,-5.713850259780884e-05,5.8979168534279115e-05,False
proser,placeholder,near,9708,tractor,truck,0.0001807287335395813,5.8979168534279115e-05,True
proser,placeholder,near,9743,camel,dog,-4.404783248901367e-05,5.8979168534279115e-05,False
proser,placeholder,near,9768,wolf,cat,-0.0001535564661026001,5.8979168534279115e-05,False
proser,placeholder,near,9790,wolf,cat,-0.0002373829483985901,5.8979168534279115e-05,False
proser,placeholder,near,9807,tractor,automobile,0.00012384355068206787,5.8979168534279115e-05,True
proser,placeholder,near,9815,bus,automobile,4.015862941741943e-06,5.8979168534279115e-05,False
proser,placeholder,near,9833,motorcycle,automobile,6.538629531860352e-05,5.8979168534279115e-05,True
proser,placeholder,near,9835,bus,truck,-0.0002611801028251648,5.8979168534279115e-05,False
proser,placeholder,near,9842,fox,deer,4.1194260120391846e-05,5.8979168534279115e-05,False
proser,placeholder,near,9871,pickup_truck,automobile,8.578598499298096e-05,5.8979168534279115e-05,True
proser,placeholder,near,9878,pickup_truck,automobile,-0.0002481788396835327,5.8979168534279115e-05,False
proser,placeholder,near,9880,pickup_truck,truck,-9.012222290039062e-05,5.8979168534279115e-05,False
proser,placeholder,near,9886,wolf,dog,0.00011226534843444824,5.8979168534279115e-05,True
proser,placeholder,near,9914,leopard,frog,-9.447336196899414e-06,5.8979168534279115e-05,False
proser,placeholder,near,9922,tractor,deer,0.00022961944341659546,5.8979168534279115e-05,True
proser,placeholder,near,9927,pickup_truck,automobile,-0.0001855418086051941,5.8979168534279115e-05,False
proser,placeholder,near,9930,bus,automobile,-0.0001435503363609314,5.8979168534279115e-05,False
proser,placeholder,near,9936,leopard,cat,4.462152719497681e-05,5.8979168534279115e-05,False
proser,placeholder,near,9942,wolf,dog,-0.00011391192674636841,5.8979168534279115e-05,False
proser,placeholder,near,9948,wolf,frog,0.00021132081747055054,5.8979168534279115e-05,True
proser,placeholder,near,9965,wolf,dog,-0.00023687630891799927,5.8979168534279115e-05,False
proser,placeholder,near,9969,tractor,truck,3.965198993682861e-05,5.8979168534279115e-05,False
proser,placeholder,near,9998,leopard,frog,2.5190412998199463e-05,5.8979168534279115e-05,False
proser,placeholder,far,3,mushroom,bird,2.4825334548950195e-05,5.8979168534279115e-05,False
proser,placeholder,far,26,keyboard,ship,1.169741153717041e-05,5.8979168534279115e-05,False
proser,placeholder,far,30,chair,airplane,-4.1872262954711914e-05,5.8979168534279115e-05,False
proser,placeholder,far,45,clock,automobile,0.00014835596084594727,5.8979168534279115e-05,True
proser,placeholder,far,52,bottle,bird,-0.00025622546672821045,5.8979168534279115e-05,False
proser,placeholder,far,67,sunflower,dog,0.00011670589447021484,5.8979168534279115e-05,True
proser,placeholder,far,76,sunflower,cat,0.00027070194482803345,5.8979168534279115e-05,True
proser,placeholder,far,77,bowl,truck,-0.00021187961101531982,5.8979168534279115e-05,False
proser,placeholder,far,79,clock,bird,0.00018186122179031372,5.8979168534279115e-05,True
proser,placeholder,far,90,clock,cat,1.2472271919250488e-05,5.8979168534279115e-05,False
proser,placeholder,far,111,chair,dog,0.00020884722471237183,5.8979168534279115e-05,True
proser,placeholder,far,114,bottle,cat,3.1478703022003174e-05,5.8979168534279115e-05,False
proser,placeholder,far,121,bowl,bird,0.00017277896404266357,5.8979168534279115e-05,True
proser,placeholder,far,125,chair,cat,-7.549673318862915e-05,5.8979168534279115e-05,False
proser,placeholder,far,147,keyboard,frog,7.592886686325073e-05,5.8979168534279115e-05,True
proser,placeholder,far,148,mushroom,cat,4.582107067108154e-05,5.8979168534279115e-05,False
proser,placeholder,far,157,chair,airplane,1.9356608390808105e-05,5.8979168534279115e-05,False
proser,placeholder,far,163,bowl,cat,0.00023987144231796265,5.8979168534279115e-05,True
proser,placeholder,far,168,mushroom,cat,0.00021094828844070435,5.8979168534279115e-05,True
proser,placeholder,far,170,bottle,ship,0.000141829252243042,5.8979168534279115e-05,True
proser,placeholder,far,180,keyboard,airplane,-0.0001361072063446045,5.8979168534279115e-05,False
proser,placeholder,far,182,clock,automobile,0.00030618906021118164,5.8979168534279115e-05,True
proser,placeholder,far,194,wardrobe,cat,-0.00021424144506454468,5.8979168534279115e-05,False
proser,placeholder,far,220,wardrobe,truck,-0.00015043467283248901,5.8979168534279115e-05,False
proser,placeholder,far,238,sunflower,bird,-0.00021018832921981812,5.8979168534279115e-05,False
proser,placeholder,far,249,keyboard,airplane,-5.094707012176514e-05,5.8979168534279115e-05,False
proser,placeholder,far,271,mushroom,bird,-1.0386109352111816e-05,5.8979168534279115e-05,False
proser,placeholder,far,318,bowl,cat,-8.202344179153442e-05,5.8979168534279115e-05,False
proser,placeholder,far,328,wardrobe,truck,-0.0001003071665763855,5.8979168534279115e-05,False
proser,placeholder,far,340,bottle,ship,-0.00015267729759216309,5.8979168534279115e-05,False
proser,placeholder,far,348,bowl,bird,0.00015523284673690796,5.8979168534279115e-05,True
proser,placeholder,far,349,bowl,cat,9.234994649887085e-05,5.8979168534279115e-05,True
proser,placeholder,far,361,keyboard,frog,3.966689109802246e-05,5.8979168534279115e-05,False
proser,placeholder,far,363,wardrobe,truck,-1.4804303646087646e-05,5.8979168534279115e-05,False
proser,placeholder,far,365,bowl,cat,0.0001664683222770691,5.8979168534279115e-05,True
proser,placeholder,far,378,wardrobe,cat,-0.0001967400312423706,5.8979168534279115e-05,False
proser,placeholder,far,427,bowl,automobile,0.00016136467456817627,5.8979168534279115e-05,True
proser,placeholder,far,433,mushroom,deer,0.00010109692811965942,5.8979168534279115e-05,True
proser,placeholder,far,439,bowl,cat,-0.00013780593872070312,5.8979168534279115e-05,False
proser,placeholder,far,447,clock,dog,2.822279930114746e-05,5.8979168534279115e-05,False
proser,placeholder,far,450,clock,automobile,0.00028420984745025635,5.8979168534279115e-05,True
proser,placeholder,far,451,clock,cat,7.073581218719482e-05,5.8979168534279115e-05,True
proser,placeholder,far,452,bowl,automobile,-3.849714994430542e-05,5.8979168534279115e-05,False
proser,placeholder,far,455,bottle,truck,0.00023864209651947021,5.8979168534279115e-05,True
proser,placeholder,far,562,chair,truck,-7.06985592842102e-05,5.8979168534279115e-05,False
proser,placeholder,far,575,bottle,ship,0.0001849159598350525,5.8979168534279115e-05,True
proser,placeholder,far,582,sunflower,bird,-2.3096799850463867e-07,5.8979168534279115e-05,False
proser,placeholder,far,583,clock,bird,0.0003013312816619873,5.8979168534279115e-05,True
proser,placeholder,far,588,bowl,ship,-0.00015106052160263062,5.8979168534279115e-05,False
proser,placeholder,far,594,bottle,frog,0.00017555803060531616,5.8979168534279115e-05,True
proser,placeholder,far,599,keyboard,dog,0.0002677515149116516,5.8979168534279115e-05,True
proser,placeholder,far,611,sunflower,bird,-4.930049180984497e-05,5.8979168534279115e-05,False
proser,placeholder,far,613,chair,ship,0.00012832880020141602,5.8979168534279115e-05,True
proser,placeholder,far,618,clock,ship,0.00015741586685180664,5.8979168534279115e-05,True
proser,placeholder,far,621,keyboard,dog,0.00024037063121795654,5.8979168534279115e-05,True
proser,placeholder,far,629,sunflower,frog,0.0002658367156982422,5.8979168534279115e-05,True
proser,placeholder,far,645,sunflower,ship,0.00012561678886413574,5.8979168534279115e-05,True
proser,placeholder,far,647,wardrobe,cat,-0.0002648159861564636,5.8979168534279115e-05,False
proser,placeholder,far,649,clock,truck,-2.0600855350494385e-05,5.8979168534279115e-05,False
proser,placeholder,far,662,wardrobe,cat,6.682425737380981e-05,5.8979168534279115e-05,True
proser,placeholder,far,665,sunflower,cat,0.0001368597149848938,5.8979168534279115e-05,True
proser,placeholder,far,703,bowl,frog,8.004903793334961e-05,5.8979168534279115e-05,True
proser,placeholder,far,714,sunflower,bird,-0.00017070770263671875,5.8979168534279115e-05,False
proser,placeholder,far,734,wardrobe,cat,-2.3126602172851562e-05,5.8979168534279115e-05,False
proser,placeholder,far,749,sunflower,cat,0.00013443827629089355,5.8979168534279115e-05,True
proser,placeholder,far,771,keyboard,deer,0.00011856108903884888,5.8979168534279115e-05,True
proser,placeholder,far,786,clock,automobile,8.630752563476562e-05,5.8979168534279115e-05,True
proser,placeholder,far,788,sunflower,bird,-0.00016748160123825073,5.8979168534279115e-05,False
proser,placeholder,far,797,wardrobe,truck,-2.6971101760864258e-06,5.8979168534279115e-05,False
proser,placeholder,far,806,bowl,frog,-8.539855480194092e-05,5.8979168534279115e-05,False
proser,placeholder,far,823,clock,bird,5.811452865600586e-05,5.8979168534279115e-05,False
proser,placeholder,far,839,keyboard,cat,0.0002030208706855774,5.8979168534279115e-05,True
proser,placeholder,far,840,chair,cat,0.00014562904834747314,5.8979168534279115e-05,True
proser,placeholder,far,864,bottle,truck,1.1995434761047363e-05,5.8979168534279115e-05,False
proser,placeholder,far,865,bowl,cat,-2.6524066925048828e-05,5.8979168534279115e-05,False
proser,placeholder,far,870,clock,airplane,-0.00020866096019744873,5.8979168534279115e-05,False
proser,placeholder,far,874,bowl,automobile,0.00010261684656143188,5.8979168534279115e-05,True
proser,placeholder,far,880,chair,cat,-7.445365190505981e-05,5.8979168534279115e-05,False
proser,placeholder,far,909,mushroom,bird,0.00017167627811431885,5.8979168534279115e-05,True
proser,placeholder,far,911,keyboard,cat,-2.4653971195220947e-05,5.8979168534279115e-05,False
proser,placeholder,far,932,bottle,cat,-0.0001219436526298523,5.8979168534279115e-05,False
proser,placeholder,far,934,clock,cat,0.00023011118173599243,5.8979168534279115e-05,True
proser,placeholder,far,953,mushroom,cat,-7.831305265426636e-05,5.8979168534279115e-05,False
proser,placeholder,far,954,bowl,cat,0.00030456483364105225,5.8979168534279115e-05,True
proser,placeholder,far,963,mushroom,deer,-2.317875623703003e-05,5.8979168534279115e-05,False
proser,placeholder,far,976,sunflower,truck,-0.0003313198685646057,5.8979168534279115e-05,False
proser,placeholder,far,997,bottle,ship,7.036328315734863e-05,5.8979168534279115e-05,True
proser,placeholder,far,1002,wardrobe,cat,-0.00021763145923614502,5.8979168534279115e-05,False
proser,placeholder,far,1015,bottle,truck,0.00019704550504684448,5.8979168534279115e-05,True
proser,placeholder,far,1032,mushroom,bird,-0.00010525435209274292,5.8979168534279115e-05,False
proser,placeholder,far,1041,bowl,frog,2.09808349609375e-05,5.8979168534279115e-05,False
proser,placeholder,far,1045,bottle,bird,2.275407314300537e-05,5.8979168534279115e-05,False
proser,placeholder,far,1052,keyboard,cat,-0.00020616501569747925,5.8979168534279115e-05,False
proser,placeholder,far,1054,chair,ship,0.000120602548122406,5.8979168534279115e-05,True
proser,placeholder,far,1076,chair,truck,0.00036125630140304565,5.8979168534279115e-05,True
proser,placeholder,far,1097,sunflower,truck,0.00019735842943191528,5.8979168534279115e-05,True
proser,placeholder,far,1122,sunflower,airplane,0.00012426823377609253,5.8979168534279115e-05,True
proser,placeholder,far,1130,bottle,truck,0.000167161226272583,5.8979168534279115e-05,True
proser,placeholder,far,1135,bottle,ship,2.5480985641479492e-06,5.8979168534279115e-05,False
proser,placeholder,far,1138,mushroom,bird,-0.000258028507232666,5.8979168534279115e-05,False
proser,placeholder,far,1163,clock,ship,0.0001242607831954956,5.8979168534279115e-05,True
proser,placeholder,far,1175,mushroom,dog,1.6763806343078613e-06,5.8979168534279115e-05,False
proser,placeholder,far,1196,mushroom,frog,-0.00018625706434249878,5.8979168534279115e-05,False
proser,placeholder,far,1231,sunflower,bird,-6.817281246185303e-05,5.8979168534279115e-05,False
proser,placeholder,far,1264,keyboard,airplane,7.439404726028442e-05,5.8979168534279115e-05,True
proser,placeholder,far,1273,mushroom,bird,5.094707012176514e-05,5.8979168534279115e-05,False
proser,placeholder,far,1310,clock,dog,0.00010860711336135864,5.8979168534279115e-05,True
proser,placeholder,far,1318,bottle,cat,0.00012239068746566772,5.8979168534279115e-05,True
proser,placeholder,far,1341,chair,airplane,0.00026854872703552246,5.8979168534279115e-05,True
proser,placeholder,far,1362,wardrobe,cat,-0.00021810829639434814,5.8979168534279115e-05,False
proser,placeholder,far,1410,bowl,dog,2.378225326538086e-05,5.8979168534279115e-05,False
proser,placeholder,far,1415,wardrobe,cat,7.697939872741699e-05,5.8979168534279115e-05,True
proser,placeholder,far,1428,clock,automobile,-0.00017679482698440552,5.8979168534279115e-05,False
proser,placeholder,far,1429,bottle,cat,0.00011988729238510132,5.8979168534279115e-05,True
proser,placeholder,far,1434,chair,airplane,-1.8425285816192627e-05,5.8979168534279115e-05,False
proser,placeholder,far,1438,bottle,bird,2.6501715183258057e-05,5.8979168534279115e-05,False
proser,placeholder,far,1448,bowl,frog,0.00024847686290740967,5.8979168534279115e-05,True
proser,placeholder,far,1454,mushroom,bird,4.51505184173584e-06,5.8979168534279115e-05,False
proser,placeholder,far,1470,wardrobe,cat,-0.0001688450574874878,5.8979168534279115e-05,False
proser,placeholder,far,1484,mushroom,bird,-5.606561899185181e-05,5.8979168534279115e-05,False
proser,placeholder,far,1487,bottle,bird,0.00017838925123214722,5.8979168534279115e-05,True
proser,placeholder,far,1495,keyboard,cat,-0.00014807283878326416,5.8979168534279115e-05,False
proser,placeholder,far,1508,wardrobe,truck,2.968311309814453e-05,5.8979168534279115e-05,False
proser,placeholder,far,1514,bottle,ship,5.751848220825195e-05,5.8979168534279115e-05,False
proser,placeholder,far,1525,chair,airplane,4.8547983169555664e-05,5.8979168534279115e-05,False
proser,placeholder,far,1542,sunflower,frog,0.0001395195722579956,5.8979168534279115e-05,True
proser,placeholder,far,1546,keyboard,cat,8.384138345718384e-05,5.8979168534279115e-05,True
proser,placeholder,far,1557,bowl,bird,0.0002309456467628479,5.8979168534279115e-05,True
proser,placeholder,far,1560,clock,cat,3.3877789974212646e-05,5.8979168534279115e-05,False
proser,placeholder,far,1562,bottle,bird,1.9155442714691162e-05,5.8979168534279115e-05,False
proser,placeholder,far,1586,clock,truck,-0.00013224035501480103,5.8979168534279115e-05,False
proser,placeholder,far,1599,keyboard,dog,0.00023832917213439941,5.8979168534279115e-05,True
proser,placeholder,far,1610,chair,cat,-4.0024518966674805e-05,5.8979168534279115e-05,False
proser,placeholder,far,1641,wardrobe,cat,0.00014735013246536255,5.8979168534279115e-05,True
proser,placeholder,far,1642,keyboard,airplane,0.00019844621419906616,5.8979168534279115e-05,True
proser,placeholder,far,1652,chair,airplane,9.670108556747437e-05,5.8979168534279115e-05,True
proser,placeholder,far,1674,chair,airplane,5.275756120681763e-05,5.8979168534279115e-05,False
proser,placeholder,far,1680,bowl,frog,0.00025206804275512695,5.8979168534279115e-05,True
proser,placeholder,far,1696,bowl,cat,-0.00023459643125534058,5.8979168534279115e-05,False
proser,placeholder,far,1713,sunflower,truck,7.446855306625366e-05,5.8979168534279115e-05,True
proser,placeholder,far,1714,bowl,ship,0.00020831823348999023,5.8979168534279115e-05,True
proser,placeholder,far,1740,chair,cat,9.891390800476074e-05,5.8979168534279115e-05,True
proser,placeholder,far,1760,mushroom,frog,5.5946409702301025e-05,5.8979168534279115e-05,False
proser,placeholder,far,1781,sunflower,airplane,-0.00033051520586013794,5.8979168534279115e-05,False
proser,placeholder,far,1782,mushroom,bird,0.00017403066158294678,5.8979168534279115e-05,True
proser,placeholder,far,1789,chair,bird,-1.6666948795318604e-05,5.8979168534279115e-05,False
proser,placeholder,far,1792,chair,cat,0.000161781907081604,5.8979168534279115e-05,True
proser,placeholder,far,1806,clock,cat,0.00016523897647857666,5.8979168534279115e-05,True
proser,placeholder,far,1807,clock,cat,9.796023368835449e-05,5.8979168534279115e-05,True
proser,placeholder,far,1809,bowl,frog,8.535385131835938e-05,5.8979168534279115e-05,True
proser,placeholder,far,1818,sunflower,bird,-2.041459083557129e-06,5.8979168534279115e-05,False
proser,placeholder,far,1820,mushroom,frog,-0.0003426074981689453,5.8979168534279115e-05,False
proser,placeholder,far,1837,wardrobe,cat,5.066394805908203e-05,5.8979168534279115e-05,False
proser,placeholder,far,1862,wardrobe,cat,0.00011388212442398071,5.8979168534279115e-05,True
proser,placeholder,far,1865,bowl,cat,-5.533546209335327e-05,5.8979168534279115e-05,False
proser,placeholder,far,1875,clock,dog,-7.903575897216797e-05,5.8979168534279115e-05,False
proser,placeholder,far,1899,bottle,cat,9.988993406295776e-05,5.8979168534279115e-05,True
proser,placeholder,far,1909,wardrobe,cat,-0.0001522749662399292,5.8979168534279115e-05,False
proser,placeholder,far,1927,clock,automobile,1.7911195755004883e-05,5.8979168534279115e-05,False
proser,placeholder,far,1930,clock,airplane,7.72327184677124e-05,5.8979168534279115e-05,True
proser,placeholder,far,1932,bottle,ship,-7.417798042297363e-05,5.8979168534279115e-05,False
proser,placeholder,far,1944,wardrobe,truck,-0.0001886114478111267,5.8979168534279115e-05,False
proser,placeholder,far,1947,chair,airplane,0.00017311424016952515,5.8979168534279115e-05,True
proser,placeholder,far,1963,keyboard,airplane,-1.3299286365509033e-05,5.8979168534279115e-05,False
proser,placeholder,far,1982,clock,automobile,-1.1488795280456543e-05,5.8979168534279115e-05,False
proser,placeholder,far,1987,mushroom,cat,5.7250261306762695e-05,5.8979168534279115e-05,False
proser,placeholder,far,2005,mushroom,airplane,0.00010351091623306274,5.8979168534279115e-05,True
proser,placeholder,far,2011,bottle,ship,0.00027301162481307983,5.8979168534279115e-05,True
proser,placeholder,far,2023,keyboard,ship,-5.2325427532196045e-05,5.8979168534279115e-05,False
proser,placeholder,far,2037,keyboard,cat,-0.0002814680337905884,5.8979168534279115e-05,False
proser,placeholder,far,2038,sunflower,truck,5.415081977844238e-05,5.8979168534279115e-05,False
proser,placeholder,far,2052,keyboard,frog,3.4011900424957275e-05,5.8979168534279115e-05,False
proser,placeholder,far,2055,keyboard,airplane,-0.00010830909013748169,5.8979168534279115e-05,False
proser,placeholder,far,2086,chair,cat,0.00011115521192550659,5.8979168534279115e-05,True
proser,placeholder,far,2108,chair,airplane,9.609758853912354e-05,5.8979168534279115e-05,True
proser,placeholder,far,2109,bowl,frog,0.0003428906202316284,5.8979168534279115e-05,True
proser,placeholder,far,2125,clock,cat,9.559094905853271e-05,5.8979168534279115e-05,True
proser,placeholder,far,2134,wardrobe,truck,-4.880130290985107e-06,5.8979168534279115e-05,False
proser,placeholder,far,2152,chair,bird,-7.748603820800781e-06,5.8979168534279115e-05,False
proser,placeholder,far,2161,chair,truck,0.00012250244617462158,5.8979168534279115e-05,True
proser,placeholder,far,2169,clock,automobile,0.00017616897821426392,5.8979168534279115e-05,True
proser,placeholder,far,2176,bowl,ship,0.00019683688879013062,5.8979168534279115e-05,True
proser,placeholder,far,2181,keyboard,ship,0.0002584308385848999,5.8979168534279115e-05,True
proser,placeholder,far,2189,clock,frog,4.0397047996520996e-05,5.8979168534279115e-05,False
proser,placeholder,far,2200,mushroom,bird,-0.0001537725329399109,5.8979168534279115e-05,False
proser,placeholder,far,2207,clock,airplane,0.00030340999364852905,5.8979168534279115e-05,True
proser,placeholder,far,2213,clock,cat,-2.0936131477355957e-05,5.8979168534279115e-05,False
proser,placeholder,far,2223,clock,automobile,0.0001297295093536377,5.8979168534279115e-05,True
proser,placeholder,far,2232,mushroom,bird,0.00019323080778121948,5.8979168534279115e-05,True
proser,placeholder,far,2243,sunflower,dog,1.8164515495300293e-05,5.8979168534279115e-05,False
proser,placeholder,far,2269,chair,airplane,0.0002397000789642334,5.8979168534279115e-05,True
proser,placeholder,far,2295,bowl,cat,0.00024846941232681274,5.8979168534279115e-05,True
proser,placeholder,far,2300,bowl,airplane,-5.647540092468262e-05,5.8979168534279115e-05,False
proser,placeholder,far,2302,bowl,frog,-0.00022713840007781982,5.8979168534279115e-05,False
proser,placeholder,far,2314,bottle,automobile,0.00026425719261169434,5.8979168534279115e-05,True
proser,placeholder,far,2332,mushroom,cat,0.00016411393880844116,5.8979168534279115e-05,True
proser,placeholder,far,2384,mushroom,frog,0.00016707926988601685,5.8979168534279115e-05,True
proser,placeholder,far,2386,chair,cat,-0.00017073005437850952,5.8979168534279115e-05,False
proser,placeholder,far,2389,chair,cat,-6.907433271408081e-05,5.8979168534279115e-05,False
proser,placeholder,far,2425,bowl,cat,0.00024265050888061523,5.8979168534279115e-05,True
proser,placeholder,far,2428,bottle,cat,1.617521047592163e-05,5.8979168534279115e-05,False
proser,placeholder,far,2432,wardrobe,truck,7.994472980499268e-05,5.8979168534279115e-05,True
proser,placeholder,far,2446,sunflower,airplane,0.00016594678163528442,5.8979168534279115e-05,True
proser,placeholder,far,2453,wardrobe,dog,0.00016538798809051514,5.8979168534279115e-05,True
proser,placeholder,far,2463,clock,ship,0.0001217275857925415,5.8979168534279115e-05,True
proser,placeholder,far,2470,chair,airplane,0.0002164691686630249,5.8979168534279115e-05,True
proser,placeholder,far,2475,clock,truck,0.00014625489711761475,5.8979168534279115e-05,True
proser,placeholder,far,2487,clock,cat,4.5336782932281494e-05,5.8979168534279115e-05,False
proser,placeholder,far,2510,bottle,cat,-0.000254116952419281,5.8979168534279115e-05,False
proser,placeholder,far,2533,clock,dog,0.0003539472818374634,5.8979168534279115e-05,True
proser,placeholder,far,2545,sunflower,cat,-5.088001489639282e-05,5.8979168534279115e-05,False
proser,placeholder,far,2550,bottle,truck,0.00019887089729309082,5.8979168534279115e-05,True
proser,placeholder,far,2557,wardrobe,cat,0.00037448108196258545,5.8979168534279115e-05,True
proser,placeholder,far,2562,keyboard,truck,5.062669515609741e-05,5.8979168534279115e-05,False
proser,placeholder,far,2576,chair,truck,-5.459040403366089e-05,5.8979168534279115e-05,False
proser,placeholder,far,2577,chair,horse,-1.084059476852417e-05,5.8979168534279115e-05,False
proser,placeholder,far,2579,mushroom,bird,9.900331497192383e-05,5.8979168534279115e-05,True
proser,placeholder,far,2586,clock,ship,0.00026942044496536255,5.8979168534279115e-05,True
proser,placeholder,far,2620,mushroom,bird,-2.0675361156463623e-05,5.8979168534279115e-05,False
proser,placeholder,far,2627,keyboard,airplane,0.00032880157232284546,5.8979168534279115e-05,True
proser,placeholder,far,2650,keyboard,cat,0.00032708048820495605,5.8979168534279115e-05,True
proser,placeholder,far,2656,bowl,cat,-0.0001491457223892212,5.8979168534279115e-05,False
proser,placeholder,far,2661,chair,airplane,0.00028973817825317383,5.8979168534279115e-05,True
proser,placeholder,far,2670,bowl,deer,-3.810971975326538e-05,5.8979168534279115e-05,False
proser,placeholder,far,2684,chair,airplane,-0.00016687065362930298,5.8979168534279115e-05,False
proser,placeholder,far,2715,wardrobe,cat,-6.790459156036377e-05,5.8979168534279115e-05,False
proser,placeholder,far,2729,keyboard,truck,1.7628073692321777e-05,5.8979168534279115e-05,False
proser,placeholder,far,2740,sunflower,bird,-1.4670193195343018e-05,5.8979168534279115e-05,False
proser,placeholder,far,2790,bowl,airplane,8.42362642288208e-05,5.8979168534279115e-05,True
proser,placeholder,far,2797,bowl,cat,-0.00016707181930541992,5.8979168534279115e-05,False
proser,placeholder,far,2802,chair,cat,0.0001687183976173401,5.8979168534279115e-05,True
proser,placeholder,far,2811,sunflower,frog,-0.00017945468425750732,5.8979168534279115e-05,False
proser,placeholder,far,2815,clock,bird,0.000295005738735199,5.8979168534279115e-05,True
proser,placeholder,far,2822,bottle,ship,-6.340444087982178e-06,5.8979168534279115e-05,False
proser,placeholder,far,2831,sunflower,frog,-0.00015302002429962158,5.8979168534279115e-05,False
proser,placeholder,far,2836,clock,frog,0.00026735663414001465,5.8979168534279115e-05,True
proser,placeholder,far,2856,sunflower,bird,-0.00011792033910751343,5.8979168534279115e-05,False
proser,placeholder,far,2915,wardrobe,truck,-0.00027436017990112305,5.8979168534279115e-05,False
proser,placeholder,far,2917,chair,airplane,0.00014357268810272217,5.8979168534279115e-05,True
proser,placeholder,far,2936,clock,cat,-7.137656211853027e-06,5.8979168534279115e-05,False
proser,placeholder,far,2937,mushroom,bird,8.10474157333374e-05,5.8979168534279115e-05,True
proser,placeholder,far,2945,clock,cat,-4.5590102672576904e-05,5.8979168534279115e-05,False
proser,placeholder,far,2963,bottle,truck,9.395182132720947e-06,5.8979168534279115e-05,False
proser,placeholder,far,2965,chair,airplane,-0.0001240745186805725,5.8979168534279115e-05,False
proser,placeholder,far,2972,sunflower,cat,0.0001762285828590393,5.8979168534279115e-05,True
proser,placeholder,far,2980,mushroom,dog,0.00019618123769760132,5.8979168534279115e-05,True
proser,placeholder,far,2989,sunflower,dog,5.10290265083313e-05,5.8979168534279115e-05,False
proser,placeholder,far,2993,bottle,cat,-0.00019408762454986572,5.8979168534279115e-05,False
proser,placeholder,far,3011,bottle,dog,8.2455575466156e-05,5.8979168534279115e-05,True
proser,placeholder,far,3015,wardrobe,cat,-7.180869579315186e-05,5.8979168534279115e-05,False
proser,placeholder,far,3039,mushroom,frog,-0.00011173635721206665,5.8979168534279115e-05,False
proser,placeholder,far,3053,wardrobe,cat,6.0848891735076904e-05,5.8979168534279115e-05,True
proser,placeholder,far,3078,bowl,bird,-2.6278197765350342e-05,5.8979168534279115e-05,False
proser,placeholder,far,3089,sunflower,dog,-5.188584327697754e-05,5.8979168534279115e-05,False
proser,placeholder,far,3091,bowl,automobile,0.0002388879656791687,5.8979168534279115e-05,True
proser,placeholder,far,3095,bowl,cat,0.00011189281940460205,5.8979168534279115e-05,True
proser,placeholder,far,3115,sunflower,frog,9.764730930328369e-05,5.8979168534279115e-05,True
proser,placeholder,far,3122,bottle,cat,2.234429121017456e-05,5.8979168534279115e-05,False
proser,placeholder,far,3139,keyboard,truck,0.00019845366477966309,5.8979168534279115e-05,True
proser,placeholder,far,3149,wardrobe,truck,8.697062730789185e-05,5.8979168534279115e-05,True
proser,placeholder,far,3186,chair,airplane,-0.00019224733114242554,5.8979168534279115e-05,False
proser,placeholder,far,3203,chair,airplane,-4.805624485015869e-05,5.8979168534279115e-05,False
proser,placeholder,far,3209,bowl,dog,0.000209808349609375,5.8979168534279115e-05,True
proser,placeholder,far,3210,clock,automobile,-0.0001318603754043579,5.8979168534279115e-05,False
proser,placeholder,far,3216,bottle,bird,0.00011116266250610352,5.8979168534279115e-05,True
proser,placeholder,far,3232,bottle,ship,-3.8020312786102295e-05,5.8979168534279115e-05,False
proser,placeholder,far,3247,keyboard,truck,-6.92903995513916e-05,5.8979168534279115e-05,False
proser,placeholder,far,3253,bowl,dog,0.00023426860570907593,5.8979168534279115e-05,True
proser,placeholder,far,3282,clock,cat,-3.7379562854766846e-05,5.8979168534279115e-05,False
proser,placeholder,far,3286,chair,automobile,0.000239543616771698,5.8979168534279115e-05,True
proser,placeholder,far,3293,chair,airplane,-7.666647434234619e-05,5.8979168534279115e-05,False
proser,placeholder,far,3298,keyboard,airplane,-7.320195436477661e-05,5.8979168534279115e-05,False
proser,placeholder,far,3299,chair,airplane,2.294778823852539e-06,5.8979168534279115e-05,False
proser,placeholder,far,3304,bowl,bird,3.682821989059448e-05,5.8979168534279115e-05,False
proser,placeholder,far,3305,mushroom,frog,-0.00023803859949111938,5.8979168534279115e-05,False
proser,placeholder,far,3316,bottle,cat,-0.00017344951629638672,5.8979168534279115e-05,False
proser,placeholder,far,3317,chair,airplane,5.329400300979614e-05,5.8979168534279115e-05,False
proser,placeholder,far,3322,chair,bird,0.0002094954252243042,5.8979168534279115e-05,True
proser,placeholder,far,3337,mushroom,frog,8.972734212875366e-05,5.8979168534279115e-05,True
proser,placeholder,far,3347,keyboard,cat,0.00015407055616378784,5.8979168534279115e-05,True
proser,placeholder,far,3348,bowl,frog,0.00014522671699523926,5.8979168534279115e-05,True
proser,placeholder,far,3349,chair,truck,0.00015246868133544922,5.8979168534279115e-05,True
proser,placeholder,far,3350,bottle,truck,8.722394704818726e-05,5.8979168534279115e-05,True
proser,placeholder,far,3352,mushroom,bird,-7.798522710800171e-05,5.8979168534279115e-05,False
proser,placeholder,far,3373,bowl,cat,-0.00026550889015197754,5.8979168534279115e-05,False
proser,placeholder,far,3378,wardrobe,cat,-0.00015554577112197876,5.8979168534279115e-05,False
proser,placeholder,far,3386,sunflower,cat,-0.0002476051449775696,5.8979168534279115e-05,False
proser,placeholder,far,3402,sunflower,bird,8.677691221237183e-05,5.8979168534279115e-05,True
proser,placeholder,far,3409,chair,airplane,3.593415021896362e-05,5.8979168534279115e-05,False
proser,placeholder,far,3429,sunflower,cat,0.00012339651584625244,5.8979168534279115e-05,True
proser,placeholder,far,3444,bottle,cat,0.00014982372522354126,5.8979168534279115e-05,True
proser,placeholder,far,3470,keyboard,frog,0.0002416372299194336,5.8979168534279115e-05,True
proser,placeholder,far,3493,mushroom,dog,0.00012004375457763672,5.8979168534279115e-05,True
proser,placeholder,far,3502,mushroom,frog,-8.079409599304199e-05,5.8979168534279115e-05,False
proser,placeholder,far,3507,bowl,cat,0.00010601431131362915,5.8979168534279115e-05,True
proser,placeholder,far,3548,bottle,cat,0.00014992058277130127,5.8979168534279115e-05,True
proser,placeholder,far,3559,sunflower,truck,0.0001969262957572937,5.8979168534279115e-05,True
proser,placeholder,far,3568,chair,dog,0.00011795014142990112,5.8979168534279115e-05,True
proser,placeholder,far,3579,keyboard,airplane,-0.0001795440912246704,5.8979168534279115e-05,False
proser,placeholder,far,3586,keyboard,cat,-0.00018246471881866455,5.8979168534279115e-05,False
proser,placeholder,far,3609,wardrobe,truck,0.00016835331916809082,5.8979168534279115e-05,True
proser,placeholder,far,3636,mushroom,cat,-4.572421312332153e-05,5.8979168534279115e-05,False
proser,placeholder,far,3659,clock,frog,0.00011454522609710693,5.8979168534279115e-05,True
proser,placeholder,far,3683,clock,cat,-6.926804780960083e-05,5.8979168534279115e-05,False
proser,placeholder,far,3684,mushroom,frog,-0.00013253092765808105,5.8979168534279115e-05,False
proser,placeholder,far,3693,keyboard,truck,0.0002444237470626831,5.8979168534279115e-05,True
proser,placeholder,far,3702,wardrobe,cat,7.048994302749634e-05,5.8979168534279115e-05,True
proser,placeholder,far,3705,wardrobe,truck,-6.240606307983398e-05,5.8979168534279115e-05,False
proser,placeholder,far,3716,keyboard,bird,0.00030697137117385864,5.8979168534279115e-05,True
proser,placeholder,far,3728,bowl,cat,1.6041100025177002e-05,5.8979168534279115e-05,False
proser,placeholder,far,3730,bowl,cat,6.189942359924316e-05,5.8979168534279115e-05,True
proser,placeholder,far,3734,mushroom,cat,0.00016783177852630615,5.8979168534279115e-05,True
proser,placeholder,far,3742,mushroom,cat,-2.316385507583618e-05,5.8979168534279115e-05,False
proser,placeholder,far,3759,mushroom,bird,7.060915231704712e-05,5.8979168534279115e-05,True
proser,placeholder,far,3765,bowl,ship,-9.74610447883606e-05,5.8979168534279115e-05,False
proser,placeholder,far,3770,sunflower,bird,7.659196853637695e-06,5.8979168534279115e-05,False
proser,placeholder,far,3787,wardrobe,cat,-8.191168308258057e-05,5.8979168534279115e-05,False
proser,placeholder,far,3806,wardrobe,cat,-0.000178411602973938,5.8979168534279115e-05,False
proser,placeholder,far,3853,wardrobe,truck,1.6458332538604736e-05,5.8979168534279115e-05,False
proser,placeholder,far,3855,keyboard,cat,-3.546476364135742e-05,5.8979168534279115e-05,False
proser,placeholder,far,3863,bowl,ship,-7.3947012424469e-05,5.8979168534279115e-05,False
proser,placeholder,far,3872,keyboard,airplane,-0.00016964226961135864,5.8979168534279115e-05,False
proser,placeholder,far,3888,bottle,cat,-0.00028267502784729004,5.8979168534279115e-05,False
proser,placeholder,far,3906,bottle,ship,-7.909536361694336e-05,5.8979168534279115e-05,False
proser,placeholder,far,3912,chair,horse,0.00023740530014038086,5.8979168534279115e-05,True
proser,placeholder,far,3924,wardrobe,truck,-0.00014308840036392212,5.8979168534279115e-05,False
proser,placeholder,far,3942,sunflower,truck,0.00020150095224380493,5.8979168534279115e-05,True
proser,placeholder,far,3952,bowl,dog,-2.2962689399719238e-05,5.8979168534279115e-05,False
proser,placeholder,far,3962,mushroom,cat,6.413459777832031e-05,5.8979168534279115e-05,True
proser,placeholder,far,3968,mushroom,frog,-0.0002670884132385254,5.8979168534279115e-05,False
proser,placeholder,far,3975,sunflower,frog,0.00010335445404052734,5.8979168534279115e-05,True
proser,placeholder,far,4010,chair,airplane,-0.00018598884344100952,5.8979168534279115e-05,False
proser,placeholder,far,4022,mushroom,dog,-5.947798490524292e-05,5.8979168534279115e-05,False
proser,placeholder,far,4031,wardrobe,cat,0.00011581182479858398,5.8979168534279115e-05,True
proser,placeholder,far,4033,wardrobe,cat,0.0001426413655281067,5.8979168534279115e-05,True
proser,placeholder,far,4034,wardrobe,truck,0.0001289844512939453,5.8979168534279115e-05,True
proser,placeholder,far,4061,chair,airplane,0.00013168901205062866,5.8979168534279115e-05,True
proser,placeholder,far,4065,bottle,truck,0.00018411129713058472,5.8979168534279115e-05,True
proser,placeholder,far,4077,bottle,cat,0.00020166486501693726,5.8979168534279115e-05,True
proser,placeholder,far,4087,wardrobe,truck,0.00022208690643310547,5.8979168534279115e-05,True
proser,placeholder,far,4103,sunflower,dog,4.735589027404785e-05,5.8979168534279115e-05,False
proser,placeholder,far,4125,chair,airplane,0.00019981712102890015,5.8979168534279115e-05,True
proser,placeholder,far,4151,bowl,cat,0.0001736953854560852,5.8979168534279115e-05,True
proser,placeholder,far,4159,chair,bird,-0.00013360381126403809,5.8979168534279115e-05,False
proser,placeholder,far,4171,wardrobe,cat,-0.0001609697937965393,5.8979168534279115e-05,False
proser,placeholder,far,4174,clock,cat,-3.069639205932617e-05,5.8979168534279115e-05,False
proser,placeholder,far,4183,keyboard,airplane,0.00013925880193710327,5.8979168534279115e-05,True
proser,placeholder,far,4186,chair,airplane,1.364201307296753e-05,5.8979168534279115e-05,False
proser,placeholder,far,4206,clock,automobile,0.00017343461513519287,5.8979168534279115e-05,True
proser,placeholder,far,4208,wardrobe,truck,-1.1041760444641113e-05,5.8979168534279115e-05,False
proser,placeholder,far,4214,chair,airplane,-0.0001232922077178955,5.8979168534279115e-05,False
proser,placeholder,far,4245,wardrobe,cat,-0.0002279728651046753,5.8979168534279115e-05,False
proser,placeholder,far,4252,bowl,cat,-0.00012302398681640625,5.8979168534279115e-05,False
proser,placeholder,far,4259,chair,airplane,0.00018570572137832642,5.8979168534279115e-05,True
proser,placeholder,far,4269,mushroom,horse,0.00014462321996688843,5.8979168534279115e-05,True
proser,placeholder,far,4321,clock,truck,-0.00022070854902267456,5.8979168534279115e-05,False
proser,placeholder,far,4325,bottle,automobile,-2.9355287551879883e-06,5.8979168534279115e-05,False
proser,placeholder,far,4332,bottle,bird,0.00018993765115737915,5.8979168534279115e-05,True
proser,placeholder,far,4334,bottle,cat,-0.00026248395442962646,5.8979168534279115e-05,False
proser,placeholder,far,4348,bowl,frog,0.00025898218154907227,5.8979168534279115e-05,True
proser,placeholder,far,4367,bowl,cat,0.00010638684034347534,5.8979168534279115e-05,True
proser,placeholder,far,4369,clock,ship,0.0001024007797241211,5.8979168534279115e-05,True
proser,placeholder,far,4373,mushroom,airplane,-2.7574598789215088e-05,5.8979168534279115e-05,False
proser,placeholder,far,4376,sunflower,bird,0.00025860220193862915,5.8979168534279115e-05,True
proser,placeholder,far,4382,wardrobe,cat,-0.0002096518874168396,5.8979168534279115e-05,False
proser,placeholder,far,4383,keyboard,cat,0.00026404112577438354,5.8979168534279115e-05,True
proser,placeholder,far,4386,bowl,frog,-8.67992639541626e-05,5.8979168534279115e-05,False
proser,placeholder,far,4394,mushroom,horse,1.0788440704345703e-05,5.8979168534279115e-05,False
proser,placeholder,far,4417,mushroom,cat,4.582852125167847e-05,5.8979168534279115e-05,False
proser,placeholder,far,4444,chair,cat,5.946308374404907e-05,5.8979168534279115e-05,True
proser,placeholder,far,4466,wardrobe,cat,-1.2166798114776611e-05,5.8979168534279115e-05,False
proser,placeholder,far,4471,bowl,frog,-0.00020079314708709717,5.8979168534279115e-05,False
proser,placeholder,far,4475,clock,cat,9.156763553619385e-06,5.8979168534279115e-05,False
proser,placeholder,far,4514,mushroom,frog,0.00028473883867263794,5.8979168534279115e-05,True
proser,placeholder,far,4520,bowl,cat,0.00021391361951828003,5.8979168534279115e-05,True
proser,placeholder,far,4631,wardrobe,cat,-7.689744234085083e-05,5.8979168534279115e-05,False
proser,placeholder,far,4656,clock,airplane,0.00023035705089569092,5.8979168534279115e-05,True
proser,placeholder,far,4668,chair,airplane,-0.00010180473327636719,5.8979168534279115e-05,False
proser,placeholder,far,4670,keyboard,cat,8.00788402557373e-05,5.8979168534279115e-05,True
proser,placeholder,far,4683,bottle,cat,-0.00033320486545562744,5.8979168534279115e-05,False
proser,placeholder,far,4704,clock,truck,-0.0002699419856071472,5.8979168534279115e-05,False
proser,placeholder,far,4708,bottle,airplane,0.0001912936568260193,5.8979168534279115e-05,True
proser,placeholder,far,4722,chair,airplane,8.662045001983643e-05,5.8979168534279115e-05,True
proser,placeholder,far,4734,wardrobe,cat,-0.00013224780559539795,5.8979168534279115e-05,False
proser,placeholder,far,4746,sunflower,truck,0.00024928897619247437,5.8979168534279115e-05,True
proser,placeholder,far,4769,clock,automobile,0.00011935830116271973,5.8979168534279115e-05,True
proser,placeholder,far,4771,clock,automobile,0.0003944486379623413,5.8979168534279115e-05,True
proser,placeholder,far,4779,clock,cat,0.0001279190182685852,5.8979168534279115e-05,True
proser,placeholder,far,4785,sunflower,bird,-0.00022301077842712402,5.8979168534279115e-05,False
proser,placeholder,far,4800,keyboard,cat,-2.12937593460083e-05,5.8979168534279115e-05,False
proser,placeholder,far,4804,keyboard,horse,-1.4901161193847656e-07,5.8979168534279115e-05,False
proser,placeholder,far,4809,keyboard,bird,0.00013793259859085083,5.8979168534279115e-05,True
proser,placeholder,far,4818,bottle,truck,6.180256605148315e-05,5.8979168534279115e-05,True
proser,placeholder,far,4830,bowl,automobile,-0.0001527741551399231,5.8979168534279115e-05,False
proser,placeholder,far,4838,keyboard,automobile,0.0001317337155342102,5.8979168534279115e-05,True
proser,placeholder,far,4847,chair,bird,-0.00018601864576339722,5.8979168534279115e-05,False
proser,placeholder,far,4848,bottle,automobile,0.00017312169075012207,5.8979168534279115e-05,True
proser,placeholder,far,4851,sunflower,bird,0.00013535469770431519,5.8979168534279115e-05,True
proser,placeholder,far,4859,clock,cat,-5.245208740234375e-05,5.8979168534279115e-05,False
proser,placeholder,far,4863,bowl,ship,-9.754300117492676e-05,5.8979168534279115e-05,False
proser,placeholder,far,4910,wardrobe,cat,-2.9802322387695312e-06,5.8979168534279115e-05,False
proser,placeholder,far,4918,chair,cat,0.0002567023038864136,5.8979168534279115e-05,True
proser,placeholder,far,4933,wardrobe,truck,3.7007033824920654e-05,5.8979168534279115e-05,False
proser,placeholder,far,4947,wardrobe,cat,-0.0003451034426689148,5.8979168534279115e-05,False
proser,placeholder,far,4956,bottle,cat,3.102421760559082e-05,5.8979168534279115e-05,False
proser,placeholder,far,4968,mushroom,deer,0.0002370774745941162,5.8979168534279115e-05,True
proser,placeholder,far,4981,bottle,ship,-7.946044206619263e-05,5.8979168534279115e-05,False
proser,placeholder,far,4982,mushroom,bird,-0.00018806010484695435,5.8979168534279115e-05,False
proser,placeholder,far,4986,clock,truck,-0.0001085326075553894,5.8979168534279115e-05,False
proser,placeholder,far,4999,keyboard,frog,0.00015000253915786743,5.8979168534279115e-05,True
proser,placeholder,far,5002,sunflower,frog,0.00010776519775390625,5.8979168534279115e-05,True
proser,placeholder,far,5005,sunflower,bird,9.854882955551147e-05,5.8979168534279115e-05,True
proser,placeholder,far,5030,bottle,frog,0.00013080239295959473,5.8979168534279115e-05,True
proser,placeholder,far,5082,wardrobe,cat,-5.621463060379028e-05,5.8979168534279115e-05,False
proser,placeholder,far,5083,bowl,frog,0.00015678256750106812,5.8979168534279115e-05,True
proser,placeholder,far,5096,chair,airplane,-0.00018391013145446777,5.8979168534279115e-05,False
proser,placeholder,far,5102,bottle,truck,0.0003524571657180786,5.8979168534279115e-05,True
proser,placeholder,far,5127,bowl,cat,0.00022652000188827515,5.8979168534279115e-05,True
proser,placeholder,far,5147,clock,cat,-3.116577863693237e-05,5.8979168534279115e-05,False
proser,placeholder,far,5155,sunflower,dog,0.00014182180166244507,5.8979168534279115e-05,True
proser,placeholder,far,5181,sunflower,cat,-3.415346145629883e-05,5.8979168534279115e-05,False
proser,placeholder,far,5215,wardrobe,cat,0.00016228854656219482,5.8979168534279115e-05,True
proser,placeholder,far,5219,mushroom,cat,-0.00023143738508224487,5.8979168534279115e-05,False
proser,placeholder,far,5236,clock,cat,0.0001413300633430481,5.8979168534279115e-05,True
proser,placeholder,far,5250,keyboard,airplane,0.00021061301231384277,5.8979168534279115e-05,True
proser,placeholder,far,5260,sunflower,bird,-0.0002886578440666199,5.8979168534279115e-05,False
proser,placeholder,far,5282,bowl,bird,0.00018333643674850464,5.8979168534279115e-05,True
proser,placeholder,far,5319,clock,dog,0.00025534629821777344,5.8979168534279115e-05,True
proser,placeholder,far,5324,bottle,ship,0.00028199702501296997,5.8979168534279115e-05,True
proser,placeholder,far,5333,wardrobe,truck,-7.449090480804443e-05,5.8979168534279115e-05,False
proser,placeholder,far,5354,mushroom,bird,0.00010386109352111816,5.8979168534279115e-05,True
proser,placeholder,far,5364,clock,cat,3.89590859413147e-05,5.8979168534279115e-05,False
proser,placeholder,far,5375,mushroom,frog,0.00021642446517944336,5.8979168534279115e-05,True
proser,placeholder,far,5378,keyboard,truck,0.000209905207157135,5.8979168534279115e-05,True
proser,placeholder,far,5386,mushroom,frog,0.00013580918312072754,5.8979168534279115e-05,True
proser,placeholder,far,5387,wardrobe,ship,0.0003606081008911133,5.8979168534279115e-05,True
proser,placeholder,far,5414,clock,cat,-0.00017927587032318115,5.8979168534279115e-05,False
proser,placeholder,far,5428,wardrobe,truck,7.892400026321411e-05,5.8979168534279115e-05,True
proser,placeholder,far,5440,bottle,ship,6.681680679321289e-05,5.8979168534279115e-05,True
proser,placeholder,far,5444,bowl,cat,0.00014900416135787964,5.8979168534279115e-05,True
proser,placeholder,far,5473,chair,bird,-3.069639205932617e-06,5.8979168534279115e-05,False
proser,placeholder,far,5484,mushroom,truck,0.00020760297775268555,5.8979168534279115e-05,True
proser,placeholder,far,5505,keyboard,airplane,0.00016599148511886597,5.8979168534279115e-05,True
proser,placeholder,far,5508,bowl,cat,7.177144289016724e-05,5.8979168534279115e-05,True
proser,placeholder,far,5565,wardrobe,cat,-0.0001377686858177185,5.8979168534279115e-05,False
proser,placeholder,far,5573,sunflower,frog,-0.00011073052883148193,5.8979168534279115e-05,False
proser,placeholder,far,5577,keyboard,frog,-0.00023589283227920532,5.8979168534279115e-05,False
proser,placeholder,far,5587,wardrobe,truck,0.000218905508518219,5.8979168534279115e-05,True
proser,placeholder,far,5603,chair,airplane,-8.34241509437561e-05,5.8979168534279115e-05,False
proser,placeholder,far,5627,mushroom,deer,5.424767732620239e-05,5.8979168534279115e-05,False
proser,placeholder,far,5633,keyboard,frog,-9.388476610183716e-05,5.8979168534279115e-05,False
proser,placeholder,far,5638,mushroom,bird,8.39531421661377e-05,5.8979168534279115e-05,True
proser,placeholder,far,5643,wardrobe,cat,-7.450580596923828e-08,5.8979168534279115e-05,False
proser,placeholder,far,5646,mushroom,bird,3.112107515335083e-05,5.8979168534279115e-05,False
proser,placeholder,far,5659,keyboard,truck,8.638203144073486e-05,5.8979168534279115e-05,True
proser,placeholder,far,5666,wardrobe,cat,-0.00013058632612228394,5.8979168534279115e-05,False
proser,placeholder,far,5680,sunflower,frog,6.076693534851074e-05,5.8979168534279115e-05,True
proser,placeholder,far,5683,chair,airplane,-0.0002791881561279297,5.8979168534279115e-05,False
proser,placeholder,far,5686,bottle,cat,-0.00015466660261154175,5.8979168534279115e-05,False
proser,placeholder,far,5690,clock,airplane,-0.0002648010849952698,5.8979168534279115e-05,False
proser,placeholder,far,5699,chair,ship,-1.7777085304260254e-05,5.8979168534279115e-05,False
proser,placeholder,far,5716,bowl,cat,-3.068894147872925e-05,5.8979168534279115e-05,False
proser,placeholder,far,5740,keyboard,truck,0.0001733824610710144,5.8979168534279115e-05,True
proser,placeholder,far,5742,sunflower,truck,0.00011218339204788208,5.8979168534279115e-05,True
proser,placeholder,far,5768,clock,cat,-7.281452417373657e-05,5.8979168534279115e-05,False
proser,placeholder,far,5777,keyboard,airplane,-0.00015851110219955444,5.8979168534279115e-05,False
proser,placeholder,far,5799,chair,airplane,3.7647783756256104e-05,5.8979168534279115e-05,False
proser,placeholder,far,5810,bottle,ship,-5.278736352920532e-05,5.8979168534279115e-05,False
proser,placeholder,far,5820,mushroom,bird,-0.00013856589794158936,5.8979168534279115e-05,False
proser,placeholder,far,5825,wardrobe,cat,6.07222318649292e-05,5.8979168534279115e-05,True
proser,placeholder,far,5838,mushroom,frog,0.0002393275499343872,5.8979168534279115e-05,True
proser,placeholder,far,5845,clock,airplane,-0.00010310113430023193,5.8979168534279115e-05,False
proser,placeholder,far,5861,sunflower,bird,0.00012539327144622803,5.8979168534279115e-05,True
proser,placeholder,far,5882,bowl,automobile,0.00024094432592391968,5.8979168534279115e-05,True
proser,placeholder,far,5926,chair,airplane,2.672523260116577e-05,5.8979168534279115e-05,False
proser,placeholder,far,5940,keyboard,cat,-0.0003088414669036865,5.8979168534279115e-05,False
proser,placeholder,far,5944,mushroom,cat,-2.362579107284546e-05,5.8979168534279115e-05,False
proser,placeholder,far,5978,clock,ship,9.304285049438477e-05,5.8979168534279115e-05,True
proser,placeholder,far,5981,bottle,cat,-8.638948202133179e-05,5.8979168534279115e-05,False
proser,placeholder,far,5993,bottle,cat,0.00026919692754745483,5.8979168534279115e-05,True
proser,placeholder,far,5995,chair,airplane,2.734363079071045e-06,5.8979168534279115e-05,False
proser,placeholder,far,6015,keyboard,truck,9.514391422271729e-05,5.8979168534279115e-05,True
proser,placeholder,far,6018,bottle,airplane,-4.843622446060181e-05,5.8979168534279115e-05,False
proser,placeholder,far,6025,bottle,cat,6.802380084991455e-05,5.8979168534279115e-05,True
proser,placeholder,far,6030,sunflower,bird,-0.00022248178720474243,5.8979168534279115e-05,False
proser,placeholder,far,6033,bowl,automobile,-3.466010093688965e-05,5.8979168534279115e-05,False
proser,placeholder,far,6042,keyboard,bird,8.071213960647583e-05,5.8979168534279115e-05,True
proser,placeholder,far,6046,wardrobe,cat,-0.00024037063121795654,5.8979168534279115e-05,False
proser,placeholder,far,6069,bowl,cat,0.000128917396068573,5.8979168534279115e-05,True
proser,placeholder,far,6079,bowl,dog,-7.573515176773071e-05,5.8979168534279115e-05,False
proser,placeholder,far,6089,bottle,ship,6.818026304244995e-05,5.8979168534279115e-05,True
proser,placeholder,far,6098,chair,cat,6.608664989471436e-05,5.8979168534279115e-05,True
proser,placeholder,far,6112,keyboard,cat,-0.00011619925498962402,5.8979168534279115e-05,False
proser,placeholder,far,6117,keyboard,airplane,0.00029192864894866943,5.8979168534279115e-05,True
proser,placeholder,far,6131,keyboard,truck,6.964802742004395e-05,5.8979168534279115e-05,True
proser,placeholder,far,6134,keyboard,airplane,0.0002244412899017334,5.8979168534279115e-05,True
proser,placeholder,far,6141,chair,ship,8.493661880493164e-05,5.8979168534279115e-05,True
proser,placeholder,far,6145,keyboard,cat,-6.861984729766846e-05,5.8979168534279115e-05,False
proser,placeholder,far,6152,mushroom,deer,7.089972496032715e-05,5.8979168534279115e-05,True
proser,placeholder,far,6161,wardrobe,truck,-6.660819053649902e-06,5.8979168534279115e-05,False
proser,placeholder,far,6165,clock,cat,0.00024203956127166748,5.8979168534279115e-05,True
proser,placeholder,far,6168,bottle,bird,0.00021892040967941284,5.8979168534279115e-05,True
proser,placeholder,far,6194,mushroom,dog,-3.5978853702545166e-05,5.8979168534279115e-05,False
proser,placeholder,far,6204,wardrobe,bird,-7.072091102600098e-05,5.8979168534279115e-05,False
proser,placeholder,far,6214,bottle,ship,0.00020535290241241455,5.8979168534279115e-05,True
proser,placeholder,far,6215,mushroom,frog,-2.4959444999694824e-05,5.8979168534279115e-05,False
proser,placeholder,far,6217,bottle,frog,0.00025128573179244995,5.8979168534279115e-05,True
proser,placeholder,far,6218,keyboard,frog,-0.0001255720853805542,5.8979168534279115e-05,False
proser,placeholder,far,6233,chair,airplane,-0.00031229108572006226,5.8979168534279115e-05,False
proser,placeholder,far,6237,wardrobe,truck,0.00019162893295288086,5.8979168534279115e-05,True
proser,placeholder,far,6238,clock,ship,0.0001864507794380188,5.8979168534279115e-05,True
proser,placeholder,far,6239,bottle,cat,7.152557373046875e-07,5.8979168534279115e-05,False
proser,placeholder,far,6245,chair,airplane,-6.086379289627075e-05,5.8979168534279115e-05,False
proser,placeholder,far,6252,bowl,ship,7.765740156173706e-05,5.8979168534279115e-05,True
proser,placeholder,far,6254,bowl,cat,-9.986758232116699e-05,5.8979168534279115e-05,False
proser,placeholder,far,6267,clock,automobile,0.0002579912543296814,5.8979168534279115e-05,True
proser,placeholder,far,6269,clock,cat,-6.640702486038208e-05,5.8979168534279115e-05,False
proser,placeholder,far,6297,keyboard,bird,0.00025169551372528076,5.8979168534279115e-05,True
proser,placeholder,far,6298,keyboard,cat,-0.00022776424884796143,5.8979168534279115e-05,False
proser,placeholder,far,6327,bowl,cat,3.28943133354187e-05,5.8979168534279115e-05,False
proser,placeholder,far,6340,keyboard,airplane,7.268786430358887e-05,5.8979168534279115e-05,True
proser,placeholder,far,6364,chair,airplane,0.00021670013666152954,5.8979168534279115e-05,True
proser,placeholder,far,6370,keyboard,cat,0.00022141635417938232,5.8979168534279115e-05,True
proser,placeholder,far,6388,sunflower,bird,-2.1576881408691406e-05,5.8979168534279115e-05,False
proser,placeholder,far,6390,wardrobe,truck,-0.00016239285469055176,5.8979168534279115e-05,False
proser,placeholder,far,6413,wardrobe,cat,-6.976723670959473e-05,5.8979168534279115e-05,False
proser,placeholder,far,6419,keyboard,airplane,-0.00016164779663085938,5.8979168534279115e-05,False
proser,placeholder,far,6421,sunflower,frog,0.00020528584718704224,5.8979168534279115e-05,True
proser,placeholder,far,6423,wardrobe,truck,-0.0002030506730079651,5.8979168534279115e-05,False
proser,placeholder,far,6440,bottle,cat,0.0001713484525680542,5.8979168534279115e-05,True
proser,placeholder,far,6472,bottle,ship,-0.00019133836030960083,5.8979168534279115e-05,False
proser,placeholder,far,6482,clock,ship,0.00016605108976364136,5.8979168534279115e-05,True
proser,placeholder,far,6490,clock,automobile,-1.4059245586395264e-05,5.8979168534279115e-05,False
proser,placeholder,far,6491,chair,airplane,-0.0002790018916130066,5.8979168534279115e-05,False
proser,placeholder,far,6500,clock,cat,0.00016586482524871826,5.8979168534279115e-05,True
proser,placeholder,far,6507,bottle,cat,9.716302156448364e-05,5.8979168534279115e-05,True
proser,placeholder,far,6508,clock,bird,0.00018008798360824585,5.8979168534279115e-05,True
proser,placeholder,far,6510,keyboard,truck,0.00017340481281280518,5.8979168534279115e-05,True
proser,placeholder,far,6512,wardrobe,horse,0.00017139315605163574,5.8979168534279115e-05,True
proser,placeholder,far,6519,bowl,frog,0.00015944242477416992,5.8979168534279115e-05,True
proser,placeholder,far,6543,keyboard,truck,-1.3634562492370605e-05,5.8979168534279115e-05,False
proser,placeholder,far,6558,mushroom,bird,-0.00020732730627059937,5.8979168534279115e-05,False
proser,placeholder,far,6559,bowl,cat,0.00022823363542556763,5.8979168534279115e-05,True
proser,placeholder,far,6565,bowl,frog,-0.0002134963870048523,5.8979168534279115e-05,False
proser,placeholder,far,6575,mushroom,truck,6.444007158279419e-05,5.8979168534279115e-05,True
proser,placeholder,far,6594,chair,bird,0.00013396143913269043,5.8979168534279115e-05,True
proser,placeholder,far,6602,bottle,ship,-8.149445056915283e-05,5.8979168534279115e-05,False
proser,placeholder,far,6619,chair,airplane,0.00017400085926055908,5.8979168534279115e-05,True
proser,placeholder,far,6647,sunflower,bird,0.00032477080821990967,5.8979168534279115e-05,True
proser,placeholder,far,6655,chair,airplane,0.00016411393880844116,5.8979168534279115e-05,True
proser,placeholder,far,6657,clock,ship,0.000301554799079895,5.8979168534279115e-05,True
proser,placeholder,far,6668,mushroom,cat,1.3381242752075195e-05,5.8979168534279115e-05,False
proser,placeholder,far,6673,clock,cat,-0.00029061734676361084,5.8979168534279115e-05,False
proser,placeholder,far,6679,mushroom,ship,0.00018468499183654785,5.8979168534279115e-05,True
proser,placeholder,far,6681,mushroom,cat,0.00017532706260681152,5.8979168534279115e-05,True
proser,placeholder,far,6687,sunflower,bird,-8.121132850646973e-06,5.8979168534279115e-05,False
proser,placeholder,far,6695,keyboard,bird,0.00022707879543304443,5.8979168534279115e-05,True
proser,placeholder,far,6729,mushroom,bird,0.0001182854175567627,5.8979168534279115e-05,True
proser,placeholder,far,6733,keyboard,horse,0.00017878413200378418,5.8979168534279115e-05,True
proser,placeholder,far,6734,keyboard,truck,0.0001252293586730957,5.8979168534279115e-05,True
proser,placeholder,far,6760,keyboard,airplane,0.00010917335748672485,5.8979168534279115e-05,True
proser,placeholder,far,6772,bowl,ship,6.449967622756958e-05,5.8979168534279115e-05,True
proser,placeholder,far,6774,clock,bird,-8.563697338104248e-05,5.8979168534279115e-05,False
proser,placeholder,far,6777,keyboard,truck,-0.00010336935520172119,5.8979168534279115e-05,False
proser,placeholder,far,6783,wardrobe,truck,2.919137477874756e-05,5.8979168534279115e-05,False
proser,placeholder,far,6788,bottle,truck,0.00024703890085220337,5.8979168534279115e-05,True
proser,placeholder,far,6795,clock,frog,0.00031910091638565063,5.8979168534279115e-05,True
proser,placeholder,far,6804,bowl,cat,-0.00011135637760162354,5.8979168534279115e-05,False
proser,placeholder,far,6809,wardrobe,cat,-0.00017139315605163574,5.8979168534279115e-05,False
proser,placeholder,far,6823,wardrobe,cat,-6.567686796188354e-05,5.8979168534279115e-05,False
proser,placeholder,far,6841,clock,ship,0.00024487078189849854,5.8979168534279115e-05,True
proser,placeholder,far,6843,sunflower,frog,2.8312206268310547e-05,5.8979168534279115e-05,False
proser,placeholder,far,6845,sunflower,bird,-9.641051292419434e-06,5.8979168534279115e-05,False
proser,placeholder,far,6859,bowl,frog,7.464736700057983e-05,5.8979168534279115e-05,True
proser,placeholder,far,6863,wardrobe,cat,-7.176399230957031e-05,5.8979168534279115e-05,False
proser,placeholder,far,6886,bottle,ship,0.000288352370262146,5.8979168534279115e-05,True
proser,placeholder,far,6890,clock,cat,0.00021710246801376343,5.8979168534279115e-05,True
proser,placeholder,far,6899,bottle,ship,-0.00011543929576873779,5.8979168534279115e-05,False
proser,placeholder,far,6907,keyboard,truck,-0.00012390315532684326,5.8979168534279115e-05,False
proser,placeholder,far,6911,mushroom,deer,0.000192984938621521,5.8979168534279115e-05,True
proser,placeholder,far,6928,sunflower,frog,0.00010047107934951782,5.8979168534279115e-05,True
proser,placeholder,far,6943,chair,airplane,-0.0001887977123260498,5.8979168534279115e-05,False
proser,placeholder,far,6965,mushroom,cat,2.300739288330078e-05,5.8979168534279115e-05,False
proser,placeholder,far,6981,clock,ship,3.4652650356292725e-05,5.8979168534279115e-05,False
proser,placeholder,far,6998,keyboard,cat,0.00024347007274627686,5.8979168534279115e-05,True
proser,placeholder,far,7012,bottle,cat,-0.00015163421630859375,5.8979168534279115e-05,False
proser,placeholder,far,7017,sunflower,truck,0.00021370500326156616,5.8979168534279115e-05,True
proser,placeholder,far,7060,mushroom,frog,4.3839216232299805e-05,5.8979168534279115e-05,False
proser,placeholder,far,7063,chair,airplane,0.00012674927711486816,5.8979168534279115e-05,True
proser,placeholder,far,7077,bottle,frog,0.00013140588998794556,5.8979168534279115e-05,True
proser,placeholder,far,7093,bottle,dog,2.115964889526367e-06,5.8979168534279115e-05,False
proser,placeholder,far,7096,keyboard,horse,0.0002413243055343628,5.8979168534279115e-05,True
proser,placeholder,far,7104,mushroom,dog,-1.8075108528137207e-05,5.8979168534279115e-05,False
proser,placeholder,far,7123,wardrobe,cat,-2.440810203552246e-05,5.8979168534279115e-05,False
proser,placeholder,far,7161,bowl,cat,2.7388334274291992e-05,5.8979168534279115e-05,False
proser,placeholder,far,7171,wardrobe,truck,1.564621925354004e-07,5.8979168534279115e-05,False
proser,placeholder,far,7181,mushroom,frog,-0.00011282414197921753,5.8979168534279115e-05,False
proser,placeholder,far,7192,chair,cat,-0.00019510090351104736,5.8979168534279115e-05,False
proser,placeholder,far,7224,clock,truck,-1.7568469047546387e-05,5.8979168534279115e-05,False
proser,placeholder,far,7229,mushroom,frog,0.00015275925397872925,5.8979168534279115e-05,True
proser,placeholder,far,7258,sunflower,frog,2.533942461013794e-05,5.8979168534279115e-05,False
proser,placeholder,far,7259,bottle,truck,-2.6702880859375e-05,5.8979168534279115e-05,False
proser,placeholder,far,7275,clock,automobile,2.421438694000244e-05,5.8979168534279115e-05,False
proser,placeholder,far,7284,mushroom,cat,0.00024496763944625854,5.8979168534279115e-05,True
proser,placeholder,far,7285,wardrobe,horse,0.0003084242343902588,5.8979168534279115e-05,True
proser,placeholder,far,7291,chair,bird,0.00020597875118255615,5.8979168534279115e-05,True
proser,placeholder,far,7319,chair,truck,0.0002818778157234192,5.8979168534279115e-05,True
proser,placeholder,far,7328,sunflower,bird,0.00027382373809814453,5.8979168534279115e-05,True
proser,placeholder,far,7345,bowl,ship,7.00727105140686e-05,5.8979168534279115e-05,True
proser,placeholder,far,7356,mushroom,bird,8.14199447631836e-05,5.8979168534279115e-05,True
proser,placeholder,far,7362,clock,automobile,0.00016985833644866943,5.8979168534279115e-05,True
proser,placeholder,far,7406,bottle,bird,0.00011189281940460205,5.8979168534279115e-05,True
proser,placeholder,far,7415,bottle,ship,0.0003017410635948181,5.8979168534279115e-05,True
proser,placeholder,far,7423,bottle,automobile,0.00024114549160003662,5.8979168534279115e-05,True
proser,placeholder,far,7425,mushroom,dog,0.00019168853759765625,5.8979168534279115e-05,True
proser,placeholder,far,7428,bowl,ship,9.528547525405884e-05,5.8979168534279115e-05,True
proser,placeholder,far,7437,wardrobe,cat,-5.2385032176971436e-05,5.8979168534279115e-05,False
proser,placeholder,far,7443,bottle,cat,-0.0004150494933128357,5.8979168534279115e-05,False
proser,placeholder,far,7456,chair,truck,0.000309675931930542,5.8979168534279115e-05,True
proser,placeholder,far,7469,wardrobe,truck,4.477798938751221e-05,5.8979168534279115e-05,False
proser,placeholder,far,7483,mushroom,frog,-0.00015794485807418823,5.8979168534279115e-05,False
proser,placeholder,far,7499,chair,truck,-7.323920726776123e-06,5.8979168534279115e-05,False
proser,placeholder,far,7515,bowl,frog,0.00010769069194793701,5.8979168534279115e-05,True
proser,placeholder,far,7535,chair,truck,0.00012254714965820312,5.8979168534279115e-05,True
proser,placeholder,far,7542,chair,cat,0.0001445189118385315,5.8979168534279115e-05,True
proser,placeholder,far,7543,chair,truck,8.82372260093689e-05,5.8979168534279115e-05,True
proser,placeholder,far,7604,wardrobe,cat,8.478760719299316e-06,5.8979168534279115e-05,False
proser,placeholder,far,7606,wardrobe,cat,5.788356065750122e-05,5.8979168534279115e-05,False
proser,placeholder,far,7607,wardrobe,cat,8.009374141693115e-05,5.8979168534279115e-05,True
proser,placeholder,far,7616,sunflower,dog,0.00029694288969039917,5.8979168534279115e-05,True
proser,placeholder,far,7619,mushroom,cat,0.0001673474907875061,5.8979168534279115e-05,True
proser,placeholder,far,7626,clock,ship,3.65525484085083e-05,5.8979168534279115e-05,False
proser,placeholder,far,7632,mushroom,frog,-7.883459329605103e-05,5.8979168534279115e-05,False
proser,placeholder,far,7654,keyboard,truck,0.00012234598398208618,5.8979168534279115e-05,True
proser,placeholder,far,7683,sunflower,dog,5.32492995262146e-05,5.8979168534279115e-05,False
proser,placeholder,far,7694,wardrobe,cat,-0.0002044960856437683,5.8979168534279115e-05,False
proser,placeholder,far,7698,keyboard,cat,-2.8975307941436768e-05,5.8979168534279115e-05,False
proser,placeholder,far,7714,mushroom,truck,0.000204429030418396,5.8979168534279115e-05,True
proser,placeholder,far,7728,bottle,cat,0.00016584992408752441,5.8979168534279115e-05,True
proser,placeholder,far,7737,bowl,automobile,0.00010859966278076172,5.8979168534279115e-05,True
proser,placeholder,far,7739,keyboard,cat,8.612126111984253e-05,5.8979168534279115e-05,True
proser,placeholder,far,7755,sunflower,frog,0.00011353194713592529,5.8979168534279115e-05,True
proser,placeholder,far,7756,mushroom,deer,0.00021772831678390503,5.8979168534279115e-05,True
proser,placeholder,far,7776,sunflower,bird,7.400661706924438e-05,5.8979168534279115e-05,True
proser,placeholder,far,7781,keyboard,airplane,0.00021739304065704346,5.8979168534279115e-05,True
proser,placeholder,far,7784,bowl,dog,3.813207149505615e-05,5.8979168534279115e-05,False
proser,placeholder,far,7785,mushroom,dog,-8.016824722290039e-06,5.8979168534279115e-05,False
proser,placeholder,far,7787,mushroom,cat,7.639080286026001e-05,5.8979168534279115e-05,True
proser,placeholder,far,7795,bowl,frog,2.0526349544525146e-05,5.8979168534279115e-05,False
proser,placeholder,far,7804,bowl,ship,0.00011408329010009766,5.8979168534279115e-05,True
proser,placeholder,far,7828,wardrobe,truck,-1.3887882232666016e-05,5.8979168534279115e-05,False
proser,placeholder,far,7850,bottle,automobile,0.00029297173023223877,5.8979168534279115e-05,True
proser,placeholder,far,7868,keyboard,airplane,-0.00011004507541656494,5.8979168534279115e-05,False
proser,placeholder,far,7917,clock,dog,0.00020919740200042725,5.8979168534279115e-05,True
proser,placeholder,far,7923,clock,cat,0.00013316422700881958,5.8979168534279115e-05,True
proser,placeholder,far,7933,clock,truck,8.635967969894409e-05,5.8979168534279115e-05,True
proser,placeholder,far,7957,keyboard,airplane,6.137043237686157e-05,5.8979168534279115e-05,True
proser,placeholder,far,7959,clock,airplane,-1.3887882232666016e-05,5.8979168534279115e-05,False
proser,placeholder,far,7982,chair,cat,2.3677945137023926e-05,5.8979168534279115e-05,False
proser,placeholder,far,7989,sunflower,bird,-3.7476420402526855e-06,5.8979168534279115e-05,False
proser,placeholder,far,7991,sunflower,dog,2.3290514945983887e-05,5.8979168534279115e-05,False
proser,placeholder,far,8004,bowl,cat,2.4005770683288574e-05,5.8979168534279115e-05,False
proser,placeholder,far,8013,bowl,frog,2.572685480117798e-05,5.8979168534279115e-05,False
proser,placeholder,far,8022,chair,truck,0.00017095357179641724,5.8979168534279115e-05,True
proser,placeholder,far,8036,clock,truck,9.620189666748047e-05,5.8979168534279115e-05,True
proser,placeholder,far,8058,keyboard,airplane,7.124245166778564e-05,5.8979168534279115e-05,True
proser,placeholder,far,8068,sunflower,frog,-0.00023461878299713135,5.8979168534279115e-05,False
proser,placeholder,far,8074,clock,dog,0.00017415732145309448,5.8979168534279115e-05,True
proser,placeholder,far,8088,bottle,dog,0.00016449391841888428,5.8979168534279115e-05,True
proser,placeholder,far,8090,bottle,ship,0.00013959407806396484,5.8979168534279115e-05,True
proser,placeholder,far,8122,clock,cat,0.00032360851764678955,5.8979168534279115e-05,True
proser,placeholder,far,8166,sunflower,dog,0.00027923285961151123,5.8979168534279115e-05,True
proser,placeholder,far,8209,chair,airplane,6.202608346939087e-05,5.8979168534279115e-05,True
proser,placeholder,far,8233,keyboard,dog,-1.3589859008789062e-05,5.8979168534279115e-05,False
proser,placeholder,far,8236,wardrobe,truck,-0.0002693384885787964,5.8979168534279115e-05,False
proser,placeholder,far,8244,wardrobe,cat,-3.5390257835388184e-05,5.8979168534279115e-05,False
proser,placeholder,far,8309,bottle,ship,-2.5764107704162598e-05,5.8979168534279115e-05,False
proser,placeholder,far,8312,keyboard,airplane,1.4930963516235352e-05,5.8979168534279115e-05,False
proser,placeholder,far,8317,bottle,cat,-7.886439561843872e-05,5.8979168534279115e-05,False
proser,placeholder,far,8335,bowl,cat,4.715472459793091e-05,5.8979168534279115e-05,False
proser,placeholder,far,8369,keyboard,truck,-0.00021595507860183716,5.8979168534279115e-05,False
proser,placeholder,far,8378,sunflower,bird,2.5682151317596436e-05,5.8979168534279115e-05,False
proser,placeholder,far,8406,keyboard,airplane,-3.8467347621917725e-05,5.8979168534279115e-05,False
proser,placeholder,far,8453,keyboard,airplane,4.138052463531494e-05,5.8979168534279115e-05,False
proser,placeholder,far,8462,bottle,truck,0.00017079710960388184,5.8979168534279115e-05,True
proser,placeholder,far,8470,sunflower,bird,3.98978590965271e-05,5.8979168534279115e-05,False
proser,placeholder,far,8472,keyboard,airplane,7.7076256275177e-05,5.8979168534279115e-05,True
proser,placeholder,far,8475,sunflower,bird,-0.00019934773445129395,5.8979168534279115e-05,False
proser,placeholder,far,8498,chair,bird,-0.00021459907293319702,5.8979168534279115e-05,False
proser,placeholder,far,8505,mushroom,bird,-0.0002871379256248474,5.8979168534279115e-05,False
proser,placeholder,far,8521,keyboard,dog,0.00031060725450515747,5.8979168534279115e-05,True
proser,placeholder,far,8531,wardrobe,truck,3.1813979148864746e-06,5.8979168534279115e-05,False
proser,placeholder,far,8549,mushroom,frog,-0.0002638101577758789,5.8979168534279115e-05,False
proser,placeholder,far,8568,bowl,airplane,-0.0001012161374092102,5.8979168534279115e-05,False
proser,placeholder,far,8572,clock,automobile,-0.00015526264905929565,5.8979168534279115e-05,False
proser,placeholder,far,8576,wardrobe,cat,-0.00014979392290115356,5.8979168534279115e-05,False
proser,placeholder,far,8579,keyboard,cat,-0.00010713189840316772,5.8979168534279115e-05,False
proser,placeholder,far,8581,sunflower,airplane,0.00018960237503051758,5.8979168534279115e-05,True
proser,placeholder,far,8590,bowl,dog,9.23648476600647e-05,5.8979168534279115e-05,True
proser,placeholder,far,8616,sunflower,bird,-0.0001780390739440918,5.8979168534279115e-05,False
proser,placeholder,far,8644,bottle,frog,3.3229589462280273e-06,5.8979168534279115e-05,False
proser,placeholder,far,8656,bowl,cat,-4.0143728256225586e-05,5.8979168534279115e-05,False
proser,placeholder,far,8666,chair,airplane,-2.693384885787964e-05,5.8979168534279115e-05,False
proser,placeholder,far,8689,sunflower,dog,-0.00017702579498291016,5.8979168534279115e-05,False
proser,placeholder,far,8701,mushroom,dog,-0.0002712160348892212,5.8979168534279115e-05,False
proser,placeholder,far,8707,mushroom,bird,2.8565526008605957e-05,5.8979168534279115e-05,False
proser,placeholder,far,8722,bowl,cat,0.0002240017056465149,5.8979168534279115e-05,True
proser,placeholder,far,8730,sunflower,truck,0.0003010854125022888,5.8979168534279115e-05,True
proser,placeholder,far,8736,sunflower,bird,-0.0002496764063835144,5.8979168534279115e-05,False
proser,placeholder,far,8740,wardrobe,cat,-0.00018905103206634521,5.8979168534279115e-05,False
proser,placeholder,far,8753,chair,truck,0.00017005205154418945,5.8979168534279115e-05,True
proser,placeholder,far,8757,wardrobe,cat,0.00024852901697158813,5.8979168534279115e-05,True
proser,placeholder,far,8785,sunflower,bird,4.693120718002319e-05,5.8979168534279115e-05,False
proser,placeholder,far,8788,mushroom,bird,-1.9490718841552734e-05,5.8979168534279115e-05,False
proser,placeholder,far,8804,wardrobe,cat,-8.795410394668579e-05,5.8979168534279115e-05,False
proser,placeholder,far,8812,bottle,automobile,0.00011532753705978394,5.8979168534279115e-05,True
proser,placeholder,far,8829,mushroom,cat,-5.6274235248565674e-05,5.8979168534279115e-05,False
proser,placeholder,far,8866,sunflower,bird,-0.00017783045768737793,5.8979168534279115e-05,False
proser,placeholder,far,8867,sunflower,airplane,8.097290992736816e-05,5.8979168534279115e-05,True
proser,placeholder,far,8868,wardrobe,cat,0.0001216307282447815,5.8979168534279115e-05,True
proser,placeholder,far,8881,sunflower,dog,9.349733591079712e-05,5.8979168534279115e-05,True
proser,placeholder,far,8889,wardrobe,cat,-0.00024928152561187744,5.8979168534279115e-05,False
proser,placeholder,far,8930,wardrobe,cat,5.7891011238098145e-05,5.8979168534279115e-05,False
proser,placeholder,far,8949,clock,cat,0.00023861229419708252,5.8979168534279115e-05,True
proser,placeholder,far,8962,mushroom,dog,0.0002503246068954468,5.8979168534279115e-05,True
proser,placeholder,far,8985,sunflower,bird,0.00015272200107574463,5.8979168534279115e-05,True
proser,placeholder,far,8994,keyboard,airplane,-0.0002798736095428467,5.8979168534279115e-05,False
proser,placeholder,far,9003,chair,bird,4.7497451305389404e-05,5.8979168534279115e-05,False
proser,placeholder,far,9012,keyboard,cat,-3.170222043991089e-05,5.8979168534279115e-05,False
proser,placeholder,far,9044,bottle,bird,-0.00012703239917755127,5.8979168534279115e-05,False
proser,placeholder,far,9052,bottle,truck,9.810924530029297e-05,5.8979168534279115e-05,True
proser,placeholder,far,9053,sunflower,dog,0.00013822317123413086,5.8979168534279115e-05,True
proser,placeholder,far,9056,chair,airplane,-0.00011408329010009766,5.8979168534279115e-05,False
proser,placeholder,far,9059,wardrobe,cat,0.0001663491129875183,5.8979168534279115e-05,True
proser,placeholder,far,9087,chair,cat,0.0001058727502822876,5.8979168534279115e-05,True
proser,placeholder,far,9089,chair,airplane,2.3186206817626953e-05,5.8979168534279115e-05,False
proser,placeholder,far,9095,mushroom,cat,0.00013068318367004395,5.8979168534279115e-05,True
proser,placeholder,far,9102,bowl,frog,-0.0001226961612701416,5.8979168534279115e-05,False
proser,placeholder,far,9103,mushroom,bird,-0.0002349764108657837,5.8979168534279115e-05,False
proser,placeholder,far,9107,bottle,dog,0.00031735748052597046,5.8979168534279115e-05,True
proser,placeholder,far,9122,keyboard,airplane,0.00013141334056854248,5.8979168534279115e-05,True
proser,placeholder,far,9125,mushroom,bird,5.628913640975952e-05,5.8979168534279115e-05,False
proser,placeholder,far,9126,bottle,truck,-1.9744038581848145e-06,5.8979168534279115e-05,False
proser,placeholder,far,9149,wardrobe,truck,-0.00013946741819381714,5.8979168534279115e-05,False
proser,placeholder,far,9172,clock,ship,0.0002710297703742981,5.8979168534279115e-05,True
proser,placeholder,far,9174,sunflower,airplane,0.00022235512733459473,5.8979168534279115e-05,True
proser,placeholder,far,9177,bowl,frog,0.00025171786546707153,5.8979168534279115e-05,True
proser,placeholder,far,9186,wardrobe,truck,0.00011435896158218384,5.8979168534279115e-05,True
proser,placeholder,far,9193,mushroom,cat,-0.00021105259656906128,5.8979168534279115e-05,False
proser,placeholder,far,9209,sunflower,bird,9.60230827331543e-05,5.8979168534279115e-05,True
proser,placeholder,far,9212,wardrobe,dog,2.5033950805664062e-06,5.8979168534279115e-05,False
proser,placeholder,far,9256,sunflower,dog,0.00018452107906341553,5.8979168534279115e-05,True
proser,placeholder,far,9262,keyboard,airplane,0.00013339519500732422,5.8979168534279115e-05,True
proser,placeholder,far,9270,wardrobe,cat,-9.328126907348633e-05,5.8979168534279115e-05,False
proser,placeholder,far,9303,clock,automobile,-0.00012079626321792603,5.8979168534279115e-05,False
proser,placeholder,far,9307,wardrobe,cat,-0.00024844706058502197,5.8979168534279115e-05,False
proser,placeholder,far,9315,sunflower,bird,4.46811318397522e-05,5.8979168534279115e-05,False
proser,placeholder,far,9321,clock,deer,1.6480684280395508e-05,5.8979168534279115e-05,False
proser,placeholder,far,9344,chair,airplane,0.00012791156768798828,5.8979168534279115e-05,True
proser,placeholder,far,9347,bottle,cat,0.0001416131854057312,5.8979168534279115e-05,True
proser,placeholder,far,9357,bottle,ship,0.00012005120515823364,5.8979168534279115e-05,True
proser,placeholder,far,9396,sunflower,cat,0.00020634382963180542,5.8979168534279115e-05,True
proser,placeholder,far,9397,bowl,dog,0.0003841966390609741,5.8979168534279115e-05,True
proser,placeholder,far,9409,chair,airplane,0.00011999160051345825,5.8979168534279115e-05,True
proser,placeholder,far,9421,keyboard,truck,0.00021927803754806519,5.8979168534279115e-05,True
proser,placeholder,far,9431,sunflower,dog,-0.0001337677240371704,5.8979168534279115e-05,False
proser,placeholder,far,9433,sunflower,deer,5.2325427532196045e-05,5.8979168534279115e-05,False
proser,placeholder,far,9471,clock,deer,0.00020931661128997803,5.8979168534279115e-05,True
proser,placeholder,far,9492,bowl,ship,-0.00025759637355804443,5.8979168534279115e-05,False
proser,placeholder,far,9532,sunflower,frog,8.413940668106079e-05,5.8979168534279115e-05,True
proser,placeholder,far,9533,clock,bird,5.7093799114227295e-05,5.8979168534279115e-05,False
proser,placeholder,far,9558,clock,automobile,0.00012476742267608643,5.8979168534279115e-05,True
proser,placeholder,far,9561,bowl,frog,-0.00020463019609451294,5.8979168534279115e-05,False
proser,placeholder,far,9593,chair,airplane,0.00010380148887634277,5.8979168534279115e-05,True
proser,placeholder,far,9594,clock,bird,0.00010386109352111816,5.8979168534279115e-05,True
proser,placeholder,far,9600,chair,airplane,-0.00017964839935302734,5.8979168534279115e-05,False
proser,placeholder,far,9657,wardrobe,cat,-7.744133472442627e-05,5.8979168534279115e-05,False
proser,placeholder,far,9669,bowl,ship,0.00013650953769683838,5.8979168534279115e-05,True
proser,placeholder,far,9681,sunflower,cat,-0.00011562556028366089,5.8979168534279115e-05,False
proser,placeholder,far,9711,sunflower,bird,-6.950646638870239e-05,5.8979168534279115e-05,False
proser,placeholder,far,9716,bottle,cat,1.665949821472168e-05,5.8979168534279115e-05,False
proser,placeholder,far,9731,bowl,automobile,0.00015234202146530151,5.8979168534279115e-05,True
proser,placeholder,far,9734,wardrobe,cat,1.971423625946045e-05,5.8979168534279115e-05,False
proser,placeholder,far,9736,keyboard,bird,0.00019238144159317017,5.8979168534279115e-05,True
proser,placeholder,far,9742,keyboard,frog,0.000258810818195343,5.8979168534279115e-05,True
proser,placeholder,far,9755,bottle,frog,-0.00012667477130889893,5.8979168534279115e-05,False
proser,placeholder,far,9766,keyboard,cat,2.0697712898254395e-05,5.8979168534279115e-05,False
proser,placeholder,far,9775,sunflower,bird,-0.00020103156566619873,5.8979168534279115e-05,False
proser,placeholder,far,9778,mushroom,bird,-0.0002640560269355774,5.8979168534279115e-05,False
proser,placeholder,far,9795,bowl,airplane,0.00018914788961410522,5.8979168534279115e-05,True
proser,placeholder,far,9826,mushroom,deer,0.00015658140182495117,5.8979168534279115e-05,True
proser,placeholder,far,9847,mushroom,bird,-8.559226989746094e-05,5.8979168534279115e-05,False
proser,placeholder,far,9857,bottle,truck,0.0001676306128501892,5.8979168534279115e-05,True
proser,placeholder,far,9873,chair,airplane,0.00010794401168823242,5.8979168534279115e-05,True
proser,placeholder,far,9876,sunflower,cat,0.00020106136798858643,5.8979168534279115e-05,True
proser,placeholder,far,9907,sunflower,frog,2.3536384105682373e-05,5.8979168534279115e-05,False
proser,placeholder,far,9920,sunflower,cat,1.6167759895324707e-05,5.8979168534279115e-05,False
proser,placeholder,far,9940,sunflower,dog,0.00029437243938446045,5.8979168534279115e-05,True
proser,placeholder,far,9967,bottle,dog,4.646182060241699e-05,5.8979168534279115e-05,False
proser,placeholder,far,9997,mushroom,airplane,-3.4302473068237305e-05,5.8979168534279115e-05,False
